  0
SECTION
  2
HEADER
  9
$ACADVER
  1
AC1032
  9
$ACADMAINTVER
 90
       55
  9
$DWGCODEPAGE
  3
ANSI_1251
  9
$LASTSAVEDBY
  1
NeoProg
  9
$REQUIREDVERSIONS
160
                 0
  9
$INSBASE
 10
0.0
 20
0.0
 30
0.0
  9
$EXTMIN
 10
0.0
 20
-805.6748709772426
 30
0.0
  9
$EXTMAX
 10
1552.647672533721
 20
338.2647860360591
 30
0.0
  9
$LIMMIN
 10
0.0
 20
0.0
  9
$LIMMAX
 10
420.0
 20
297.0
  9
$ORTHOMODE
 70
     0
  9
$REGENMODE
 70
     1
  9
$FILLMODE
 70
     1
  9
$QTEXTMODE
 70
     0
  9
$MIRRTEXT
 70
     1
  9
$LTSCALE
 40
1.0
  9
$ATTMODE
 70
     1
  9
$TEXTSIZE
 40
2.5
  9
$TRACEWID
 40
1.0
  9
$TEXTSTYLE
  7
Standard
  9
$CLAYER
  8
0
  9
$CELTYPE
  6
ByLayer
  9
$CECOLOR
 62
   256
  9
$CELTSCALE
 40
1.0
  9
$DISPSILH
 70
     0
  9
$DIMSCALE
 40
1.0
  9
$DIMASZ
 40
2.5
  9
$DIMEXO
 40
0.625
  9
$DIMDLI
 40
3.75
  9
$DIMRND
 40
0.0
  9
$DIMDLE
 40
0.0
  9
$DIMEXE
 40
1.25
  9
$DIMTP
 40
0.0
  9
$DIMTM
 40
0.0
  9
$DIMTXT
 40
2.5
  9
$DIMCEN
 40
2.5
  9
$DIMTSZ
 40
0.0
  9
$DIMTOL
 70
     0
  9
$DIMLIM
 70
     0
  9
$DIMTIH
 70
     0
  9
$DIMTOH
 70
     0
  9
$DIMSE1
 70
     0
  9
$DIMSE2
 70
     0
  9
$DIMTAD
 70
     1
  9
$DIMZIN
 70
     8
  9
$DIMBLK
  1

  9
$DIMASO
 70
     1
  9
$DIMSHO
 70
     1
  9
$DIMPOST
  1

  9
$DIMAPOST
  1

  9
$DIMALT
 70
     0
  9
$DIMALTD
 70
     3
  9
$DIMALTF
 40
0.03937007874016
  9
$DIMLFAC
 40
1.0
  9
$DIMTOFL
 70
     1
  9
$DIMTVP
 40
0.0
  9
$DIMTIX
 70
     0
  9
$DIMSOXD
 70
     0
  9
$DIMSAH
 70
     0
  9
$DIMBLK1
  1

  9
$DIMBLK2
  1

  9
$DIMSTYLE
  2
ISO-25
  9
$DIMCLRD
 70
     0
  9
$DIMCLRE
 70
     0
  9
$DIMCLRT
 70
     0
  9
$DIMTFAC
 40
1.0
  9
$DIMGAP
 40
0.625
  9
$DIMJUST
 70
     0
  9
$DIMSD1
 70
     0
  9
$DIMSD2
 70
     0
  9
$DIMTOLJ
 70
     0
  9
$DIMTZIN
 70
     8
  9
$DIMALTZ
 70
     0
  9
$DIMALTTZ
 70
     0
  9
$DIMUPT
 70
     0
  9
$DIMDEC
 70
     2
  9
$DIMTDEC
 70
     2
  9
$DIMALTU
 70
     2
  9
$DIMALTTD
 70
     3
  9
$DIMTXSTY
  7
Standard
  9
$DIMAUNIT
 70
     0
  9
$DIMADEC
 70
     0
  9
$DIMALTRND
 40
0.0
  9
$DIMAZIN
 70
     0
  9
$DIMDSEP
 70
    44
  9
$DIMATFIT
 70
     3
  9
$DIMFRAC
 70
     0
  9
$DIMLDRBLK
  1

  9
$DIMLUNIT
 70
     2
  9
$DIMLWD
 70
    -2
  9
$DIMLWE
 70
    -2
  9
$DIMTMOVE
 70
     0
  9
$DIMFXL
 40
1.0
  9
$DIMFXLON
 70
     0
  9
$DIMJOGANG
 40
0.7853981633974483
  9
$DIMTFILL
 70
     0
  9
$DIMTFILLCLR
 70
     0
  9
$DIMARCSYM
 70
     0
  9
$DIMLTYPE
  6

  9
$DIMLTEX1
  6

  9
$DIMLTEX2
  6

  9
$DIMTXTDIRECTION
 70
     0
  9
$LUNITS
 70
     2
  9
$LUPREC
 70
     4
  9
$SKETCHINC
 40
1.0
  9
$FILLETRAD
 40
0.0
  9
$AUNITS
 70
     0
  9
$AUPREC
 70
     0
  9
$MENU
  1
.
  9
$ELEVATION
 40
0.0
  9
$PELEVATION
 40
0.0
  9
$THICKNESS
 40
0.0
  9
$LIMCHECK
 70
     0
  9
$CHAMFERA
 40
0.0
  9
$CHAMFERB
 40
0.0
  9
$CHAMFERC
 40
0.0
  9
$CHAMFERD
 40
0.0
  9
$SKPOLY
 70
     0
  9
$TDCREATE
 40
2461300.732319271
  9
$TDUCREATE
 40
2461300.607319271
  9
$TDUPDATE
 40
2461300.732322824
  9
$TDUUPDATE
 40
2461300.607322824
  9
$TDINDWG
 40
0.0000000116
  9
$TDUSRTIMER
 40
0.0000000116
  9
$USRTIMER
 70
     1
  9
$ANGBASE
 50
0.0
  9
$ANGDIR
 70
     0
  9
$PDMODE
 70
     0
  9
$PDSIZE
 40
0.0
  9
$PLINEWID
 40
0.0
  9
$SPLFRAME
 70
     0
  9
$SPLINETYPE
 70
     6
  9
$SPLINESEGS
 70
     8
  9
$HANDSEED
  5
54D
  9
$SURFTAB1
 70
     6
  9
$SURFTAB2
 70
     6
  9
$SURFTYPE
 70
     6
  9
$SURFU
 70
     6
  9
$SURFV
 70
     6
  9
$UCSBASE
  2

  9
$UCSNAME
  2

  9
$UCSORG
 10
0.0
 20
0.0
 30
0.0
  9
$UCSXDIR
 10
1.0
 20
0.0
 30
0.0
  9
$UCSYDIR
 10
0.0
 20
1.0
 30
0.0
  9
$UCSORTHOREF
  2

  9
$UCSORTHOVIEW
 70
     0
  9
$UCSORGTOP
 10
0.0
 20
0.0
 30
0.0
  9
$UCSORGBOTTOM
 10
0.0
 20
0.0
 30
0.0
  9
$UCSORGLEFT
 10
0.0
 20
0.0
 30
0.0
  9
$UCSORGRIGHT
 10
0.0
 20
0.0
 30
0.0
  9
$UCSORGFRONT
 10
0.0
 20
0.0
 30
0.0
  9
$UCSORGBACK
 10
0.0
 20
0.0
 30
0.0
  9
$PUCSBASE
  2

  9
$PUCSNAME
  2

  9
$PUCSORG
 10
0.0
 20
0.0
 30
0.0
  9
$PUCSXDIR
 10
1.0
 20
0.0
 30
0.0
  9
$PUCSYDIR
 10
0.0
 20
1.0
 30
0.0
  9
$PUCSORTHOREF
  2

  9
$PUCSORTHOVIEW
 70
     0
  9
$PUCSORGTOP
 10
0.0
 20
0.0
 30
0.0
  9
$PUCSORGBOTTOM
 10
0.0
 20
0.0
 30
0.0
  9
$PUCSORGLEFT
 10
0.0
 20
0.0
 30
0.0
  9
$PUCSORGRIGHT
 10
0.0
 20
0.0
 30
0.0
  9
$PUCSORGFRONT
 10
0.0
 20
0.0
 30
0.0
  9
$PUCSORGBACK
 10
0.0
 20
0.0
 30
0.0
  9
$USERI1
 70
     0
  9
$USERI2
 70
     0
  9
$USERI3
 70
     0
  9
$USERI4
 70
     0
  9
$USERI5
 70
     0
  9
$USERR1
 40
0.0
  9
$USERR2
 40
0.0
  9
$USERR3
 40
0.0
  9
$USERR4
 40
0.0
  9
$USERR5
 40
0.0
  9
$WORLDVIEW
 70
     1
  9
$SHADEDGE
 70
     3
  9
$SHADEDIF
 70
    70
  9
$TILEMODE
 70
     1
  9
$MAXACTVP
 70
    64
  9
$PINSBASE
 10
0.0
 20
0.0
 30
0.0
  9
$PLIMCHECK
 70
     0
  9
$PEXTMIN
 10
1.000000000000000E+20
 20
1.000000000000000E+20
 30
1.000000000000000E+20
  9
$PEXTMAX
 10
-1.000000000000000E+20
 20
-1.000000000000000E+20
 30
-1.000000000000000E+20
  9
$PLIMMIN
 10
0.0
 20
0.0
  9
$PLIMMAX
 10
420.0
 20
297.0
  9
$UNITMODE
 70
     0
  9
$VISRETAIN
 70
     1
  9
$PLINEGEN
 70
     0
  9
$PSLTSCALE
 70
     1
  9
$TREEDEPTH
 70
  3020
  9
$CMLSTYLE
  2
Standard
  9
$CMLJUST
 70
     0
  9
$CMLSCALE
 40
20.0
  9
$PROXYGRAPHICS
 70
     1
  9
$MEASUREMENT
 70
     1
  9
$CELWEIGHT
370
    -1
  9
$ENDCAPS
280
     0
  9
$JOINSTYLE
280
     0
  9
$LWDISPLAY
290
     0
  9
$INSUNITS
 70
     4
  9
$HYPERLINKBASE
  1

  9
$STYLESHEET
  1

  9
$XEDIT
290
     1
  9
$CEPSNTYPE
380
     0
  9
$PSTYLEMODE
290
     1
  9
$FINGERPRINTGUID
  2
{04952f8c-14f8-4d05-a19a-134f07bf9d6f}
  9
$VERSIONGUID
  2
{FAEB1C32-E019-11D5-929B-00C0DF256EC4}
  9
$EXTNAMES
290
     1
  9
$PSVPSCALE
 40
0.0
  9
$OLESTARTUP
290
     0
  9
$SORTENTS
280
   127
  9
$INDEXCTL
280
     0
  9
$HIDETEXT
280
     1
  9
$XCLIPFRAME
280
     2
  9
$HALOGAP
280
     0
  9
$OBSCOLOR
 70
   257
  9
$OBSLTYPE
280
     0
  9
$INTERSECTIONDISPLAY
280
     0
  9
$INTERSECTIONCOLOR
 70
   257
  9
$DIMASSOC
280
     2
  9
$PROJECTNAME
  1

  9
$CAMERADISPLAY
290
     0
  9
$LENSLENGTH
 40
50.0
  9
$CAMERAHEIGHT
 40
0.0
  9
$STEPSPERSEC
 40
2.0
  9
$STEPSIZE
 40
6.0
  9
$3DDWFPREC
 40
2.0
  9
$PSOLWIDTH
 40
5.0
  9
$PSOLHEIGHT
 40
80.0
  9
$LOFTANG1
 40
1.570796326794897
  9
$LOFTANG2
 40
1.570796326794897
  9
$LOFTMAG1
 40
0.0
  9
$LOFTMAG2
 40
0.0
  9
$LOFTPARAM
 70
     7
  9
$LOFTNORMALS
280
     1
  9
$LATITUDE
 40
37.795
  9
$LONGITUDE
 40
-122.394
  9
$NORTHDIRECTION
 40
0.0
  9
$TIMEZONE
 70
 -8000
  9
$LIGHTGLYPHDISPLAY
280
     1
  9
$TILEMODELIGHTSYNCH
280
     1
  9
$CMATERIAL
347
44
  9
$SOLIDHIST
280
     0
  9
$SHOWHIST
280
     1
  9
$DWFFRAME
280
     2
  9
$DGNFRAME
280
     2
  9
$REALWORLDSCALE
290
     1
  9
$INTERFERECOLOR
 62
   256
  9
$CSHADOW
280
     0
  9
$SHADOWPLANELOCATION
 40
0.0
  0
ENDSEC
  0
SECTION
  2
CLASSES
  0
CLASS
  1
ACDBDICTIONARYWDFLT
  2
AcDbDictionaryWithDefault
  3
ObjectDBX Classes
 90
        0
 91
        3
280
     0
281
     0
  0
CLASS
  1
VISUALSTYLE
  2
AcDbVisualStyle
  3
ObjectDBX Classes
 90
     4095
 91
        3
280
     0
281
     0
  0
CLASS
  1
MATERIAL
  2
AcDbMaterial
  3
ObjectDBX Classes
 90
     1153
 91
        3
280
     0
281
     0
  0
CLASS
  1
SCALE
  2
AcDbScale
  3
ObjectDBX Classes
 90
     1153
 91
        3
280
     0
281
     0
  0
CLASS
  1
TABLESTYLE
  2
AcDbTableStyle
  3
ObjectDBX Classes
 90
     4095
 91
        3
280
     0
281
     0
  0
CLASS
  1
MLEADERSTYLE
  2
AcDbMLeaderStyle
  3
ACDB_MLEADERSTYLE_CLASS
 90
     4095
 91
        3
280
     0
281
     0
  0
CLASS
  1
SUN
  2
AcDbSun
  3
SCENEOE
 90
     1153
 91
        3
280
     0
281
     0
  0
CLASS
  1
IMAGEDEF
  2
AcDbRasterImageDef
  3
ISM
 90
        0
 91
        3
280
     0
281
     0
  0
CLASS
  1
RASTERVARIABLES
  2
AcDbRasterVariables
  3
ISM
 90
        0
 91
        3
280
     0
281
     0
  0
CLASS
  1
IMAGE
  2
AcDbRasterImage
  3
ISM
 90
      127
 91
        4
280
     0
281
     1
  0
CLASS
  1
IMAGEDEF_REACTOR
  2
AcDbRasterImageDefReactor
  3
ISM
 90
        1
 91
        3
280
     0
281
     0
  0
CLASS
  1
DICTIONARYVAR
  2
AcDbDictionaryVar
  3
ObjectDBX Classes
 90
        0
 91
        3
280
     0
281
     0
  0
CLASS
  1
CELLSTYLEMAP
  2
AcDbCellStyleMap
  3
ObjectDBX Classes
 90
     1152
 91
        3
280
     0
281
     0
  0
ENDSEC
  0
SECTION
  2
TABLES
  0
TABLE
  2
VPORT
  5
8
330
0
100
AcDbSymbolTable
 70
     1
  0
VPORT
  5
29
330
8
100
AcDbSymbolTableRecord
100
AcDbViewportTableRecord
  2
*Active
 70
     0
 10
0.0
 20
0.0
 11
1.0
 21
1.0
 12
776.3238362668606
 22
-233.7050424705917
 13
0.0
 23
0.0
 14
10.0
 24
10.0
 15
10.0
 25
10.0
 16
0.0
 26
0.0
 36
1.0
 17
0.0
 27
0.0
 37
0.0
 40
1166.818450153568
 41
1.357281096965823
 42
50.0
 43
0.0
 44
0.0
 50
0.0
 51
0.0
 71
     0
 72
   100
 73
     1
 74
     3
 75
     0
 76
     0
 77
     0
 78
     0
281
     0
 65
     1
110
0.0
120
0.0
130
0.0
111
1.0
121
0.0
131
0.0
112
0.0
122
1.0
132
0.0
 79
     0
146
0.0
348
2F
 60
     3
 61
     5
292
     1
282
     1
141
0.0
142
0.0
 63
   250
361
5D
  0
ENDTAB
  0
TABLE
  2
LTYPE
  5
5
330
0
100
AcDbSymbolTable
 70
     3
  0
LTYPE
  5
14
330
5
100
AcDbSymbolTableRecord
100
AcDbLinetypeTableRecord
  2
ByBlock
 70
     0
  3

 72
    65
 73
     0
 40
0.0
  0
LTYPE
  5
15
330
5
100
AcDbSymbolTableRecord
100
AcDbLinetypeTableRecord
  2
ByLayer
 70
     0
  3

 72
    65
 73
     0
 40
0.0
  0
LTYPE
  5
16
330
5
100
AcDbSymbolTableRecord
100
AcDbLinetypeTableRecord
  2
Continuous
 70
     0
  3
Solid line
 72
    65
 73
     0
 40
0.0
  0
LTYPE
  5
6A
330
5
100
AcDbSymbolTableRecord
100
AcDbLinetypeTableRecord
  2
K5LT_BASIC
 70
     0
  3

 72
    65
 73
     0
 40
0.0
  0
LTYPE
  5
99
330
5
100
AcDbSymbolTableRecord
100
AcDbLinetypeTableRecord
  2
K5LT_THIN
 70
     0
  3

 72
    65
 73
     0
 40
0.0
  0
ENDTAB
  0
TABLE
  2
LAYER
  5
2
330
0
100
AcDbSymbolTable
 70
     2
  0
LAYER
  5
10
330
2
100
AcDbSymbolTableRecord
100
AcDbLayerTableRecord
  2
0
 70
     0
 62
     7
  6
Continuous
370
    -3
390
F
347
46
348
0
  0
LAYER
  5
5F
330
2
100
AcDbSymbolTableRecord
100
AcDbLayerTableRecord
  2
Системный слой
 70
     0
 62
     7
  6
Continuous
370
    -3
390
F
347
46
348
0
  0
ENDTAB
  0
TABLE
  2
STYLE
  5
3
330
0
100
AcDbSymbolTable
 70
     2
  0
STYLE
  5
11
330
3
100
AcDbSymbolTableRecord
100
AcDbTextStyleTableRecord
  2
Standard
 70
     0
 40
0.0
 41
1.0
 50
0.0
 71
     0
 42
2.5
  3
txt
  4

  0
STYLE
  5
12F
330
3
100
AcDbSymbolTableRecord
100
AcDbTextStyleTableRecord
  2
KTEXTSTYLE
 70
     0
 40
5.0
 41
0.96
 50
0.0
 71
     0
 42
2.5
  3
GOST_AU.SHX
  4

  0
ENDTAB
  0
TABLE
  2
VIEW
  5
6
330
0
100
AcDbSymbolTable
 70
     0
  0
ENDTAB
  0
TABLE
  2
UCS
  5
7
330
0
100
AcDbSymbolTable
 70
     0
  0
ENDTAB
  0
TABLE
  2
APPID
  5
9
330
0
100
AcDbSymbolTable
 70
     2
  0
APPID
  5
12
330
9
100
AcDbSymbolTableRecord
100
AcDbRegAppTableRecord
  2
ACAD
 70
     0
  0
APPID
  5
5E
330
9
100
AcDbSymbolTableRecord
100
AcDbRegAppTableRecord
  2
KOMPAS
 70
     0
  0
ENDTAB
  0
TABLE
  2
DIMSTYLE
  5
A
330
0
100
AcDbSymbolTable
 70
     1
100
AcDbDimStyleTable
  0
DIMSTYLE
105
27
330
A
100
AcDbSymbolTableRecord
100
AcDbDimStyleTableRecord
  2
ISO-25
 70
     0
 41
2.5
 42
0.625
 43
3.75
 44
1.25
 73
     0
 74
     0
 77
     1
 78
     8
140
2.5
141
2.5
143
0.03937007874016
147
0.625
171
     3
172
     1
178
     0
271
     2
272
     2
274
     3
278
    44
283
     0
284
     8
340
11
  0
ENDTAB
  0
TABLE
  2
BLOCK_RECORD
  5
1
330
0
100
AcDbSymbolTable
 70
    45
  0
BLOCK_RECORD
  5
1F
330
1
100
AcDbSymbolTableRecord
100
AcDbBlockTableRecord
  2
*Model_Space
340
22
 70
     0
280
     1
281
     0
  0
BLOCK_RECORD
  5
1B
330
1
100
AcDbSymbolTableRecord
100
AcDbBlockTableRecord
  2
*Paper_Space
340
1E
 70
     0
280
     1
281
     0
  0
BLOCK_RECORD
  5
23
330
1
100
AcDbSymbolTableRecord
100
AcDbBlockTableRecord
  2
*Paper_Space0
340
26
 70
     0
280
     1
281
     0
  0
BLOCK_RECORD
  5
68
330
1
100
AcDbSymbolTableRecord
100
AcDbBlockTableRecord
  2
U0
340
0
102
{BLKREFS
331
69
102
}
 70
     0
280
     1
281
     0
  0
BLOCK_RECORD
  5
71
330
1
100
AcDbSymbolTableRecord
100
AcDbBlockTableRecord
  2
U1
340
0
102
{BLKREFS
331
72
102
}
 70
     0
280
     1
281
     0
  0
BLOCK_RECORD
  5
79
330
1
100
AcDbSymbolTableRecord
100
AcDbBlockTableRecord
  2
U2
340
0
102
{BLKREFS
331
7A
102
}
 70
     0
280
     1
281
     0
  0
BLOCK_RECORD
  5
81
330
1
100
AcDbSymbolTableRecord
100
AcDbBlockTableRecord
  2
U3
340
0
102
{BLKREFS
331
82
102
}
 70
     0
280
     1
281
     0
  0
BLOCK_RECORD
  5
89
330
1
100
AcDbSymbolTableRecord
100
AcDbBlockTableRecord
  2
U4
340
0
102
{BLKREFS
331
8A
102
}
 70
     0
280
     1
281
     0
  0
BLOCK_RECORD
  5
91
330
1
100
AcDbSymbolTableRecord
100
AcDbBlockTableRecord
  2
U5
340
0
102
{BLKREFS
331
92
102
}
 70
     0
280
     1
281
     0
  0
BLOCK_RECORD
  5
EA
330
1
100
AcDbSymbolTableRecord
100
AcDbBlockTableRecord
  2
U6
340
0
102
{BLKREFS
331
EB
102
}
 70
     0
280
     1
281
     0
  0
BLOCK_RECORD
  5
F6
330
1
100
AcDbSymbolTableRecord
100
AcDbBlockTableRecord
  2
U7
340
0
102
{BLKREFS
331
F7
102
}
 70
     0
280
     1
281
     0
  0
BLOCK_RECORD
  5
12D
330
1
100
AcDbSymbolTableRecord
100
AcDbBlockTableRecord
  2
T0
340
0
102
{BLKREFS
331
12E
102
}
 70
     0
280
     1
281
     0
  0
BLOCK_RECORD
  5
217
330
1
100
AcDbSymbolTableRecord
100
AcDbBlockTableRecord
  2
U8
340
0
102
{BLKREFS
331
218
102
}
 70
     0
280
     1
281
     0
  0
BLOCK_RECORD
  5
21F
330
1
100
AcDbSymbolTableRecord
100
AcDbBlockTableRecord
  2
U9
340
0
102
{BLKREFS
331
220
102
}
 70
     0
280
     1
281
     0
  0
BLOCK_RECORD
  5
22B
330
1
100
AcDbSymbolTableRecord
100
AcDbBlockTableRecord
  2
U10
340
0
102
{BLKREFS
331
22C
102
}
 70
     0
280
     1
281
     0
  0
BLOCK_RECORD
  5
237
330
1
100
AcDbSymbolTableRecord
100
AcDbBlockTableRecord
  2
U11
340
0
102
{BLKREFS
331
238
102
}
 70
     0
280
     1
281
     0
  0
BLOCK_RECORD
  5
23F
330
1
100
AcDbSymbolTableRecord
100
AcDbBlockTableRecord
  2
U12
340
0
102
{BLKREFS
331
240
102
}
 70
     0
280
     1
281
     0
  0
BLOCK_RECORD
  5
247
330
1
100
AcDbSymbolTableRecord
100
AcDbBlockTableRecord
  2
U13
340
0
102
{BLKREFS
331
248
102
}
 70
     0
280
     1
281
     0
  0
BLOCK_RECORD
  5
24F
330
1
100
AcDbSymbolTableRecord
100
AcDbBlockTableRecord
  2
U14
340
0
102
{BLKREFS
331
250
102
}
 70
     0
280
     1
281
     0
  0
BLOCK_RECORD
  5
257
330
1
100
AcDbSymbolTableRecord
100
AcDbBlockTableRecord
  2
U15
340
0
102
{BLKREFS
331
258
102
}
 70
     0
280
     1
281
     0
  0
BLOCK_RECORD
  5
2BF
330
1
100
AcDbSymbolTableRecord
100
AcDbBlockTableRecord
  2
U16
340
0
102
{BLKREFS
331
2C0
102
}
 70
     0
280
     1
281
     0
  0
BLOCK_RECORD
  5
2C7
330
1
100
AcDbSymbolTableRecord
100
AcDbBlockTableRecord
  2
U17
340
0
102
{BLKREFS
331
2C8
102
}
 70
     0
280
     1
281
     0
  0
BLOCK_RECORD
  5
2D3
330
1
100
AcDbSymbolTableRecord
100
AcDbBlockTableRecord
  2
U18
340
0
102
{BLKREFS
331
2D4
102
}
 70
     0
280
     1
281
     0
  0
BLOCK_RECORD
  5
2DF
330
1
100
AcDbSymbolTableRecord
100
AcDbBlockTableRecord
  2
U19
340
0
102
{BLKREFS
331
2E0
102
}
 70
     0
280
     1
281
     0
  0
BLOCK_RECORD
  5
2E7
330
1
100
AcDbSymbolTableRecord
100
AcDbBlockTableRecord
  2
U20
340
0
102
{BLKREFS
331
2E8
102
}
 70
     0
280
     1
281
     0
  0
BLOCK_RECORD
  5
2EF
330
1
100
AcDbSymbolTableRecord
100
AcDbBlockTableRecord
  2
U21
340
0
102
{BLKREFS
331
2F0
102
}
 70
     0
280
     1
281
     0
  0
BLOCK_RECORD
  5
2F7
330
1
100
AcDbSymbolTableRecord
100
AcDbBlockTableRecord
  2
U22
340
0
102
{BLKREFS
331
2F8
102
}
 70
     0
280
     1
281
     0
  0
BLOCK_RECORD
  5
2FF
330
1
100
AcDbSymbolTableRecord
100
AcDbBlockTableRecord
  2
U23
340
0
102
{BLKREFS
331
300
102
}
 70
     0
280
     1
281
     0
  0
BLOCK_RECORD
  5
395
330
1
100
AcDbSymbolTableRecord
100
AcDbBlockTableRecord
  2
U24
340
0
102
{BLKREFS
331
396
102
}
 70
     0
280
     1
281
     0
  0
BLOCK_RECORD
  5
3F7
330
1
100
AcDbSymbolTableRecord
100
AcDbBlockTableRecord
  2
U25
340
0
102
{BLKREFS
331
3F8
102
}
 70
     0
280
     1
281
     0
  0
BLOCK_RECORD
  5
3FF
330
1
100
AcDbSymbolTableRecord
100
AcDbBlockTableRecord
  2
T1
340
0
102
{BLKREFS
331
400
102
}
 70
     0
280
     1
281
     0
  0
BLOCK_RECORD
  5
405
330
1
100
AcDbSymbolTableRecord
100
AcDbBlockTableRecord
  2
U26
340
0
102
{BLKREFS
331
406
102
}
 70
     0
280
     1
281
     0
  0
BLOCK_RECORD
  5
40D
330
1
100
AcDbSymbolTableRecord
100
AcDbBlockTableRecord
  2
U27
340
0
102
{BLKREFS
331
40E
102
}
 70
     0
280
     1
281
     0
  0
BLOCK_RECORD
  5
415
330
1
100
AcDbSymbolTableRecord
100
AcDbBlockTableRecord
  2
U28
340
0
102
{BLKREFS
331
416
102
}
 70
     0
280
     1
281
     0
  0
BLOCK_RECORD
  5
42C
330
1
100
AcDbSymbolTableRecord
100
AcDbBlockTableRecord
  2
U29
340
0
102
{BLKREFS
331
42D
102
}
 70
     0
280
     1
281
     0
  0
BLOCK_RECORD
  5
437
330
1
100
AcDbSymbolTableRecord
100
AcDbBlockTableRecord
  2
U30
340
0
102
{BLKREFS
331
438
102
}
 70
     0
280
     1
281
     0
  0
BLOCK_RECORD
  5
43F
330
1
100
AcDbSymbolTableRecord
100
AcDbBlockTableRecord
  2
U31
340
0
102
{BLKREFS
331
440
102
}
 70
     0
280
     1
281
     0
  0
BLOCK_RECORD
  5
447
330
1
100
AcDbSymbolTableRecord
100
AcDbBlockTableRecord
  2
U32
340
0
102
{BLKREFS
331
448
102
}
 70
     0
280
     1
281
     0
  0
BLOCK_RECORD
  5
44F
330
1
100
AcDbSymbolTableRecord
100
AcDbBlockTableRecord
  2
U33
340
0
102
{BLKREFS
331
450
102
}
 70
     0
280
     1
281
     0
  0
BLOCK_RECORD
  5
457
330
1
100
AcDbSymbolTableRecord
100
AcDbBlockTableRecord
  2
U34
340
0
102
{BLKREFS
331
458
102
}
 70
     0
280
     1
281
     0
  0
BLOCK_RECORD
  5
45F
330
1
100
AcDbSymbolTableRecord
100
AcDbBlockTableRecord
  2
U35
340
0
102
{BLKREFS
331
460
102
}
 70
     0
280
     1
281
     0
  0
BLOCK_RECORD
  5
467
330
1
100
AcDbSymbolTableRecord
100
AcDbBlockTableRecord
  2
U36
340
0
102
{BLKREFS
331
468
102
}
 70
     0
280
     1
281
     0
  0
BLOCK_RECORD
  5
46F
330
1
100
AcDbSymbolTableRecord
100
AcDbBlockTableRecord
  2
U37
340
0
102
{BLKREFS
331
470
102
}
 70
     0
280
     1
281
     0
  0
BLOCK_RECORD
  5
477
330
1
100
AcDbSymbolTableRecord
100
AcDbBlockTableRecord
  2
U38
340
0
102
{BLKREFS
331
478
102
}
 70
     0
280
     1
281
     0
  0
BLOCK_RECORD
  5
47F
330
1
100
AcDbSymbolTableRecord
100
AcDbBlockTableRecord
  2
U39
340
0
102
{BLKREFS
331
480
102
}
 70
     0
280
     1
281
     0
  0
BLOCK_RECORD
  5
4E7
330
1
100
AcDbSymbolTableRecord
100
AcDbBlockTableRecord
  2
T2
340
0
102
{BLKREFS
331
4E8
102
}
 70
     0
280
     1
281
     0
  0
BLOCK_RECORD
  5
4EE
330
1
100
AcDbSymbolTableRecord
100
AcDbBlockTableRecord
  2
U40
340
0
102
{BLKREFS
331
4EF
102
}
 70
     0
280
     1
281
     0
  0
ENDTAB
  0
ENDSEC
  0
SECTION
  2
BLOCKS
  0
BLOCK
  5
20
330
1F
100
AcDbEntity
  8
0
100
AcDbBlockBegin
  2
*Model_Space
 70
     0
 10
0.0
 20
0.0
 30
0.0
  3
*Model_Space
  1

  0
ENDBLK
  5
21
330
1F
100
AcDbEntity
  8
0
100
AcDbBlockEnd
  0
BLOCK
  5
1C
330
1B
100
AcDbEntity
 67
     1
  8
0
100
AcDbBlockBegin
  2
*Paper_Space
 70
     0
 10
0.0
 20
0.0
 30
0.0
  3
*Paper_Space
  1

  0
ENDBLK
  5
1D
330
1B
100
AcDbEntity
 67
     1
  8
0
100
AcDbBlockEnd
  0
BLOCK
  5
24
330
23
100
AcDbEntity
  8
0
100
AcDbBlockBegin
  2
*Paper_Space0
 70
     0
 10
0.0
 20
0.0
 30
0.0
  3
*Paper_Space0
  1

  0
ENDBLK
  5
25
330
23
100
AcDbEntity
  8
0
100
AcDbBlockEnd
  0
BLOCK
  5
6F
330
68
100
AcDbEntity
  8
0
100
AcDbBlockBegin
  2
U0
 70
     0
 10
0.0
 20
0.0
 30
0.0
  3
U0
  1

  0
LINE
  5
6B
330
68
100
AcDbEntity
  8
0
  6
K5LT_BASIC
 62
   150
420
    33023
370
    60
100
AcDbLine
 10
538.0134561302356
 20
225.6619402339829
 30
0.0
 11
538.0134561302355
 21
213.1619402339829
 31
0.0
  0
LINE
  5
6C
330
68
100
AcDbEntity
  8
0
  6
K5LT_BASIC
 62
   150
420
    33023
370
    60
100
AcDbLine
 10
538.0134561302355
 20
213.161940233983
 30
0.0
 11
550.5134561302355
 21
213.1619402339829
 31
0.0
  0
LINE
  5
6D
330
68
100
AcDbEntity
  8
0
  6
K5LT_BASIC
 62
   150
420
    33023
370
    60
100
AcDbLine
 10
550.5134561302355
 20
213.1619402339829
 30
0.0
 11
550.5134561302355
 21
225.6619402339829
 31
0.0
  0
LINE
  5
6E
330
68
100
AcDbEntity
  8
0
  6
K5LT_BASIC
 62
   150
420
    33023
370
    60
100
AcDbLine
 10
550.5134561302355
 20
225.6619402339829
 30
0.0
 11
538.0134561302355
 21
225.6619402339829
 31
0.0
  0
ENDBLK
  5
70
330
68
100
AcDbEntity
  8
0
100
AcDbBlockEnd
  0
BLOCK
  5
77
330
71
100
AcDbEntity
  8
0
100
AcDbBlockBegin
  2
U1
 70
     0
 10
0.0
 20
0.0
 30
0.0
  3
U1
  1

  0
LINE
  5
73
330
71
100
AcDbEntity
  8
0
  6
K5LT_BASIC
 62
   150
420
    33023
370
    60
100
AcDbLine
 10
522.7634561302355
 20
240.9119402339829
 30
0.0
 11
522.7634561302355
 21
228.4119402339829
 31
0.0
  0
LINE
  5
74
330
71
100
AcDbEntity
  8
0
  6
K5LT_BASIC
 62
   150
420
    33023
370
    60
100
AcDbLine
 10
522.7634561302355
 20
228.411940233983
 30
0.0
 11
535.2634561302355
 21
228.4119402339829
 31
0.0
  0
LINE
  5
75
330
71
100
AcDbEntity
  8
0
  6
K5LT_BASIC
 62
   150
420
    33023
370
    60
100
AcDbLine
 10
535.2634561302355
 20
228.4119402339829
 30
0.0
 11
535.2634561302355
 21
240.9119402339829
 31
0.0
  0
LINE
  5
76
330
71
100
AcDbEntity
  8
0
  6
K5LT_BASIC
 62
   150
420
    33023
370
    60
100
AcDbLine
 10
535.2634561302355
 20
240.9119402339829
 30
0.0
 11
522.7634561302355
 21
240.9119402339829
 31
0.0
  0
ENDBLK
  5
78
330
71
100
AcDbEntity
  8
0
100
AcDbBlockEnd
  0
BLOCK
  5
7F
330
79
100
AcDbEntity
  8
0
100
AcDbBlockBegin
  2
U2
 70
     0
 10
0.0
 20
0.0
 30
0.0
  3
U2
  1

  0
LINE
  5
7B
330
79
100
AcDbEntity
  8
0
  6
K5LT_BASIC
 62
   150
420
    33023
370
    60
100
AcDbLine
 10
538.0134561302356
 20
240.9119402339829
 30
0.0
 11
538.0134561302355
 21
228.4119402339829
 31
0.0
  0
LINE
  5
7C
330
79
100
AcDbEntity
  8
0
  6
K5LT_BASIC
 62
   150
420
    33023
370
    60
100
AcDbLine
 10
538.0134561302355
 20
228.411940233983
 30
0.0
 11
550.5134561302355
 21
228.4119402339829
 31
0.0
  0
LINE
  5
7D
330
79
100
AcDbEntity
  8
0
  6
K5LT_BASIC
 62
   150
420
    33023
370
    60
100
AcDbLine
 10
550.5134561302355
 20
228.4119402339829
 30
0.0
 11
550.5134561302355
 21
240.9119402339829
 31
0.0
  0
LINE
  5
7E
330
79
100
AcDbEntity
  8
0
  6
K5LT_BASIC
 62
   150
420
    33023
370
    60
100
AcDbLine
 10
550.5134561302355
 20
240.9119402339829
 30
0.0
 11
538.0134561302355
 21
240.9119402339829
 31
0.0
  0
ENDBLK
  5
80
330
79
100
AcDbEntity
  8
0
100
AcDbBlockEnd
  0
BLOCK
  5
87
330
81
100
AcDbEntity
  8
0
100
AcDbBlockBegin
  2
U3
 70
     0
 10
0.0
 20
0.0
 30
0.0
  3
U3
  1

  0
LINE
  5
83
330
81
100
AcDbEntity
  8
0
  6
K5LT_BASIC
 62
   150
420
    33023
370
    60
100
AcDbLine
 10
553.2634561302356
 20
240.9119402339829
 30
0.0
 11
553.2634561302355
 21
228.4119402339829
 31
0.0
  0
LINE
  5
84
330
81
100
AcDbEntity
  8
0
  6
K5LT_BASIC
 62
   150
420
    33023
370
    60
100
AcDbLine
 10
553.2634561302355
 20
228.411940233983
 30
0.0
 11
565.7634561302355
 21
228.4119402339829
 31
0.0
  0
LINE
  5
85
330
81
100
AcDbEntity
  8
0
  6
K5LT_BASIC
 62
   150
420
    33023
370
    60
100
AcDbLine
 10
565.7634561302355
 20
228.4119402339829
 30
0.0
 11
565.7634561302355
 21
240.9119402339829
 31
0.0
  0
LINE
  5
86
330
81
100
AcDbEntity
  8
0
  6
K5LT_BASIC
 62
   150
420
    33023
370
    60
100
AcDbLine
 10
565.7634561302355
 20
240.9119402339829
 30
0.0
 11
553.2634561302355
 21
240.9119402339829
 31
0.0
  0
ENDBLK
  5
88
330
81
100
AcDbEntity
  8
0
100
AcDbBlockEnd
  0
BLOCK
  5
8F
330
89
100
AcDbEntity
  8
0
100
AcDbBlockBegin
  2
U4
 70
     0
 10
0.0
 20
0.0
 30
0.0
  3
U4
  1

  0
LINE
  5
8B
330
89
100
AcDbEntity
  8
0
  6
K5LT_BASIC
 62
   150
420
    33023
370
    60
100
AcDbLine
 10
538.0134561302356
 20
256.1619402339829
 30
0.0
 11
538.0134561302355
 21
243.6619402339829
 31
0.0
  0
LINE
  5
8C
330
89
100
AcDbEntity
  8
0
  6
K5LT_BASIC
 62
   150
420
    33023
370
    60
100
AcDbLine
 10
538.0134561302355
 20
243.661940233983
 30
0.0
 11
550.5134561302355
 21
243.6619402339829
 31
0.0
  0
LINE
  5
8D
330
89
100
AcDbEntity
  8
0
  6
K5LT_BASIC
 62
   150
420
    33023
370
    60
100
AcDbLine
 10
550.5134561302355
 20
243.6619402339829
 30
0.0
 11
550.5134561302355
 21
256.1619402339829
 31
0.0
  0
LINE
  5
8E
330
89
100
AcDbEntity
  8
0
  6
K5LT_BASIC
 62
   150
420
    33023
370
    60
100
AcDbLine
 10
550.5134561302355
 20
256.1619402339829
 30
0.0
 11
538.0134561302355
 21
256.1619402339829
 31
0.0
  0
ENDBLK
  5
90
330
89
100
AcDbEntity
  8
0
100
AcDbBlockEnd
  0
BLOCK
  5
97
330
91
100
AcDbEntity
  8
0
100
AcDbBlockBegin
  2
U5
 70
     0
 10
0.0
 20
0.0
 30
0.0
  3
U5
  1

  0
LINE
  5
93
330
91
100
AcDbEntity
  8
0
  6
K5LT_BASIC
 62
   150
420
    33023
370
    60
100
AcDbLine
 10
573.7634561302356
 20
225.6619402339829
 30
0.0
 11
573.7634561302355
 21
213.1619402339829
 31
0.0
  0
LINE
  5
94
330
91
100
AcDbEntity
  8
0
  6
K5LT_BASIC
 62
   150
420
    33023
370
    60
100
AcDbLine
 10
573.7634561302355
 20
213.161940233983
 30
0.0
 11
586.2634561302355
 21
213.1619402339829
 31
0.0
  0
LINE
  5
95
330
91
100
AcDbEntity
  8
0
  6
K5LT_BASIC
 62
   150
420
    33023
370
    60
100
AcDbLine
 10
586.2634561302355
 20
213.1619402339829
 30
0.0
 11
586.2634561302355
 21
225.6619402339829
 31
0.0
  0
LINE
  5
96
330
91
100
AcDbEntity
  8
0
  6
K5LT_BASIC
 62
   150
420
    33023
370
    60
100
AcDbLine
 10
586.2634561302355
 20
225.6619402339829
 30
0.0
 11
573.7634561302355
 21
225.6619402339829
 31
0.0
  0
ENDBLK
  5
98
330
91
100
AcDbEntity
  8
0
100
AcDbBlockEnd
  0
BLOCK
  5
F0
330
EA
100
AcDbEntity
  8
0
100
AcDbBlockBegin
  2
U6
 70
     0
 10
0.0
 20
0.0
 30
0.0
  3
U6
  1

  0
LINE
  5
EC
330
EA
100
AcDbEntity
  8
0
  6
K5LT_THIN
 62
     7
370
    18
100
AcDbLine
 10
597.2634561302355
 20
206.9119402339828
 30
0.0
 11
639.7634561302355
 21
206.9119402339828
 31
0.0
  0
LINE
  5
ED
330
EA
100
AcDbEntity
  8
0
  6
K5LT_THIN
 62
     7
370
    18
100
AcDbLine
 10
639.7634561302355
 20
206.9119402339828
 30
0.0
 11
639.7634561302355
 21
274.4119402339828
 31
0.0
  0
LINE
  5
EE
330
EA
100
AcDbEntity
  8
0
  6
K5LT_THIN
 62
     7
370
    18
100
AcDbLine
 10
639.7634561302355
 20
274.4119402339828
 30
0.0
 11
597.2634561302355
 21
274.4119402339828
 31
0.0
  0
LINE
  5
EF
330
EA
100
AcDbEntity
  8
0
  6
K5LT_THIN
 62
     7
370
    18
100
AcDbLine
 10
597.2634561302355
 20
274.4119402339828
 30
0.0
 11
597.2634561302355
 21
206.9119402339828
 31
0.0
  0
ENDBLK
  5
F1
330
EA
100
AcDbEntity
  8
0
100
AcDbBlockEnd
  0
BLOCK
  5
FC
330
F6
100
AcDbEntity
  8
0
100
AcDbBlockBegin
  2
U7
 70
     0
 10
0.0
 20
0.0
 30
0.0
  3
U7
  1

  0
LINE
  5
F8
330
F6
100
AcDbEntity
  8
0
  6
K5LT_BASIC
 62
   150
420
    33023
370
    60
100
AcDbLine
 10
598.0134561302355
 20
213.1619402339828
 30
0.0
 11
639.0134561302355
 21
213.1619402339828
 31
0.0
  0
LINE
  5
F9
330
F6
100
AcDbEntity
  8
0
  6
K5LT_BASIC
 62
   150
420
    33023
370
    60
100
AcDbLine
 10
639.0134561302355
 20
213.1619402339828
 30
0.0
 11
639.0134561302355
 21
268.1619402339828
 31
0.0
  0
LINE
  5
FA
330
F6
100
AcDbEntity
  8
0
  6
K5LT_BASIC
 62
   150
420
    33023
370
    60
100
AcDbLine
 10
639.0134561302355
 20
268.1619402339828
 30
0.0
 11
598.0134561302355
 21
268.1619402339828
 31
0.0
  0
LINE
  5
FB
330
F6
100
AcDbEntity
  8
0
  6
K5LT_BASIC
 62
   150
420
    33023
370
    60
100
AcDbLine
 10
598.0134561302355
 20
268.1619402339828
 30
0.0
 11
598.0134561302355
 21
213.1619402339828
 31
0.0
  0
ENDBLK
  5
FD
330
F6
100
AcDbEntity
  8
0
100
AcDbBlockEnd
  0
BLOCK
  5
132
330
12D
100
AcDbEntity
  8
0
100
AcDbBlockBegin
  2
T0
 70
     0
 10
0.0
 20
0.0
 30
0.0
  3
T0
  1

  0
MTEXT
  5
130
330
12D
100
AcDbEntity
  8
0
 62
     7
100
AcDbMText
 10
572.4728319885423
 20
241.2229818275346
 30
0.0
 40
5.0
 41
0.0
 46
0.0
 71
     1
 72
     1
  1
\H5.0;\W1.000;\Q15;\Q0;\W0.965;Старт
  7
KTEXTSTYLE
 73
     1
 44
1.0
  0
MTEXT
  5
131
330
12D
100
AcDbEntity
  8
0
 62
     7
100
AcDbMText
 10
572.4728319885423
 20
233.9641379287614
 30
0.0
 40
5.0
 41
0.0
 46
0.0
 71
     1
 72
     1
  1
\H5.0;\W1.000;\Q15;\Q0;\W0.965; Стоп
  7
KTEXTSTYLE
 73
     1
 44
1.0
  0
ENDBLK
  5
133
330
12D
100
AcDbEntity
  8
0
100
AcDbBlockEnd
  0
BLOCK
  5
21D
330
217
100
AcDbEntity
  8
0
100
AcDbBlockBegin
  2
U8
 70
     0
 10
0.0
 20
0.0
 30
0.0
  3
U8
  1

  0
LINE
  5
219
330
217
100
AcDbEntity
  8
0
  6
K5LT_THIN
 62
     7
370
    18
100
AcDbLine
 10
348.0707506978464
 20
-124.4889375036646
 30
0.0
 11
400.0707506978465
 21
-124.4889375036646
 31
0.0
  0
LINE
  5
21A
330
217
100
AcDbEntity
  8
0
  6
K5LT_THIN
 62
     7
370
    18
100
AcDbLine
 10
400.0707506978465
 20
-124.4889375036646
 30
0.0
 11
400.0707506978465
 21
5.511062496335423
 31
0.0
  0
LINE
  5
21B
330
217
100
AcDbEntity
  8
0
  6
K5LT_THIN
 62
     7
370
    18
100
AcDbLine
 10
400.0707506978465
 20
5.511062496335423
 30
0.0
 11
348.0707506978464
 21
5.511062496335423
 31
0.0
  0
LINE
  5
21C
330
217
100
AcDbEntity
  8
0
  6
K5LT_THIN
 62
     7
370
    18
100
AcDbLine
 10
348.0707506978464
 20
5.511062496335423
 30
0.0
 11
348.0707506978464
 21
-124.4889375036646
 31
0.0
  0
ENDBLK
  5
21E
330
217
100
AcDbEntity
  8
0
100
AcDbBlockEnd
  0
BLOCK
  5
225
330
21F
100
AcDbEntity
  8
0
100
AcDbBlockBegin
  2
U9
 70
     0
 10
0.0
 20
0.0
 30
0.0
  3
U9
  1

  0
LINE
  5
221
330
21F
100
AcDbEntity
  8
0
  6
K5LT_THIN
 62
     7
370
    18
100
AcDbLine
 10
320.0707506978464
 20
-124.4889375036646
 30
0.0
 11
400.0707506978465
 21
-124.4889375036646
 31
0.0
  0
LINE
  5
222
330
21F
100
AcDbEntity
  8
0
  6
K5LT_THIN
 62
     7
370
    18
100
AcDbLine
 10
400.0707506978465
 20
-124.4889375036646
 30
0.0
 11
400.0707506978465
 21
5.511062496335423
 31
0.0
  0
LINE
  5
223
330
21F
100
AcDbEntity
  8
0
  6
K5LT_THIN
 62
     7
370
    18
100
AcDbLine
 10
400.0707506978465
 20
5.511062496335423
 30
0.0
 11
320.0707506978464
 21
5.511062496335423
 31
0.0
  0
LINE
  5
224
330
21F
100
AcDbEntity
  8
0
  6
K5LT_THIN
 62
     7
370
    18
100
AcDbLine
 10
320.0707506978464
 20
5.511062496335423
 30
0.0
 11
320.0707506978464
 21
-124.4889375036646
 31
0.0
  0
ENDBLK
  5
226
330
21F
100
AcDbEntity
  8
0
100
AcDbBlockEnd
  0
BLOCK
  5
231
330
22B
100
AcDbEntity
  8
0
100
AcDbBlockBegin
  2
U10
 70
     0
 10
0.0
 20
0.0
 30
0.0
  3
U10
  1

  0
LINE
  5
22D
330
22B
100
AcDbEntity
  8
0
  6
K5LT_THIN
 62
     7
370
    18
100
AcDbLine
 10
543.5707506978465
 20
-124.4889375036646
 30
0.0
 11
543.5707506978465
 21
-9.488937503664573
 31
0.0
  0
LINE
  5
22E
330
22B
100
AcDbEntity
  8
0
  6
K5LT_THIN
 62
     7
370
    18
100
AcDbLine
 10
543.5707506978465
 20
-9.488937503664573
 30
0.0
 11
445.0707506978465
 21
-9.488937503664573
 31
0.0
  0
LINE
  5
22F
330
22B
100
AcDbEntity
  8
0
  6
K5LT_THIN
 62
     7
370
    18
100
AcDbLine
 10
445.0707506978465
 20
-9.488937503664573
 30
0.0
 11
445.0707506978465
 21
-124.4889375036646
 31
0.0
  0
LINE
  5
230
330
22B
100
AcDbEntity
  8
0
  6
K5LT_THIN
 62
     7
370
    18
100
AcDbLine
 10
445.0707506978465
 20
-124.4889375036646
 30
0.0
 11
543.5707506978465
 21
-124.4889375036646
 31
0.0
  0
ENDBLK
  5
232
330
22B
100
AcDbEntity
  8
0
100
AcDbBlockEnd
  0
BLOCK
  5
23D
330
237
100
AcDbEntity
  8
0
100
AcDbBlockBegin
  2
U11
 70
     0
 10
0.0
 20
0.0
 30
0.0
  3
U11
  1

  0
LINE
  5
239
330
237
100
AcDbEntity
  8
0
  6
K5LT_THIN
 62
     7
370
    18
100
AcDbLine
 10
410.0707506978465
 20
-111.9889375036646
 30
0.0
 11
435.0707506978465
 21
-111.9889375036646
 31
0.0
  0
LINE
  5
23A
330
237
100
AcDbEntity
  8
0
  6
K5LT_THIN
 62
     7
370
    18
100
AcDbLine
 10
435.0707506978465
 20
-111.9889375036646
 30
0.0
 11
435.0707506978465
 21
-26.98893750366459
 31
0.0
  0
LINE
  5
23B
330
237
100
AcDbEntity
  8
0
  6
K5LT_THIN
 62
     7
370
    18
100
AcDbLine
 10
435.0707506978465
 20
-26.98893750366459
 30
0.0
 11
410.0707506978465
 21
-26.98893750366459
 31
0.0
  0
LINE
  5
23C
330
237
100
AcDbEntity
  8
0
  6
K5LT_THIN
 62
     7
370
    18
100
AcDbLine
 10
410.0707506978465
 20
-26.98893750366459
 30
0.0
 11
410.0707506978465
 21
-111.9889375036646
 31
0.0
  0
ENDBLK
  5
23E
330
237
100
AcDbEntity
  8
0
100
AcDbBlockEnd
  0
BLOCK
  5
245
330
23F
100
AcDbEntity
  8
0
100
AcDbBlockBegin
  2
U12
 70
     0
 10
0.0
 20
0.0
 30
0.0
  3
U12
  1

  0
LINE
  5
241
330
23F
100
AcDbEntity
  8
0
  6
K5LT_BASIC
 62
   150
420
    33023
370
    60
100
AcDbLine
 10
424.0707506978465
 20
-39.98893750366458
 30
0.0
 11
427.0707506978465
 21
-39.98893750366458
 31
0.0
  0
LINE
  5
242
330
23F
100
AcDbEntity
  8
0
  6
K5LT_BASIC
 62
   150
420
    33023
370
    60
100
AcDbLine
 10
427.0707506978465
 20
-39.98893750366458
 30
0.0
 11
427.0707506978465
 21
-29.98893750366458
 31
0.0
  0
LINE
  5
243
330
23F
100
AcDbEntity
  8
0
  6
K5LT_BASIC
 62
   150
420
    33023
370
    60
100
AcDbLine
 10
427.0707506978465
 20
-29.98893750366458
 30
0.0
 11
424.0707506978465
 21
-29.98893750366458
 31
0.0
  0
LINE
  5
244
330
23F
100
AcDbEntity
  8
0
  6
K5LT_BASIC
 62
   150
420
    33023
370
    60
100
AcDbLine
 10
424.0707506978465
 20
-29.98893750366458
 30
0.0
 11
424.0707506978465
 21
-39.98893750366458
 31
0.0
  0
ENDBLK
  5
246
330
23F
100
AcDbEntity
  8
0
100
AcDbBlockEnd
  0
BLOCK
  5
24D
330
247
100
AcDbEntity
  8
0
100
AcDbBlockBegin
  2
U13
 70
     0
 10
0.0
 20
0.0
 30
0.0
  3
U13
  1

  0
LINE
  5
249
330
247
100
AcDbEntity
  8
0
  6
K5LT_BASIC
 62
   150
420
    33023
370
    60
100
AcDbLine
 10
418.0707506978465
 20
-39.98893750366458
 30
0.0
 11
421.0707506978465
 21
-39.98893750366458
 31
0.0
  0
LINE
  5
24A
330
247
100
AcDbEntity
  8
0
  6
K5LT_BASIC
 62
   150
420
    33023
370
    60
100
AcDbLine
 10
421.0707506978465
 20
-39.98893750366458
 30
0.0
 11
421.0707506978465
 21
-29.98893750366458
 31
0.0
  0
LINE
  5
24B
330
247
100
AcDbEntity
  8
0
  6
K5LT_BASIC
 62
   150
420
    33023
370
    60
100
AcDbLine
 10
421.0707506978465
 20
-29.98893750366458
 30
0.0
 11
418.0707506978465
 21
-29.98893750366458
 31
0.0
  0
LINE
  5
24C
330
247
100
AcDbEntity
  8
0
  6
K5LT_BASIC
 62
   150
420
    33023
370
    60
100
AcDbLine
 10
418.0707506978465
 20
-29.98893750366458
 30
0.0
 11
418.0707506978465
 21
-39.98893750366458
 31
0.0
  0
ENDBLK
  5
24E
330
247
100
AcDbEntity
  8
0
100
AcDbBlockEnd
  0
BLOCK
  5
255
330
24F
100
AcDbEntity
  8
0
100
AcDbBlockBegin
  2
U14
 70
     0
 10
0.0
 20
0.0
 30
0.0
  3
U14
  1

  0
LINE
  5
251
330
24F
100
AcDbEntity
  8
0
  6
K5LT_BASIC
 62
   150
420
    33023
370
    60
100
AcDbLine
 10
424.0707506978465
 20
-108.9889375036646
 30
0.0
 11
427.0707506978465
 21
-108.9889375036646
 31
0.0
  0
LINE
  5
252
330
24F
100
AcDbEntity
  8
0
  6
K5LT_BASIC
 62
   150
420
    33023
370
    60
100
AcDbLine
 10
427.0707506978465
 20
-108.9889375036646
 30
0.0
 11
427.0707506978465
 21
-98.98893750366457
 31
0.0
  0
LINE
  5
253
330
24F
100
AcDbEntity
  8
0
  6
K5LT_BASIC
 62
   150
420
    33023
370
    60
100
AcDbLine
 10
427.0707506978465
 20
-98.98893750366457
 30
0.0
 11
424.0707506978465
 21
-98.98893750366457
 31
0.0
  0
LINE
  5
254
330
24F
100
AcDbEntity
  8
0
  6
K5LT_BASIC
 62
   150
420
    33023
370
    60
100
AcDbLine
 10
424.0707506978465
 20
-98.98893750366457
 30
0.0
 11
424.0707506978465
 21
-108.9889375036646
 31
0.0
  0
ENDBLK
  5
256
330
24F
100
AcDbEntity
  8
0
100
AcDbBlockEnd
  0
BLOCK
  5
25D
330
257
100
AcDbEntity
  8
0
100
AcDbBlockBegin
  2
U15
 70
     0
 10
0.0
 20
0.0
 30
0.0
  3
U15
  1

  0
LINE
  5
259
330
257
100
AcDbEntity
  8
0
  6
K5LT_BASIC
 62
   150
420
    33023
370
    60
100
AcDbLine
 10
418.0707506978465
 20
-108.9889375036646
 30
0.0
 11
421.0707506978465
 21
-108.9889375036646
 31
0.0
  0
LINE
  5
25A
330
257
100
AcDbEntity
  8
0
  6
K5LT_BASIC
 62
   150
420
    33023
370
    60
100
AcDbLine
 10
421.0707506978465
 20
-108.9889375036646
 30
0.0
 11
421.0707506978465
 21
-98.98893750366457
 31
0.0
  0
LINE
  5
25B
330
257
100
AcDbEntity
  8
0
  6
K5LT_BASIC
 62
   150
420
    33023
370
    60
100
AcDbLine
 10
421.0707506978465
 20
-98.98893750366457
 30
0.0
 11
418.0707506978465
 21
-98.98893750366457
 31
0.0
  0
LINE
  5
25C
330
257
100
AcDbEntity
  8
0
  6
K5LT_BASIC
 62
   150
420
    33023
370
    60
100
AcDbLine
 10
418.0707506978465
 20
-98.98893750366457
 30
0.0
 11
418.0707506978465
 21
-108.9889375036646
 31
0.0
  0
ENDBLK
  5
25E
330
257
100
AcDbEntity
  8
0
100
AcDbBlockEnd
  0
BLOCK
  5
2C5
330
2BF
100
AcDbEntity
  8
0
100
AcDbBlockBegin
  2
U16
 70
     0
 10
0.0
 20
0.0
 30
0.0
  3
U16
  1

  0
LINE
  5
2C1
330
2BF
100
AcDbEntity
  8
0
  6
K5LT_THIN
 62
     7
370
    18
100
AcDbLine
 10
910.1580605619622
 20
-460.8590750675899
 30
0.0
 11
962.1580605619622
 21
-460.8590750675899
 31
0.0
  0
LINE
  5
2C2
330
2BF
100
AcDbEntity
  8
0
  6
K5LT_THIN
 62
     7
370
    18
100
AcDbLine
 10
962.1580605619622
 20
-460.8590750675899
 30
0.0
 11
962.1580605619622
 21
-330.8590750675899
 31
0.0
  0
LINE
  5
2C3
330
2BF
100
AcDbEntity
  8
0
  6
K5LT_THIN
 62
     7
370
    18
100
AcDbLine
 10
962.1580605619622
 20
-330.8590750675899
 30
0.0
 11
910.1580605619622
 21
-330.8590750675899
 31
0.0
  0
LINE
  5
2C4
330
2BF
100
AcDbEntity
  8
0
  6
K5LT_THIN
 62
     7
370
    18
100
AcDbLine
 10
910.1580605619622
 20
-330.8590750675899
 30
0.0
 11
910.1580605619622
 21
-460.8590750675899
 31
0.0
  0
ENDBLK
  5
2C6
330
2BF
100
AcDbEntity
  8
0
100
AcDbBlockEnd
  0
BLOCK
  5
2CD
330
2C7
100
AcDbEntity
  8
0
100
AcDbBlockBegin
  2
U17
 70
     0
 10
0.0
 20
0.0
 30
0.0
  3
U17
  1

  0
LINE
  5
2C9
330
2C7
100
AcDbEntity
  8
0
  6
K5LT_THIN
 62
     7
370
    18
100
AcDbLine
 10
882.1580605619622
 20
-460.8590750675899
 30
0.0
 11
962.1580605619622
 21
-460.8590750675899
 31
0.0
  0
LINE
  5
2CA
330
2C7
100
AcDbEntity
  8
0
  6
K5LT_THIN
 62
     7
370
    18
100
AcDbLine
 10
962.1580605619622
 20
-460.8590750675899
 30
0.0
 11
962.1580605619622
 21
-330.8590750675899
 31
0.0
  0
LINE
  5
2CB
330
2C7
100
AcDbEntity
  8
0
  6
K5LT_THIN
 62
     7
370
    18
100
AcDbLine
 10
962.1580605619622
 20
-330.8590750675899
 30
0.0
 11
882.1580605619622
 21
-330.8590750675899
 31
0.0
  0
LINE
  5
2CC
330
2C7
100
AcDbEntity
  8
0
  6
K5LT_THIN
 62
     7
370
    18
100
AcDbLine
 10
882.1580605619622
 20
-330.8590750675899
 30
0.0
 11
882.1580605619622
 21
-460.8590750675899
 31
0.0
  0
ENDBLK
  5
2CE
330
2C7
100
AcDbEntity
  8
0
100
AcDbBlockEnd
  0
BLOCK
  5
2D9
330
2D3
100
AcDbEntity
  8
0
100
AcDbBlockBegin
  2
U18
 70
     0
 10
0.0
 20
0.0
 30
0.0
  3
U18
  1

  0
LINE
  5
2D5
330
2D3
100
AcDbEntity
  8
0
  6
K5LT_THIN
 62
     7
370
    18
100
AcDbLine
 10
1105.658060561962
 20
-450.8590750675898
 30
0.0
 11
1105.658060561962
 21
-335.8590750675898
 31
0.0
  0
LINE
  5
2D6
330
2D3
100
AcDbEntity
  8
0
  6
K5LT_THIN
 62
     7
370
    18
100
AcDbLine
 10
1105.658060561962
 20
-335.8590750675898
 30
0.0
 11
1007.158060561962
 21
-335.8590750675898
 31
0.0
  0
LINE
  5
2D7
330
2D3
100
AcDbEntity
  8
0
  6
K5LT_THIN
 62
     7
370
    18
100
AcDbLine
 10
1007.158060561962
 20
-335.8590750675898
 30
0.0
 11
1007.158060561962
 21
-450.8590750675898
 31
0.0
  0
LINE
  5
2D8
330
2D3
100
AcDbEntity
  8
0
  6
K5LT_THIN
 62
     7
370
    18
100
AcDbLine
 10
1007.158060561962
 20
-450.8590750675898
 30
0.0
 11
1105.658060561962
 21
-450.8590750675898
 31
0.0
  0
ENDBLK
  5
2DA
330
2D3
100
AcDbEntity
  8
0
100
AcDbBlockEnd
  0
BLOCK
  5
2E5
330
2DF
100
AcDbEntity
  8
0
100
AcDbBlockBegin
  2
U19
 70
     0
 10
0.0
 20
0.0
 30
0.0
  3
U19
  1

  0
LINE
  5
2E1
330
2DF
100
AcDbEntity
  8
0
  6
K5LT_THIN
 62
     7
370
    18
100
AcDbLine
 10
972.1580605619622
 20
-438.3590750675899
 30
0.0
 11
997.1580605619622
 21
-438.3590750675899
 31
0.0
  0
LINE
  5
2E2
330
2DF
100
AcDbEntity
  8
0
  6
K5LT_THIN
 62
     7
370
    18
100
AcDbLine
 10
997.1580605619622
 20
-438.3590750675899
 30
0.0
 11
997.1580605619622
 21
-353.3590750675899
 31
0.0
  0
LINE
  5
2E3
330
2DF
100
AcDbEntity
  8
0
  6
K5LT_THIN
 62
     7
370
    18
100
AcDbLine
 10
997.1580605619622
 20
-353.3590750675899
 30
0.0
 11
972.1580605619622
 21
-353.3590750675899
 31
0.0
  0
LINE
  5
2E4
330
2DF
100
AcDbEntity
  8
0
  6
K5LT_THIN
 62
     7
370
    18
100
AcDbLine
 10
972.1580605619622
 20
-353.3590750675899
 30
0.0
 11
972.1580605619622
 21
-438.3590750675899
 31
0.0
  0
ENDBLK
  5
2E6
330
2DF
100
AcDbEntity
  8
0
100
AcDbBlockEnd
  0
BLOCK
  5
2ED
330
2E7
100
AcDbEntity
  8
0
100
AcDbBlockBegin
  2
U20
 70
     0
 10
0.0
 20
0.0
 30
0.0
  3
U20
  1

  0
LINE
  5
2E9
330
2E7
100
AcDbEntity
  8
0
  6
K5LT_BASIC
 62
   150
420
    33023
370
    60
100
AcDbLine
 10
986.1580605619622
 20
-366.3590750675899
 30
0.0
 11
989.1580605619622
 21
-366.3590750675899
 31
0.0
  0
LINE
  5
2EA
330
2E7
100
AcDbEntity
  8
0
  6
K5LT_BASIC
 62
   150
420
    33023
370
    60
100
AcDbLine
 10
989.1580605619622
 20
-366.3590750675899
 30
0.0
 11
989.1580605619622
 21
-356.3590750675899
 31
0.0
  0
LINE
  5
2EB
330
2E7
100
AcDbEntity
  8
0
  6
K5LT_BASIC
 62
   150
420
    33023
370
    60
100
AcDbLine
 10
989.1580605619622
 20
-356.3590750675899
 30
0.0
 11
986.1580605619622
 21
-356.3590750675899
 31
0.0
  0
LINE
  5
2EC
330
2E7
100
AcDbEntity
  8
0
  6
K5LT_BASIC
 62
   150
420
    33023
370
    60
100
AcDbLine
 10
986.1580605619622
 20
-356.3590750675899
 30
0.0
 11
986.1580605619622
 21
-366.3590750675899
 31
0.0
  0
ENDBLK
  5
2EE
330
2E7
100
AcDbEntity
  8
0
100
AcDbBlockEnd
  0
BLOCK
  5
2F5
330
2EF
100
AcDbEntity
  8
0
100
AcDbBlockBegin
  2
U21
 70
     0
 10
0.0
 20
0.0
 30
0.0
  3
U21
  1

  0
LINE
  5
2F1
330
2EF
100
AcDbEntity
  8
0
  6
K5LT_BASIC
 62
   150
420
    33023
370
    60
100
AcDbLine
 10
980.1580605619622
 20
-366.3590750675899
 30
0.0
 11
983.1580605619622
 21
-366.3590750675899
 31
0.0
  0
LINE
  5
2F2
330
2EF
100
AcDbEntity
  8
0
  6
K5LT_BASIC
 62
   150
420
    33023
370
    60
100
AcDbLine
 10
983.1580605619622
 20
-366.3590750675899
 30
0.0
 11
983.1580605619622
 21
-356.3590750675899
 31
0.0
  0
LINE
  5
2F3
330
2EF
100
AcDbEntity
  8
0
  6
K5LT_BASIC
 62
   150
420
    33023
370
    60
100
AcDbLine
 10
983.1580605619622
 20
-356.3590750675899
 30
0.0
 11
980.1580605619622
 21
-356.3590750675899
 31
0.0
  0
LINE
  5
2F4
330
2EF
100
AcDbEntity
  8
0
  6
K5LT_BASIC
 62
   150
420
    33023
370
    60
100
AcDbLine
 10
980.1580605619622
 20
-356.3590750675899
 30
0.0
 11
980.1580605619622
 21
-366.3590750675899
 31
0.0
  0
ENDBLK
  5
2F6
330
2EF
100
AcDbEntity
  8
0
100
AcDbBlockEnd
  0
BLOCK
  5
2FD
330
2F7
100
AcDbEntity
  8
0
100
AcDbBlockBegin
  2
U22
 70
     0
 10
0.0
 20
0.0
 30
0.0
  3
U22
  1

  0
LINE
  5
2F9
330
2F7
100
AcDbEntity
  8
0
  6
K5LT_BASIC
 62
   150
420
    33023
370
    60
100
AcDbLine
 10
986.1580605619622
 20
-435.3590750675898
 30
0.0
 11
989.1580605619622
 21
-435.3590750675898
 31
0.0
  0
LINE
  5
2FA
330
2F7
100
AcDbEntity
  8
0
  6
K5LT_BASIC
 62
   150
420
    33023
370
    60
100
AcDbLine
 10
989.1580605619622
 20
-435.3590750675898
 30
0.0
 11
989.1580605619622
 21
-425.3590750675898
 31
0.0
  0
LINE
  5
2FB
330
2F7
100
AcDbEntity
  8
0
  6
K5LT_BASIC
 62
   150
420
    33023
370
    60
100
AcDbLine
 10
989.1580605619622
 20
-425.3590750675898
 30
0.0
 11
986.1580605619622
 21
-425.3590750675898
 31
0.0
  0
LINE
  5
2FC
330
2F7
100
AcDbEntity
  8
0
  6
K5LT_BASIC
 62
   150
420
    33023
370
    60
100
AcDbLine
 10
986.1580605619622
 20
-425.3590750675898
 30
0.0
 11
986.1580605619622
 21
-435.3590750675898
 31
0.0
  0
ENDBLK
  5
2FE
330
2F7
100
AcDbEntity
  8
0
100
AcDbBlockEnd
  0
BLOCK
  5
305
330
2FF
100
AcDbEntity
  8
0
100
AcDbBlockBegin
  2
U23
 70
     0
 10
0.0
 20
0.0
 30
0.0
  3
U23
  1

  0
LINE
  5
301
330
2FF
100
AcDbEntity
  8
0
  6
K5LT_BASIC
 62
   150
420
    33023
370
    60
100
AcDbLine
 10
980.1580605619622
 20
-435.3590750675898
 30
0.0
 11
983.1580605619622
 21
-435.3590750675898
 31
0.0
  0
LINE
  5
302
330
2FF
100
AcDbEntity
  8
0
  6
K5LT_BASIC
 62
   150
420
    33023
370
    60
100
AcDbLine
 10
983.1580605619622
 20
-435.3590750675898
 30
0.0
 11
983.1580605619622
 21
-425.3590750675898
 31
0.0
  0
LINE
  5
303
330
2FF
100
AcDbEntity
  8
0
  6
K5LT_BASIC
 62
   150
420
    33023
370
    60
100
AcDbLine
 10
983.1580605619622
 20
-425.3590750675898
 30
0.0
 11
980.1580605619622
 21
-425.3590750675898
 31
0.0
  0
LINE
  5
304
330
2FF
100
AcDbEntity
  8
0
  6
K5LT_BASIC
 62
   150
420
    33023
370
    60
100
AcDbLine
 10
980.1580605619622
 20
-425.3590750675898
 30
0.0
 11
980.1580605619622
 21
-435.3590750675898
 31
0.0
  0
ENDBLK
  5
306
330
2FF
100
AcDbEntity
  8
0
100
AcDbBlockEnd
  0
BLOCK
  5
39B
330
395
100
AcDbEntity
  8
0
100
AcDbBlockBegin
  2
U24
 70
     0
 10
0.0
 20
0.0
 30
0.0
  3
U24
  1

  0
LINE
  5
397
330
395
100
AcDbEntity
  8
0
  6
K5LT_BASIC
 62
   150
420
    33023
370
    60
100
AcDbLine
 10
1181.104382719993
 20
-191.5897336673173
 30
0.0
 11
1181.104382719993
 21
-211.5897336673173
 31
0.0
  0
LINE
  5
398
330
395
100
AcDbEntity
  8
0
  6
K5LT_BASIC
 62
   150
420
    33023
370
    60
100
AcDbLine
 10
1181.104382719993
 20
-211.5897336673173
 30
0.0
 11
1168.104382719993
 21
-211.5897336673173
 31
0.0
  0
LINE
  5
399
330
395
100
AcDbEntity
  8
0
  6
K5LT_BASIC
 62
   150
420
    33023
370
    60
100
AcDbLine
 10
1168.104382719993
 20
-211.5897336673173
 30
0.0
 11
1168.104382719993
 21
-191.5897336673173
 31
0.0
  0
LINE
  5
39A
330
395
100
AcDbEntity
  8
0
  6
K5LT_BASIC
 62
   150
420
    33023
370
    60
100
AcDbLine
 10
1168.104382719993
 20
-191.5897336673173
 30
0.0
 11
1181.104382719993
 21
-191.5897336673173
 31
0.0
  0
ENDBLK
  5
39C
330
395
100
AcDbEntity
  8
0
100
AcDbBlockEnd
  0
BLOCK
  5
3FD
330
3F7
100
AcDbEntity
  8
0
100
AcDbBlockBegin
  2
U25
 70
     0
 10
0.0
 20
0.0
 30
0.0
  3
U25
  1

  0
LINE
  5
3F9
330
3F7
100
AcDbEntity
  8
0
  6
K5LT_THIN
 62
     7
370
    18
100
AcDbLine
 10
959.6580605619622
 20
-267.8397336673174
 30
0.0
 11
1009.658060561962
 21
-267.8397336673174
 31
0.0
  0
LINE
  5
3FA
330
3F7
100
AcDbEntity
  8
0
  6
K5LT_THIN
 62
     7
370
    18
100
AcDbLine
 10
1009.658060561962
 20
-267.8397336673174
 30
0.0
 11
1009.658060561962
 21
-217.8397336673174
 31
0.0
  0
LINE
  5
3FB
330
3F7
100
AcDbEntity
  8
0
  6
K5LT_THIN
 62
     7
370
    18
100
AcDbLine
 10
1009.658060561962
 20
-217.8397336673174
 30
0.0
 11
959.6580605619622
 21
-217.8397336673174
 31
0.0
  0
LINE
  5
3FC
330
3F7
100
AcDbEntity
  8
0
  6
K5LT_THIN
 62
     7
370
    18
100
AcDbLine
 10
959.6580605619622
 20
-217.8397336673174
 30
0.0
 11
959.6580605619622
 21
-267.8397336673174
 31
0.0
  0
ENDBLK
  5
3FE
330
3F7
100
AcDbEntity
  8
0
100
AcDbBlockEnd
  0
BLOCK
  5
403
330
3FF
100
AcDbEntity
  8
0
100
AcDbBlockBegin
  2
T1
 70
     0
 10
0.0
 20
0.0
 30
0.0
  3
T1
  1

  0
MTEXT
  5
401
330
3FF
100
AcDbEntity
  8
0
 62
     7
100
AcDbMText
 10
968.8227467649651
 20
-204.9871478684431
 30
0.0
 40
3.5
 41
0.0
 46
0.0
 71
     1
 72
     1
  1
\H5.0;\W1.000;\Q15;\Q0;\W0.965;\H3.50;АВАРИЙНОЕ
  7
KTEXTSTYLE
 73
     1
 44
1.0
  0
MTEXT
  5
402
330
3FF
100
AcDbEntity
  8
0
 62
     7
100
AcDbMText
 10
967.06326724226
 20
-211.9871478684431
 30
0.0
 40
3.5
 41
0.0
 46
0.0
 71
     1
 72
     1
  1
\H5.0;\W1.000;\Q15;\Q0;\W0.965;\H3.50;ВЫКЛЮЧЕНИЕ
  7
KTEXTSTYLE
 73
     1
 44
1.0
  0
ENDBLK
  5
404
330
3FF
100
AcDbEntity
  8
0
100
AcDbBlockEnd
  0
BLOCK
  5
40B
330
405
100
AcDbEntity
  8
0
100
AcDbBlockBegin
  2
U26
 70
     0
 10
0.0
 20
0.0
 30
0.0
  3
U26
  1

  0
LINE
  5
407
330
405
100
AcDbEntity
  8
0
  6
K5LT_BASIC
 62
   150
420
    33023
370
    60
100
AcDbLine
 10
896.6580605619622
 20
-245.8397336673174
 30
0.0
 11
942.1580605619622
 21
-245.8397336673174
 31
0.0
  0
LINE
  5
408
330
405
100
AcDbEntity
  8
0
  6
K5LT_BASIC
 62
   150
420
    33023
370
    60
100
AcDbLine
 10
942.1580605619622
 20
-245.8397336673174
 30
0.0
 11
942.1580605619622
 21
-217.8397336673174
 31
0.0
  0
LINE
  5
409
330
405
100
AcDbEntity
  8
0
  6
K5LT_BASIC
 62
   150
420
    33023
370
    60
100
AcDbLine
 10
942.1580605619622
 20
-217.8397336673174
 30
0.0
 11
896.6580605619622
 21
-217.8397336673174
 31
0.0
  0
LINE
  5
40A
330
405
100
AcDbEntity
  8
0
  6
K5LT_BASIC
 62
   150
420
    33023
370
    60
100
AcDbLine
 10
896.6580605619622
 20
-217.8397336673174
 30
0.0
 11
896.6580605619622
 21
-245.8397336673174
 31
0.0
  0
ENDBLK
  5
40C
330
405
100
AcDbEntity
  8
0
100
AcDbBlockEnd
  0
BLOCK
  5
413
330
40D
100
AcDbEntity
  8
0
100
AcDbBlockBegin
  2
U27
 70
     0
 10
0.0
 20
0.0
 30
0.0
  3
U27
  1

  0
LINE
  5
40F
330
40D
100
AcDbEntity
  8
0
  6
K5LT_BASIC
 62
   150
420
    33023
370
    60
100
AcDbLine
 10
909.6580605619622
 20
-249.8397336673174
 30
0.0
 11
909.6580605619622
 21
-269.8397336673174
 31
0.0
  0
LINE
  5
410
330
40D
100
AcDbEntity
  8
0
  6
K5LT_BASIC
 62
   150
420
    33023
370
    60
100
AcDbLine
 10
909.6580605619622
 20
-269.8397336673174
 30
0.0
 11
896.6580605619622
 21
-269.8397336673174
 31
0.0
  0
LINE
  5
411
330
40D
100
AcDbEntity
  8
0
  6
K5LT_BASIC
 62
   150
420
    33023
370
    60
100
AcDbLine
 10
896.6580605619622
 20
-269.8397336673174
 30
0.0
 11
896.6580605619622
 21
-249.8397336673174
 31
0.0
  0
LINE
  5
412
330
40D
100
AcDbEntity
  8
0
  6
K5LT_BASIC
 62
   150
420
    33023
370
    60
100
AcDbLine
 10
896.6580605619622
 20
-249.8397336673174
 30
0.0
 11
909.6580605619622
 21
-249.8397336673174
 31
0.0
  0
ENDBLK
  5
414
330
40D
100
AcDbEntity
  8
0
100
AcDbBlockEnd
  0
BLOCK
  5
41B
330
415
100
AcDbEntity
  8
0
100
AcDbBlockBegin
  2
U28
 70
     0
 10
0.0
 20
0.0
 30
0.0
  3
U28
  1

  0
LINE
  5
417
330
415
100
AcDbEntity
  8
0
  6
K5LT_BASIC
 62
   150
420
    33023
370
    60
100
AcDbLine
 10
942.1580605619622
 20
-249.8397336673174
 30
0.0
 11
942.1580605619622
 21
-269.8397336673174
 31
0.0
  0
LINE
  5
418
330
415
100
AcDbEntity
  8
0
  6
K5LT_BASIC
 62
   150
420
    33023
370
    60
100
AcDbLine
 10
942.1580605619622
 20
-269.8397336673174
 30
0.0
 11
929.1580605619622
 21
-269.8397336673174
 31
0.0
  0
LINE
  5
419
330
415
100
AcDbEntity
  8
0
  6
K5LT_BASIC
 62
   150
420
    33023
370
    60
100
AcDbLine
 10
929.1580605619622
 20
-269.8397336673174
 30
0.0
 11
929.1580605619622
 21
-249.8397336673174
 31
0.0
  0
LINE
  5
41A
330
415
100
AcDbEntity
  8
0
  6
K5LT_BASIC
 62
   150
420
    33023
370
    60
100
AcDbLine
 10
929.1580605619622
 20
-249.8397336673174
 30
0.0
 11
942.1580605619622
 21
-249.8397336673174
 31
0.0
  0
ENDBLK
  5
41C
330
415
100
AcDbEntity
  8
0
100
AcDbBlockEnd
  0
BLOCK
  5
432
330
42C
100
AcDbEntity
  8
0
100
AcDbBlockBegin
  2
U29
 70
     0
 10
0.0
 20
0.0
 30
0.0
  3
U29
  1

  0
LINE
  5
42E
330
42C
100
AcDbEntity
  8
0
  6
K5LT_THIN
 62
     7
370
    18
100
AcDbLine
 10
740.448658489735
 20
-139.9889375036646
 30
0.0
 11
820.448658489735
 21
-139.9889375036646
 31
0.0
  0
LINE
  5
42F
330
42C
100
AcDbEntity
  8
0
  6
K5LT_THIN
 62
     7
370
    18
100
AcDbLine
 10
820.448658489735
 20
-139.9889375036646
 30
0.0
 11
820.448658489735
 21
-118.9889375036646
 31
0.0
  0
LINE
  5
430
330
42C
100
AcDbEntity
  8
0
  6
K5LT_THIN
 62
     7
370
    18
100
AcDbLine
 10
820.448658489735
 20
-118.9889375036646
 30
0.0
 11
740.448658489735
 21
-118.9889375036646
 31
0.0
  0
LINE
  5
431
330
42C
100
AcDbEntity
  8
0
  6
K5LT_THIN
 62
     7
370
    18
100
AcDbLine
 10
740.448658489735
 20
-118.9889375036646
 30
0.0
 11
740.448658489735
 21
-139.9889375036646
 31
0.0
  0
ENDBLK
  5
433
330
42C
100
AcDbEntity
  8
0
100
AcDbBlockEnd
  0
BLOCK
  5
43D
330
437
100
AcDbEntity
  8
0
100
AcDbBlockBegin
  2
U30
 70
     0
 10
0.0
 20
0.0
 30
0.0
  3
U30
  1

  0
LINE
  5
439
330
437
100
AcDbEntity
  8
0
  6
K5LT_BASIC
 62
   150
420
    33023
370
    60
100
AcDbLine
 10
905.6580605619622
 20
-570.8579194198144
 30
0.0
 11
905.6580605619622
 21
-513.3579194198144
 31
0.0
  0
LINE
  5
43A
330
437
100
AcDbEntity
  8
0
  6
K5LT_BASIC
 62
   150
420
    33023
370
    60
100
AcDbLine
 10
905.6580605619622
 20
-513.3579194198144
 30
0.0
 11
900.6580605619622
 21
-513.3579194198144
 31
0.0
  0
LINE
  5
43B
330
437
100
AcDbEntity
  8
0
  6
K5LT_BASIC
 62
   150
420
    33023
370
    60
100
AcDbLine
 10
900.6580605619622
 20
-513.3579194198144
 30
0.0
 11
900.6580605619622
 21
-570.8579194198144
 31
0.0
  0
LINE
  5
43C
330
437
100
AcDbEntity
  8
0
  6
K5LT_BASIC
 62
   150
420
    33023
370
    60
100
AcDbLine
 10
900.6580605619622
 20
-570.8579194198144
 30
0.0
 11
905.6580605619622
 21
-570.8579194198144
 31
0.0
  0
ENDBLK
  5
43E
330
437
100
AcDbEntity
  8
0
100
AcDbBlockEnd
  0
BLOCK
  5
445
330
43F
100
AcDbEntity
  8
0
100
AcDbBlockBegin
  2
U31
 70
     0
 10
0.0
 20
0.0
 30
0.0
  3
U31
  1

  0
LINE
  5
441
330
43F
100
AcDbEntity
  8
0
  6
K5LT_BASIC
 62
   150
420
    33023
370
    60
100
AcDbLine
 10
925.6580605619622
 20
-570.8579194198144
 30
0.0
 11
925.6580605619622
 21
-513.3579194198144
 31
0.0
  0
LINE
  5
442
330
43F
100
AcDbEntity
  8
0
  6
K5LT_BASIC
 62
   150
420
    33023
370
    60
100
AcDbLine
 10
925.6580605619622
 20
-513.3579194198144
 30
0.0
 11
920.6580605619622
 21
-513.3579194198144
 31
0.0
  0
LINE
  5
443
330
43F
100
AcDbEntity
  8
0
  6
K5LT_BASIC
 62
   150
420
    33023
370
    60
100
AcDbLine
 10
920.6580605619622
 20
-513.3579194198144
 30
0.0
 11
920.6580605619622
 21
-570.8579194198144
 31
0.0
  0
LINE
  5
444
330
43F
100
AcDbEntity
  8
0
  6
K5LT_BASIC
 62
   150
420
    33023
370
    60
100
AcDbLine
 10
920.6580605619622
 20
-570.8579194198144
 30
0.0
 11
925.6580605619622
 21
-570.8579194198144
 31
0.0
  0
ENDBLK
  5
446
330
43F
100
AcDbEntity
  8
0
100
AcDbBlockEnd
  0
BLOCK
  5
44D
330
447
100
AcDbEntity
  8
0
100
AcDbBlockBegin
  2
U32
 70
     0
 10
0.0
 20
0.0
 30
0.0
  3
U32
  1

  0
LINE
  5
449
330
447
100
AcDbEntity
  8
0
  6
K5LT_BASIC
 62
   150
420
    33023
370
    60
100
AcDbLine
 10
945.6580605619622
 20
-570.8579194198144
 30
0.0
 11
945.6580605619622
 21
-513.3579194198144
 31
0.0
  0
LINE
  5
44A
330
447
100
AcDbEntity
  8
0
  6
K5LT_BASIC
 62
   150
420
    33023
370
    60
100
AcDbLine
 10
945.6580605619622
 20
-513.3579194198144
 30
0.0
 11
940.6580605619622
 21
-513.3579194198144
 31
0.0
  0
LINE
  5
44B
330
447
100
AcDbEntity
  8
0
  6
K5LT_BASIC
 62
   150
420
    33023
370
    60
100
AcDbLine
 10
940.6580605619622
 20
-513.3579194198144
 30
0.0
 11
940.6580605619622
 21
-570.8579194198144
 31
0.0
  0
LINE
  5
44C
330
447
100
AcDbEntity
  8
0
  6
K5LT_BASIC
 62
   150
420
    33023
370
    60
100
AcDbLine
 10
940.6580605619622
 20
-570.8579194198144
 30
0.0
 11
945.6580605619622
 21
-570.8579194198144
 31
0.0
  0
ENDBLK
  5
44E
330
447
100
AcDbEntity
  8
0
100
AcDbBlockEnd
  0
BLOCK
  5
455
330
44F
100
AcDbEntity
  8
0
100
AcDbBlockBegin
  2
U33
 70
     0
 10
0.0
 20
0.0
 30
0.0
  3
U33
  1

  0
LINE
  5
451
330
44F
100
AcDbEntity
  8
0
  6
K5LT_BASIC
 62
   150
420
    33023
370
    60
100
AcDbLine
 10
1085.658060561962
 20
-570.8579194198144
 30
0.0
 11
1085.658060561962
 21
-513.3579194198144
 31
0.0
  0
LINE
  5
452
330
44F
100
AcDbEntity
  8
0
  6
K5LT_BASIC
 62
   150
420
    33023
370
    60
100
AcDbLine
 10
1085.658060561962
 20
-513.3579194198144
 30
0.0
 11
1080.658060561962
 21
-513.3579194198144
 31
0.0
  0
LINE
  5
453
330
44F
100
AcDbEntity
  8
0
  6
K5LT_BASIC
 62
   150
420
    33023
370
    60
100
AcDbLine
 10
1080.658060561962
 20
-513.3579194198144
 30
0.0
 11
1080.658060561962
 21
-570.8579194198144
 31
0.0
  0
LINE
  5
454
330
44F
100
AcDbEntity
  8
0
  6
K5LT_BASIC
 62
   150
420
    33023
370
    60
100
AcDbLine
 10
1080.658060561962
 20
-570.8579194198144
 30
0.0
 11
1085.658060561962
 21
-570.8579194198144
 31
0.0
  0
ENDBLK
  5
456
330
44F
100
AcDbEntity
  8
0
100
AcDbBlockEnd
  0
BLOCK
  5
45D
330
457
100
AcDbEntity
  8
0
100
AcDbBlockBegin
  2
U34
 70
     0
 10
0.0
 20
0.0
 30
0.0
  3
U34
  1

  0
LINE
  5
459
330
457
100
AcDbEntity
  8
0
  6
K5LT_BASIC
 62
   150
420
    33023
370
    60
100
AcDbLine
 10
1065.658060561962
 20
-570.8579194198144
 30
0.0
 11
1065.658060561962
 21
-513.3579194198144
 31
0.0
  0
LINE
  5
45A
330
457
100
AcDbEntity
  8
0
  6
K5LT_BASIC
 62
   150
420
    33023
370
    60
100
AcDbLine
 10
1065.658060561962
 20
-513.3579194198144
 30
0.0
 11
1060.658060561962
 21
-513.3579194198144
 31
0.0
  0
LINE
  5
45B
330
457
100
AcDbEntity
  8
0
  6
K5LT_BASIC
 62
   150
420
    33023
370
    60
100
AcDbLine
 10
1060.658060561962
 20
-513.3579194198144
 30
0.0
 11
1060.658060561962
 21
-570.8579194198144
 31
0.0
  0
LINE
  5
45C
330
457
100
AcDbEntity
  8
0
  6
K5LT_BASIC
 62
   150
420
    33023
370
    60
100
AcDbLine
 10
1060.658060561962
 20
-570.8579194198144
 30
0.0
 11
1065.658060561962
 21
-570.8579194198144
 31
0.0
  0
ENDBLK
  5
45E
330
457
100
AcDbEntity
  8
0
100
AcDbBlockEnd
  0
BLOCK
  5
465
330
45F
100
AcDbEntity
  8
0
100
AcDbBlockBegin
  2
U35
 70
     0
 10
0.0
 20
0.0
 30
0.0
  3
U35
  1

  0
LINE
  5
461
330
45F
100
AcDbEntity
  8
0
  6
K5LT_BASIC
 62
   150
420
    33023
370
    60
100
AcDbLine
 10
1045.658060561962
 20
-570.8579194198144
 30
0.0
 11
1045.658060561962
 21
-513.3579194198144
 31
0.0
  0
LINE
  5
462
330
45F
100
AcDbEntity
  8
0
  6
K5LT_BASIC
 62
   150
420
    33023
370
    60
100
AcDbLine
 10
1045.658060561962
 20
-513.3579194198144
 30
0.0
 11
1040.658060561962
 21
-513.3579194198144
 31
0.0
  0
LINE
  5
463
330
45F
100
AcDbEntity
  8
0
  6
K5LT_BASIC
 62
   150
420
    33023
370
    60
100
AcDbLine
 10
1040.658060561962
 20
-513.3579194198144
 30
0.0
 11
1040.658060561962
 21
-570.8579194198144
 31
0.0
  0
LINE
  5
464
330
45F
100
AcDbEntity
  8
0
  6
K5LT_BASIC
 62
   150
420
    33023
370
    60
100
AcDbLine
 10
1040.658060561962
 20
-570.8579194198144
 30
0.0
 11
1045.658060561962
 21
-570.8579194198144
 31
0.0
  0
ENDBLK
  5
466
330
45F
100
AcDbEntity
  8
0
100
AcDbBlockEnd
  0
BLOCK
  5
46D
330
467
100
AcDbEntity
  8
0
100
AcDbBlockBegin
  2
U36
 70
     0
 10
0.0
 20
0.0
 30
0.0
  3
U36
  1

  0
LINE
  5
469
330
467
100
AcDbEntity
  8
0
  6
K5LT_BASIC
 62
   150
420
    33023
370
    60
100
AcDbLine
 10
1025.658060561962
 20
-570.8579194198144
 30
0.0
 11
1025.658060561962
 21
-513.3579194198144
 31
0.0
  0
LINE
  5
46A
330
467
100
AcDbEntity
  8
0
  6
K5LT_BASIC
 62
   150
420
    33023
370
    60
100
AcDbLine
 10
1025.658060561962
 20
-513.3579194198144
 30
0.0
 11
1020.658060561962
 21
-513.3579194198144
 31
0.0
  0
LINE
  5
46B
330
467
100
AcDbEntity
  8
0
  6
K5LT_BASIC
 62
   150
420
    33023
370
    60
100
AcDbLine
 10
1020.658060561962
 20
-513.3579194198144
 30
0.0
 11
1020.658060561962
 21
-570.8579194198144
 31
0.0
  0
LINE
  5
46C
330
467
100
AcDbEntity
  8
0
  6
K5LT_BASIC
 62
   150
420
    33023
370
    60
100
AcDbLine
 10
1020.658060561962
 20
-570.8579194198144
 30
0.0
 11
1025.658060561962
 21
-570.8579194198144
 31
0.0
  0
ENDBLK
  5
46E
330
467
100
AcDbEntity
  8
0
100
AcDbBlockEnd
  0
BLOCK
  5
475
330
46F
100
AcDbEntity
  8
0
100
AcDbBlockBegin
  2
U37
 70
     0
 10
0.0
 20
0.0
 30
0.0
  3
U37
  1

  0
LINE
  5
471
330
46F
100
AcDbEntity
  8
0
  6
K5LT_BASIC
 62
   150
420
    33023
370
    60
100
AcDbLine
 10
1005.658060561963
 20
-570.8579194198144
 30
0.0
 11
1005.658060561963
 21
-513.3579194198144
 31
0.0
  0
LINE
  5
472
330
46F
100
AcDbEntity
  8
0
  6
K5LT_BASIC
 62
   150
420
    33023
370
    60
100
AcDbLine
 10
1005.658060561963
 20
-513.3579194198144
 30
0.0
 11
1000.658060561963
 21
-513.3579194198144
 31
0.0
  0
LINE
  5
473
330
46F
100
AcDbEntity
  8
0
  6
K5LT_BASIC
 62
   150
420
    33023
370
    60
100
AcDbLine
 10
1000.658060561963
 20
-513.3579194198144
 30
0.0
 11
1000.658060561963
 21
-570.8579194198144
 31
0.0
  0
LINE
  5
474
330
46F
100
AcDbEntity
  8
0
  6
K5LT_BASIC
 62
   150
420
    33023
370
    60
100
AcDbLine
 10
1000.658060561963
 20
-570.8579194198144
 30
0.0
 11
1005.658060561963
 21
-570.8579194198144
 31
0.0
  0
ENDBLK
  5
476
330
46F
100
AcDbEntity
  8
0
100
AcDbBlockEnd
  0
BLOCK
  5
47D
330
477
100
AcDbEntity
  8
0
100
AcDbBlockBegin
  2
U38
 70
     0
 10
0.0
 20
0.0
 30
0.0
  3
U38
  1

  0
LINE
  5
479
330
477
100
AcDbEntity
  8
0
  6
K5LT_BASIC
 62
   150
420
    33023
370
    60
100
AcDbLine
 10
965.6580605619622
 20
-570.8579194198144
 30
0.0
 11
965.6580605619622
 21
-513.3579194198144
 31
0.0
  0
LINE
  5
47A
330
477
100
AcDbEntity
  8
0
  6
K5LT_BASIC
 62
   150
420
    33023
370
    60
100
AcDbLine
 10
965.6580605619622
 20
-513.3579194198144
 30
0.0
 11
960.6580605619622
 21
-513.3579194198144
 31
0.0
  0
LINE
  5
47B
330
477
100
AcDbEntity
  8
0
  6
K5LT_BASIC
 62
   150
420
    33023
370
    60
100
AcDbLine
 10
960.6580605619622
 20
-513.3579194198144
 30
0.0
 11
960.6580605619622
 21
-570.8579194198144
 31
0.0
  0
LINE
  5
47C
330
477
100
AcDbEntity
  8
0
  6
K5LT_BASIC
 62
   150
420
    33023
370
    60
100
AcDbLine
 10
960.6580605619622
 20
-570.8579194198144
 30
0.0
 11
965.6580605619622
 21
-570.8579194198144
 31
0.0
  0
ENDBLK
  5
47E
330
477
100
AcDbEntity
  8
0
100
AcDbBlockEnd
  0
BLOCK
  5
485
330
47F
100
AcDbEntity
  8
0
100
AcDbBlockBegin
  2
U39
 70
     0
 10
0.0
 20
0.0
 30
0.0
  3
U39
  1

  0
LINE
  5
481
330
47F
100
AcDbEntity
  8
0
  6
K5LT_BASIC
 62
   150
420
    33023
370
    60
100
AcDbLine
 10
985.6580605619622
 20
-570.8579194198144
 30
0.0
 11
985.6580605619622
 21
-513.3579194198144
 31
0.0
  0
LINE
  5
482
330
47F
100
AcDbEntity
  8
0
  6
K5LT_BASIC
 62
   150
420
    33023
370
    60
100
AcDbLine
 10
985.6580605619622
 20
-513.3579194198144
 30
0.0
 11
980.6580605619622
 21
-513.3579194198144
 31
0.0
  0
LINE
  5
483
330
47F
100
AcDbEntity
  8
0
  6
K5LT_BASIC
 62
   150
420
    33023
370
    60
100
AcDbLine
 10
980.6580605619622
 20
-513.3579194198144
 30
0.0
 11
980.6580605619622
 21
-570.8579194198144
 31
0.0
  0
LINE
  5
484
330
47F
100
AcDbEntity
  8
0
  6
K5LT_BASIC
 62
   150
420
    33023
370
    60
100
AcDbLine
 10
980.6580605619622
 20
-570.8579194198144
 30
0.0
 11
985.6580605619622
 21
-570.8579194198144
 31
0.0
  0
ENDBLK
  5
486
330
47F
100
AcDbEntity
  8
0
100
AcDbBlockEnd
  0
BLOCK
  5
4EB
330
4E7
100
AcDbEntity
  8
0
100
AcDbBlockBegin
  2
T2
 70
     0
 10
0.0
 20
0.0
 30
0.0
  3
T2
  1

  0
MTEXT
  5
4E9
330
4E7
100
AcDbEntity
  8
0
 62
     7
100
AcDbMText
 10
901.7497459793425
 20
-204.9871478684431
 30
0.0
 40
3.5
 41
0.0
 46
0.0
 71
     1
 72
     1
  1
\H5.0;\W1.000;\Q15;\Q0;\W0.965;\H3.50;НАПРЯЖЕНИЕ
  7
KTEXTSTYLE
 73
     1
 44
1.0
  0
MTEXT
  5
4EA
330
4E7
100
AcDbEntity
  8
0
 62
     7
100
AcDbMText
 10
898.2307869339323
 20
-211.9871478684431
 30
0.0
 40
3.5
 41
0.0
 46
0.0
 71
     1
 72
     1
  1
\H5.0;\W1.000;\Q15;\Q0;\W0.965;\H3.50;АККУМУЛЯТОРА
  7
KTEXTSTYLE
 73
     1
 44
1.0
  0
ENDBLK
  5
4EC
330
4E7
100
AcDbEntity
  8
0
100
AcDbBlockEnd
  0
BLOCK
  5
53F
330
4EE
100
AcDbEntity
  8
0
100
AcDbBlockBegin
  2
U40
 70
     0
 10
0.0
 20
0.0
 30
0.0
  3
U40
  1

  0
LINE
  5
4F0
330
4EE
100
AcDbEntity
  8
0
  6
K5LT_BASIC
 62
   150
420
    33023
370
    60
100
AcDbLine
 10
20.0
 20
60.0
 30
0.0
 11
205.0
 21
60.0
 31
0.0
  0
LINE
  5
4F1
330
4EE
100
AcDbEntity
  8
0
  6
K5LT_THIN
 62
     7
370
    18
100
AcDbLine
 10
20.0
 20
50.0
 30
0.0
 11
85.0
 21
50.0
 31
0.0
  0
LINE
  5
4F2
330
4EE
100
AcDbEntity
  8
0
  6
K5LT_THIN
 62
     7
370
    18
100
AcDbLine
 10
20.0
 20
45.0
 30
0.0
 11
85.0
 21
45.0
 31
0.0
  0
LINE
  5
4F3
330
4EE
100
AcDbEntity
  8
0
  6
K5LT_THIN
 62
     7
370
    18
100
AcDbLine
 10
20.0
 20
30.0
 30
0.0
 11
85.0
 21
30.0
 31
0.0
  0
LINE
  5
4F4
330
4EE
100
AcDbEntity
  8
0
  6
K5LT_THIN
 62
     7
370
    18
100
AcDbLine
 10
20.0
 20
25.0
 30
0.0
 11
85.0
 21
25.0
 31
0.0
  0
LINE
  5
4F5
330
4EE
100
AcDbEntity
  8
0
  6
K5LT_THIN
 62
     7
370
    18
100
AcDbLine
 10
20.0
 20
20.0
 30
0.0
 11
85.0
 21
20.0
 31
0.0
  0
LINE
  5
4F6
330
4EE
100
AcDbEntity
  8
0
  6
K5LT_THIN
 62
     7
370
    18
100
AcDbLine
 10
20.0
 20
15.0
 30
0.0
 11
85.0
 21
15.0
 31
0.0
  0
LINE
  5
4F7
330
4EE
100
AcDbEntity
  8
0
  6
K5LT_THIN
 62
     7
370
    18
100
AcDbLine
 10
20.0
 20
10.0
 30
0.0
 11
85.0
 21
10.0
 31
0.0
  0
LINE
  5
4F8
330
4EE
100
AcDbEntity
  8
0
  6
K5LT_BASIC
 62
   150
420
    33023
370
    60
100
AcDbLine
 10
20.0
 20
5.0
 30
0.0
 11
20.0
 21
60.0
 31
0.0
  0
LINE
  5
4F9
330
4EE
100
AcDbEntity
  8
0
  6
K5LT_THIN
 62
     7
370
    18
100
AcDbLine
 10
20.0
 20
55.0
 30
0.0
 11
85.0
 21
55.0
 31
0.0
  0
LINE
  5
4FA
330
4EE
100
AcDbEntity
  8
0
  6
K5LT_BASIC
 62
   150
420
    33023
370
    60
100
AcDbLine
 10
37.0
 20
5.0
 30
0.0
 11
37.0
 21
60.0
 31
0.0
  0
LINE
  5
4FB
330
4EE
100
AcDbEntity
  8
0
  6
K5LT_BASIC
 62
   150
420
    33023
370
    60
100
AcDbLine
 10
60.0
 20
5.0
 30
0.0
 11
60.0
 21
60.0
 31
0.0
  0
LINE
  5
4FC
330
4EE
100
AcDbEntity
  8
0
  6
K5LT_BASIC
 62
   150
420
    33023
370
    60
100
AcDbLine
 10
75.0
 20
5.0
 30
0.0
 11
75.0
 21
60.0
 31
0.0
  0
LINE
  5
4FD
330
4EE
100
AcDbEntity
  8
0
  6
K5LT_BASIC
 62
   150
420
    33023
370
    60
100
AcDbLine
 10
85.0
 20
5.0
 30
0.0
 11
85.0
 21
60.0
 31
0.0
  0
LINE
  5
4FE
330
4EE
100
AcDbEntity
  8
0
  6
K5LT_BASIC
 62
   150
420
    33023
370
    60
100
AcDbLine
 10
155.0
 20
5.0
 30
0.0
 11
155.0
 21
45.0
 31
0.0
  0
LINE
  5
4FF
330
4EE
100
AcDbEntity
  8
0
  6
K5LT_BASIC
 62
   150
420
    33023
370
    60
100
AcDbLine
 10
170.0
 20
25.0
 30
0.0
 11
170.0
 21
45.0
 31
0.0
  0
LINE
  5
500
330
4EE
100
AcDbEntity
  8
0
  6
K5LT_BASIC
 62
   150
420
    33023
370
    60
100
AcDbLine
 10
187.0
 20
25.0
 30
0.0
 11
187.0
 21
45.0
 31
0.0
  0
LINE
  5
501
330
4EE
100
AcDbEntity
  8
0
  6
K5LT_BASIC
 62
   150
420
    33023
370
    60
100
AcDbLine
 10
20.0
 20
40.0
 30
0.0
 11
85.0
 21
40.0
 31
0.0
  0
LINE
  5
502
330
4EE
100
AcDbEntity
  8
0
  6
K5LT_BASIC
 62
   150
420
    33023
370
    60
100
AcDbLine
 10
20.0
 20
35.0
 30
0.0
 11
85.0
 21
35.0
 31
0.0
  0
LINE
  5
503
330
4EE
100
AcDbEntity
  8
0
  6
K5LT_BASIC
 62
   150
420
    33023
370
    60
100
AcDbLine
 10
155.0
 20
20.0
 30
0.0
 11
205.0
 21
20.0
 31
0.0
  0
LINE
  5
504
330
4EE
100
AcDbEntity
  8
0
  6
K5LT_BASIC
 62
   150
420
    33023
370
    60
100
AcDbLine
 10
170.0
 20
40.0
 30
0.0
 11
205.0
 21
40.0
 31
0.0
  0
LINE
  5
505
330
4EE
100
AcDbEntity
  8
0
  6
K5LT_BASIC
 62
   150
420
    33023
370
    60
100
AcDbLine
 10
155.0
 20
40.0
 30
0.0
 11
170.0
 21
40.0
 31
0.0
  0
LINE
  5
506
330
4EE
100
AcDbEntity
  8
0
  6
K5LT_BASIC
 62
   150
420
    33023
370
    60
100
AcDbLine
 10
85.0
 20
45.0
 30
0.0
 11
205.0
 21
45.0
 31
0.0
  0
LINE
  5
507
330
4EE
100
AcDbEntity
  8
0
  6
K5LT_BASIC
 62
   150
420
    33023
370
    60
100
AcDbLine
 10
85.0
 20
20.0
 30
0.0
 11
155.0
 21
20.0
 31
0.0
  0
LINE
  5
508
330
4EE
100
AcDbEntity
  8
0
  6
K5LT_BASIC
 62
   150
420
    33023
370
    60
100
AcDbLine
 10
155.0
 20
25.0
 30
0.0
 11
205.0
 21
25.0
 31
0.0
  0
LINE
  5
509
330
4EE
100
AcDbEntity
  8
0
  6
K5LT_BASIC
 62
   150
420
    33023
370
    60
100
AcDbLine
 10
175.5749969482422
 20
20.0
 30
0.0
 11
175.5749969482422
 21
25.0
 31
0.0
  0
LINE
  5
50A
330
4EE
100
AcDbEntity
  8
0
  6
K5LT_THIN
 62
     7
370
    18
100
AcDbLine
 10
159.9645843505859
 20
25.0
 30
0.0
 11
159.9645843505859
 21
40.0
 31
0.0
  0
LINE
  5
50B
330
4EE
100
AcDbEntity
  8
0
  6
K5LT_THIN
 62
     7
370
    18
100
AcDbLine
 10
164.9822998046875
 20
25.0
 30
0.0
 11
164.9822998046875
 21
40.0
 31
0.0
  0
LINE
  5
50C
330
4EE
100
AcDbEntity
  8
0
  6
K5LT_BASIC
 62
   150
420
    33023
370
    60
100
AcDbLine
 10
27.0
 20
35.0
 30
0.0
 11
27.0
 21
60.0
 31
0.0
  0
MTEXT
  5
50D
330
4EE
100
AcDbEntity
  8
0
 62
     7
100
AcDbMText
 10
172.5845632553101
 20
44.17759323120117
 30
0.0
 40
3.5
 41
0.0
 46
0.0
 71
     1
 72
     1
  1
\H5.0;\W1.000;\Q15;\Q15;\W0.965;\H3.50;Масса
  7
KTEXTSTYLE
 73
     1
 44
1.0
  0
MTEXT
  5
50E
330
4EE
100
AcDbEntity
  8
0
 62
     7
100
AcDbMText
 10
187.523099899292
 20
44.17759323120117
 30
0.0
 40
3.5
 41
0.0
 46
0.0
 71
     1
 72
     1
  1
\H5.0;\W1.000;\Q15;\Q15;\W0.930;\H3.50;Масштаб
  7
KTEXTSTYLE
 73
     1
 44
1.0
  0
MTEXT
  5
50F
330
4EE
100
AcDbEntity
  8
0
 62
     7
100
AcDbMText
 10
20.61896634101868
 20
39.17759323120117
 30
0.0
 40
3.5
 41
0.0
 46
0.0
 71
     1
 72
     1
  1
\H5.0;\W1.000;\Q15;\Q15;\W0.784;\H3.50;Изм.
  7
KTEXTSTYLE
 73
     1
 44
1.0
  0
MTEXT
  5
510
330
4EE
100
AcDbEntity
  8
0
 62
     7
100
AcDbMText
 10
27.60919189453125
 20
39.17759323120117
 30
0.0
 40
3.5
 41
0.0
 46
0.0
 71
     1
 72
     1
  1
\H5.0;\W1.000;\Q15;\Q15;\W0.799;\H3.50;Лист
  7
KTEXTSTYLE
 73
     1
 44
1.0
  0
MTEXT
  5
511
330
4EE
100
AcDbEntity
  8
0
 62
     7
100
AcDbMText
 10
40.62864685058594
 20
39.17759323120117
 30
0.0
 40
3.5
 41
0.0
 46
0.0
 71
     1
 72
     1
  1
\H5.0;\W1.000;\Q15;\Q15;\W0.965;\H3.50;№ докум.
  7
KTEXTSTYLE
 73
     1
 44
1.0
  0
MTEXT
  5
512
330
4EE
100
AcDbEntity
  8
0
 62
     7
100
AcDbMText
 10
63.10130214691162
 20
39.17759323120117
 30
0.0
 40
3.5
 41
0.0
 46
0.0
 71
     1
 72
     1
  1
\H5.0;\W1.000;\Q15;\Q15;\W0.965;\H3.50;Подп.
  7
KTEXTSTYLE
 73
     1
 44
1.0
  0
MTEXT
  5
513
330
4EE
100
AcDbEntity
  8
0
 62
     7
100
AcDbMText
 10
75.60919189453125
 20
39.17759323120117
 30
0.0
 40
3.5
 41
0.0
 46
0.0
 71
     1
 72
     1
  1
\H5.0;\W1.000;\Q15;\Q15;\W0.799;\H3.50;Дата
  7
KTEXTSTYLE
 73
     1
 44
1.0
  0
MTEXT
  5
514
330
4EE
100
AcDbEntity
  8
0
 62
     7
100
AcDbMText
 10
158.471718788147
 20
44.17759323120117
 30
0.0
 40
3.5
 41
0.0
 46
0.0
 71
     1
 72
     1
  1
\H5.0;\W1.000;\Q15;\Q15;\W0.965;\H3.50;Лит.
  7
KTEXTSTYLE
 73
     1
 44
1.0
  0
MTEXT
  5
515
330
4EE
100
AcDbEntity
  8
0
 62
     7
100
AcDbMText
 10
20.5
 20
34.17759323120117
 30
0.0
 40
3.5
 41
0.0
 46
0.0
 71
     1
 72
     1
  1
\H5.0;\W1.000;\Q15;\Q15;\W0.965;\H3.50;Разраб.
  7
KTEXTSTYLE
 73
     1
 44
1.0
  0
MTEXT
  5
516
330
4EE
100
AcDbEntity
  8
0
 62
     7
100
AcDbMText
 10
20.5
 20
29.17759704589844
 30
0.0
 40
3.5
 41
0.0
 46
0.0
 71
     1
 72
     1
  1
\H5.0;\W1.000;\Q15;\Q15;\W0.965;\H3.50;Пров.
  7
KTEXTSTYLE
 73
     1
 44
1.0
  0
MTEXT
  5
517
330
4EE
100
AcDbEntity
  8
0
 62
     7
100
AcDbMText
 10
20.5
 20
24.17759704589844
 30
0.0
 40
3.5
 41
0.0
 46
0.0
 71
     1
 72
     1
  1
\H5.0;\W1.000;\Q15;\Q15;\W0.965;\H3.50;Т.контр.
  7
KTEXTSTYLE
 73
     1
 44
1.0
  0
MTEXT
  5
518
330
4EE
100
AcDbEntity
  8
0
 62
     7
100
AcDbMText
 10
156.3161277770996
 20
24.17759704589844
 30
0.0
 40
3.5
 41
0.0
 46
0.0
 71
     1
 72
     1
  1
\H5.0;\W1.000;\Q15;\Q15;\W0.965;\H3.50;Лист
  7
KTEXTSTYLE
 73
     1
 44
1.0
  0
MTEXT
  5
519
330
4EE
100
AcDbEntity
  8
0
 62
     7
100
AcDbMText
 10
177.3589363098145
 20
24.17759704589844
 30
0.0
 40
3.5
 41
0.0
 46
0.0
 71
     1
 72
     1
  1
\H5.0;\W1.000;\Q15;\Q15;\W0.965;\H3.50;Листов
  7
KTEXTSTYLE
 73
     1
 44
1.0
  0
MTEXT
  5
51A
330
4EE
100
AcDbEntity
  8
0
 62
     7
100
AcDbMText
 10
20.5
 20
14.17759704589844
 30
0.0
 40
3.5
 41
0.0
 46
0.0
 71
     1
 72
     1
  1
\H5.0;\W1.000;\Q15;\Q15;\W0.965;\H3.50;Н.контр.
  7
KTEXTSTYLE
 73
     1
 44
1.0
  0
MTEXT
  5
51B
330
4EE
100
AcDbEntity
  8
0
 62
     7
100
AcDbMText
 10
20.5
 20
9.177597045898438
 30
0.0
 40
3.5
 41
0.0
 46
0.0
 71
     1
 72
     1
  1
\H5.0;\W1.000;\Q15;\Q15;\W0.965;\H3.50;Утв.
  7
KTEXTSTYLE
 73
     1
 44
1.0
  0
MTEXT
  5
51C
330
4EE
100
AcDbEntity
  8
0
 62
     7
100
AcDbMText
 10
192.444167137146
 20
34.89656257629395
 30
0.0
 40
5.0
 41
0.0
 46
0.0
 71
     1
 72
     1
  1
\H5.0;\W1.000;\Q15;\Q15;\W0.965;1:1
  7
KTEXTSTYLE
 73
     1
 44
1.0
  0
MTEXT
  5
51D
330
4EE
100
AcDbEntity
  8
0
 62
     7
100
AcDbMText
 10
197.905499458313
 20
24.17759704589844
 30
0.0
 40
3.5
 41
0.0
 46
0.0
 71
     1
 72
     1
  1
\H5.0;\W1.000;\Q15;\Q15;\W0.965;\H3.50;1
  7
KTEXTSTYLE
 73
     1
 44
1.0
  0
LINE
  5
51E
330
4EE
100
AcDbEntity
  8
0
  6
K5LT_BASIC
 62
   150
420
    33023
370
    60
100
AcDbLine
 10
8.0
 20
5.000000000000001
 30
0.0
 11
8.000000000000009
 21
150.0
 31
0.0
  0
LINE
  5
51F
330
4EE
100
AcDbEntity
  8
0
  6
K5LT_BASIC
 62
   150
420
    33023
370
    60
100
AcDbLine
 10
13.0
 20
5.000000000000001
 30
0.0
 11
13.00000000000001
 21
150.0
 31
0.0
  0
LINE
  5
520
330
4EE
100
AcDbEntity
  8
0
  6
K5LT_BASIC
 62
   150
420
    33023
370
    60
100
AcDbLine
 10
20.0
 20
5.0
 30
0.0
 11
8.0
 21
5.000000000000001
 31
0.0
  0
LINE
  5
521
330
4EE
100
AcDbEntity
  8
0
  6
K5LT_BASIC
 62
   150
420
    33023
370
    60
100
AcDbLine
 10
20.00000000000001
 20
150.0
 30
0.0
 11
8.000000000000009
 21
150.0
 31
0.0
  0
LINE
  5
522
330
4EE
100
AcDbEntity
  8
0
  6
K5LT_BASIC
 62
   150
420
    33023
370
    60
100
AcDbLine
 10
20.0
 20
30.0
 30
0.0
 11
8.000000000000002
 21
30.0
 31
0.0
  0
LINE
  5
523
330
4EE
100
AcDbEntity
  8
0
  6
K5LT_BASIC
 62
   150
420
    33023
370
    60
100
AcDbLine
 10
20.0
 20
65.0
 30
0.0
 11
8.000000000000004
 21
65.0
 31
0.0
  0
LINE
  5
524
330
4EE
100
AcDbEntity
  8
0
  6
K5LT_BASIC
 62
   150
420
    33023
370
    60
100
AcDbLine
 10
20.00000000000001
 20
90.0
 30
0.0
 11
8.000000000000005
 21
90.0
 31
0.0
  0
LINE
  5
525
330
4EE
100
AcDbEntity
  8
0
  6
K5LT_BASIC
 62
   150
420
    33023
370
    60
100
AcDbLine
 10
20.00000000000001
 20
115.0
 30
0.0
 11
8.000000000000007
 21
115.0
 31
0.0
  0
MTEXT
  5
526
330
4EE
100
AcDbEntity
  8
0
 62
     7
100
AcDbMText
 10
8.82240629196167
 20
6.572710037231446
 30
0.0
 40
3.5
 41
0.0
 46
0.0
 71
     1
 72
     1
  1
\H5.0;\W1.000;\Q15;\Q15;\W0.965;\H3.50;Инв. № подл.
  7
KTEXTSTYLE
 11
6.123233995736766E-17
 21
1.0
 31
0.0
 73
     1
 44
1.0
  0
MTEXT
  5
527
330
4EE
100
AcDbEntity
  8
0
 62
     7
100
AcDbMText
 10
8.822406291961672
 20
35.65789699554443
 30
0.0
 40
3.5
 41
0.0
 46
0.0
 71
     1
 72
     1
  1
\H5.0;\W1.000;\Q15;\Q15;\W0.965;\H3.50;Подп. и дата
  7
KTEXTSTYLE
 11
6.123233995736766E-17
 21
1.0
 31
0.0
 73
     1
 44
1.0
  0
MTEXT
  5
528
330
4EE
100
AcDbEntity
  8
0
 62
     7
100
AcDbMText
 10
8.822406291961673
 20
65.79680347442627
 30
0.0
 40
3.5
 41
0.0
 46
0.0
 71
     1
 72
     1
  1
\H5.0;\W1.000;\Q15;\Q15;\W0.965;\H3.50;Взам. инв. №
  7
KTEXTSTYLE
 11
6.123233995736766E-17
 21
1.0
 31
0.0
 73
     1
 44
1.0
  0
MTEXT
  5
529
330
4EE
100
AcDbEntity
  8
0
 62
     7
100
AcDbMText
 10
8.822406291961675
 20
91.57271003723145
 30
0.0
 40
3.5
 41
0.0
 46
0.0
 71
     1
 72
     1
  1
\H5.0;\W1.000;\Q15;\Q15;\W0.965;\H3.50;Инв. № дубл.
  7
KTEXTSTYLE
 11
6.123233995736766E-17
 21
1.0
 31
0.0
 73
     1
 44
1.0
  0
MTEXT
  5
52A
330
4EE
100
AcDbEntity
  8
0
 62
     7
100
AcDbMText
 10
8.822406291961677
 20
120.6578969955444
 30
0.0
 40
3.5
 41
0.0
 46
0.0
 71
     1
 72
     1
  1
\H5.0;\W1.000;\Q15;\Q15;\W0.965;\H3.50;Подп. и дата
  7
KTEXTSTYLE
 11
6.123233995736766E-17
 21
1.0
 31
0.0
 73
     1
 44
1.0
  0
LINE
  5
52B
330
4EE
100
AcDbEntity
  8
0
  6
K5LT_BASIC
 62
   150
420
    33023
370
    60
100
AcDbLine
 10
8.0
 20
172.0
 30
0.0
 11
8.000000000000007
 21
292.0
 31
0.0
  0
LINE
  5
52C
330
4EE
100
AcDbEntity
  8
0
  6
K5LT_BASIC
 62
   150
420
    33023
370
    60
100
AcDbLine
 10
13.0
 20
172.0
 30
0.0
 11
13.00000000000001
 21
292.0
 31
0.0
  0
LINE
  5
52D
330
4EE
100
AcDbEntity
  8
0
  6
K5LT_BASIC
 62
   150
420
    33023
370
    60
100
AcDbLine
 10
20.0
 20
172.0
 30
0.0
 11
8.0
 21
172.0
 31
0.0
  0
LINE
  5
52E
330
4EE
100
AcDbEntity
  8
0
  6
K5LT_BASIC
 62
   150
420
    33023
370
    60
100
AcDbLine
 10
20.00000000000001
 20
292.0
 30
0.0
 11
8.000000000000007
 21
292.0
 31
0.0
  0
LINE
  5
52F
330
4EE
100
AcDbEntity
  8
0
  6
K5LT_BASIC
 62
   150
420
    33023
370
    60
100
AcDbLine
 10
20.0
 20
232.0
 30
0.0
 11
8.000000000000004
 21
232.0
 31
0.0
  0
MTEXT
  5
530
330
4EE
100
AcDbEntity
  8
0
 62
     7
100
AcDbMText
 10
8.822406291961672
 20
193.6305541992188
 30
0.0
 40
3.5
 41
0.0
 46
0.0
 71
     1
 72
     1
  1
\H5.0;\W1.000;\Q15;\Q15;\W0.965;\H3.50;Справ. №
  7
KTEXTSTYLE
 11
6.123233995736766E-17
 21
1.0
 31
0.0
 73
     1
 44
1.0
  0
MTEXT
  5
531
330
4EE
100
AcDbEntity
  8
0
 62
     7
100
AcDbMText
 10
8.822406291961675
 20
250.5170860290527
 30
0.0
 40
3.5
 41
0.0
 46
0.0
 71
     1
 72
     1
  1
\H5.0;\W1.000;\Q15;\Q15;\W0.965;\H3.50;Перв. примен.
  7
KTEXTSTYLE
 11
6.123233995736766E-17
 21
1.0
 31
0.0
 73
     1
 44
1.0
  0
LINE
  5
532
330
4EE
100
AcDbEntity
  8
0
  6
K5LT_BASIC
 62
   150
420
    33023
370
    60
100
AcDbLine
 10
90.0
 20
278.0
 30
0.0
 11
20.0
 21
278.0
 31
0.0
  0
LINE
  5
533
330
4EE
100
AcDbEntity
  8
0
  6
K5LT_BASIC
 62
   150
420
    33023
370
    60
100
AcDbLine
 10
90.0
 20
292.0
 30
0.0
 11
90.0
 21
278.0
 31
0.0
  0
MTEXT
  5
534
330
4EE
100
AcDbEntity
  8
0
 62
     7
100
AcDbMText
 10
95.5
 20
4.17759370803833
 30
0.0
 40
3.5
 41
0.0
 46
0.0
 71
     1
 72
     1
  1
\H5.0;\W1.000;\Q15;\Q15;\W0.965;\H3.50;Копировал
  7
KTEXTSTYLE
 73
     1
 44
1.0
  0
MTEXT
  5
535
330
4EE
100
AcDbEntity
  8
0
 62
     7
100
AcDbMText
 10
165.5
 20
4.17759370803833
 30
0.0
 40
3.5
 41
0.0
 46
0.0
 71
     1
 72
     1
  1
\H5.0;\W1.000;\Q15;\Q15;\W0.965;\H3.50;Формат
  7
KTEXTSTYLE
 73
     1
 44
1.0
  0
MTEXT
  5
536
330
4EE
100
AcDbEntity
  8
0
 62
     7
100
AcDbMText
 10
185.5
 20
4.17759370803833
 30
0.0
 40
3.5
 41
0.0
 46
0.0
 71
     1
 72
     1
  1
\H5.0;\W1.000;\Q15;\Q15;\W0.965;\H3.50;A4
  7
KTEXTSTYLE
 73
     1
 44
1.0
  0
LINE
  5
537
330
4EE
100
AcDbEntity
  8
0
  6
K5LT_BASIC
 62
   150
420
    33023
370
    60
100
AcDbLine
 10
20.0
 20
5.0
 30
0.0
 11
20.0
 21
292.0
 31
0.0
  0
LINE
  5
538
330
4EE
100
AcDbEntity
  8
0
  6
K5LT_BASIC
 62
   150
420
    33023
370
    60
100
AcDbLine
 10
20.0
 20
292.0
 30
0.0
 11
205.0
 21
292.0
 31
0.0
  0
LINE
  5
539
330
4EE
100
AcDbEntity
  8
0
  6
K5LT_BASIC
 62
   150
420
    33023
370
    60
100
AcDbLine
 10
205.0
 20
292.0
 30
0.0
 11
205.0
 21
5.0
 31
0.0
  0
LINE
  5
53A
330
4EE
100
AcDbEntity
  8
0
  6
K5LT_BASIC
 62
   150
420
    33023
370
    60
100
AcDbLine
 10
205.0
 20
5.0
 30
0.0
 11
20.0
 21
5.0
 31
0.0
  0
LINE
  5
53B
330
4EE
100
AcDbEntity
  8
0
  6
K5LT_THIN
 62
     7
370
    18
100
AcDbLine
 10
0.0
 20
0.0
 30
0.0
 11
0.0
 21
297.0
 31
0.0
  0
LINE
  5
53C
330
4EE
100
AcDbEntity
  8
0
  6
K5LT_THIN
 62
     7
370
    18
100
AcDbLine
 10
0.0
 20
297.0
 30
0.0
 11
210.0
 21
297.0
 31
0.0
  0
LINE
  5
53D
330
4EE
100
AcDbEntity
  8
0
  6
K5LT_THIN
 62
     7
370
    18
100
AcDbLine
 10
210.0
 20
297.0
 30
0.0
 11
210.0
 21
0.0
 31
0.0
  0
LINE
  5
53E
330
4EE
100
AcDbEntity
  8
0
  6
K5LT_THIN
 62
     7
370
    18
100
AcDbLine
 10
210.0
 20
0.0
 30
0.0
 11
0.0
 21
0.0
 31
0.0
  0
ENDBLK
  5
540
330
4EE
100
AcDbEntity
  8
0
100
AcDbBlockEnd
  0
ENDSEC
  0
SECTION
  2
ENTITIES
  0
IMAGE
  5
63
330
1F
100
AcDbEntity
  8
0
160
               140
310
8C00000001000000840000000600000005000000CC61DE9DFDE095404CCF2319DFE26DC0000000000000000066FB7737974298404CCF2319DFE26DC0000000000000000066FB7737974298408E74D025F6D73F400000000000000000CD61DE9DFDE095408E74D025F6D73F400000000000000000CC61DE9DFDE095404CCF23
310
19DFE26DC00000000000000000
100
AcDbRasterImage
 90
        0
 10
1400.247672533721
 20
-239.0897336673173
 30
0.0
 11
0.2645833333333333
 21
0.0
 31
0.0
 12
1.620105661372019E-17
 22
0.2645833333333333
 32
0.0
 13
576.0
 23
1024.0
340
61
 70
    15
280
     0
281
    50
282
    50
283
     0
360
64
 71
     1
 91
        2
 14
-0.5
 24
-0.5
 14
575.5
 24
1023.5
290
     0
  0
IMAGE
  5
66
330
1F
100
AcDbEntity
  8
0
160
               140
310
8C000000010000008400000006000000050000009C9C361C15DE8A40DCC0BF62DF9688C000000000000000000A0AD749C6AA9140DCC0BF62DF9688C000000000000000000A0AD749C6AA9140A98D8C2FACD383C000000000000000009C9C361C15DE8A40A98D8C2FACD383C000000000000000009C9C361C15DE8A40DCC0BF
310
62DF9688C00000000000000000
100
AcDbRasterImage
 90
        0
 10
859.760307718901
 20
-786.8590750675899
 30
0.0
 11
0.2645833333333333
 21
0.0
 31
0.0
 12
1.620105661372019E-17
 22
0.2645833333333333
 32
0.0
 13
1024.0
 23
576.0
340
65
 70
    15
280
     0
281
    50
282
    50
283
     0
360
67
 71
     1
 91
        2
 14
-0.5
 24
-0.5
 14
1023.5
 24
575.5
290
     0
  0
INSERT
  5
69
330
1F
100
AcDbEntity
  8
0
100
AcDbBlockReference
  2
U0
 10
0.0
 20
0.0
 30
0.0
  0
INSERT
  5
72
330
1F
100
AcDbEntity
  8
0
100
AcDbBlockReference
  2
U1
 10
0.0
 20
0.0
 30
0.0
  0
INSERT
  5
7A
330
1F
100
AcDbEntity
  8
0
100
AcDbBlockReference
  2
U2
 10
0.0
 20
0.0
 30
0.0
  0
INSERT
  5
82
330
1F
100
AcDbEntity
  8
0
100
AcDbBlockReference
  2
U3
 10
0.0
 20
0.0
 30
0.0
  0
INSERT
  5
8A
330
1F
100
AcDbEntity
  8
0
100
AcDbBlockReference
  2
U4
 10
0.0
 20
0.0
 30
0.0
  0
INSERT
  5
92
330
1F
100
AcDbEntity
  8
0
100
AcDbBlockReference
  2
U5
 10
0.0
 20
0.0
 30
0.0
  0
LINE
  5
9A
330
1F
100
AcDbEntity
  8
0
  6
K5LT_THIN
 62
     7
370
    18
100
AcDbLine
 10
514.5134561302355
 20
209.4119402339829
 30
0.0
 11
514.5134561302355
 21
269.4119402339829
 31
0.0
  0
CIRCLE
  5
9B
330
1F
100
AcDbEntity
  8
0
  6
K5LT_BASIC
 62
   150
420
    33023
370
    60
100
AcDbCircle
 10
580.0134561302355
 20
249.9119402339829
 30
0.0
 40
2.75
  0
LWPOLYLINE
  5
9C
330
1F
100
AcDbEntity
  8
0
  6
K5LT_BASIC
 62
   150
420
    33023
370
    60
100
AcDbPolyline
 90
        2
 70
     0
 43
0.0
 10
513.5134561302355
 20
218.4119402339829
 10
513.5134561302355
 20
228.4119402339829
  0
LINE
  5
9D
330
1F
100
AcDbEntity
  8
0
  6
K5LT_BASIC
 62
   150
420
    33023
370
    60
100
AcDbLine
 10
510.5134561302355
 20
228.4119402339829
 30
0.0
 11
513.5134561302355
 21
228.4119402339829
 31
0.0
  0
LINE
  5
9E
330
1F
100
AcDbEntity
  8
0
  6
K5LT_BASIC
 62
   150
420
    33023
370
    60
100
AcDbLine
 10
510.5134561302355
 20
250.4119402339829
 30
0.0
 11
513.5134561302355
 21
250.4119402339829
 31
0.0
  0
LINE
  5
9F
330
1F
100
AcDbEntity
  8
0
  6
K5LT_BASIC
 62
   150
420
    33023
370
    60
100
AcDbLine
 10
510.5134561302355
 20
218.4119402339829
 30
0.0
 11
513.5134561302355
 21
218.4119402339829
 31
0.0
  0
LINE
  5
A0
330
1F
100
AcDbEntity
  8
0
  6
K5LT_BASIC
 62
   150
420
    33023
370
    60
100
AcDbLine
 10
510.5134561302355
 20
260.4119402339829
 30
0.0
 11
513.5134561302355
 21
260.4119402339829
 31
0.0
  0
LWPOLYLINE
  5
A1
330
1F
100
AcDbEntity
  8
0
  6
K5LT_BASIC
 62
   150
420
    33023
370
    60
100
AcDbPolyline
 90
        2
 70
     0
 43
0.0
 10
510.5134561302355
 20
228.4119402339829
 10
510.5134561302355
 20
250.4119402339829
  0
LWPOLYLINE
  5
A2
330
1F
100
AcDbEntity
  8
0
  6
K5LT_BASIC
 62
   150
420
    33023
370
    60
100
AcDbPolyline
 90
        2
 70
     0
 43
0.0
 10
510.5134561302355
 20
260.4119402339829
 10
510.5134561302355
 20
276.9119402339829
  0
LWPOLYLINE
  5
A3
330
1F
100
AcDbEntity
  8
0
  6
K5LT_BASIC
 62
   150
420
    33023
370
    60
100
AcDbPolyline
 90
        2
 70
     0
 43
0.0
 10
513.5134561302355
 20
250.4119402339829
 10
513.5134561302355
 20
260.4119402339829
  0
LWPOLYLINE
  5
A4
330
1F
100
AcDbEntity
  8
0
  6
K5LT_BASIC
 62
   150
420
    33023
370
    60
100
AcDbPolyline
 90
        2
 70
     0
 43
0.0
 10
510.5134561302355
 20
201.9119402339829
 10
510.5134561302355
 20
218.4119402339829
  0
LINE
  5
A5
330
1F
100
AcDbEntity
  8
0
  6
K5LT_THIN
 62
     7
370
    18
100
AcDbLine
 10
594.5134561302355
 20
269.4119402339829
 30
0.0
 11
594.5134561302355
 21
209.4119402339829
 31
0.0
  0
LINE
  5
A6
330
1F
100
AcDbEntity
  8
0
  6
K5LT_BASIC
 62
   150
420
    33023
370
    60
100
AcDbLine
 10
646.5134561302355
 20
250.4119402339829
 30
0.0
 11
643.5134561302355
 21
250.4119402339829
 31
0.0
  0
LINE
  5
A7
330
1F
100
AcDbEntity
  8
0
  6
K5LT_BASIC
 62
   150
420
    33023
370
    60
100
AcDbLine
 10
646.5134561302355
 20
228.4119402339829
 30
0.0
 11
643.5134561302355
 21
228.4119402339829
 31
0.0
  0
LINE
  5
A8
330
1F
100
AcDbEntity
  8
0
  6
K5LT_BASIC
 62
   150
420
    33023
370
    60
100
AcDbLine
 10
646.5134561302355
 20
260.4119402339829
 30
0.0
 11
643.5134561302355
 21
260.4119402339829
 31
0.0
  0
LINE
  5
A9
330
1F
100
AcDbEntity
  8
0
  6
K5LT_BASIC
 62
   150
420
    33023
370
    60
100
AcDbLine
 10
646.5134561302355
 20
218.4119402339829
 30
0.0
 11
643.5134561302355
 21
218.4119402339829
 31
0.0
  0
LWPOLYLINE
  5
AA
330
1F
100
AcDbEntity
  8
0
  6
K5LT_BASIC
 62
   150
420
    33023
370
    60
100
AcDbPolyline
 90
        2
 70
     0
 43
0.0
 10
646.5134561302355
 20
250.4119402339829
 10
646.5134561302355
 20
228.4119402339829
  0
LWPOLYLINE
  5
AB
330
1F
100
AcDbEntity
  8
0
  6
K5LT_BASIC
 62
   150
420
    33023
370
    60
100
AcDbPolyline
 90
        2
 70
     0
 43
0.0
 10
646.5134561302355
 20
218.4119402339829
 10
646.5134561302356
 20
201.9119402339829
  0
LWPOLYLINE
  5
AC
330
1F
100
AcDbEntity
  8
0
  6
K5LT_BASIC
 62
   150
420
    33023
370
    60
100
AcDbPolyline
 90
        2
 70
     0
 43
0.0
 10
643.5134561302355
 20
228.4119402339829
 10
643.5134561302355
 20
218.4119402339829
  0
LWPOLYLINE
  5
AD
330
1F
100
AcDbEntity
  8
0
  6
K5LT_BASIC
 62
   150
420
    33023
370
    60
100
AcDbPolyline
 90
        2
 70
     0
 43
0.0
 10
643.5134561302355
 20
260.4119402339829
 10
643.5134561302355
 20
250.4119402339829
  0
LWPOLYLINE
  5
AE
330
1F
100
AcDbEntity
  8
0
  6
K5LT_BASIC
 62
   150
420
    33023
370
    60
100
AcDbPolyline
 90
        2
 70
     0
 43
0.0
 10
646.5134561302355
 20
276.9119402339829
 10
646.5134561302355
 20
260.4119402339829
  0
LINE
  5
AF
330
1F
100
AcDbEntity
  8
0
  6
K5LT_BASIC
 62
   150
420
    33023
370
    60
100
AcDbLine
 10
523.5134561302355
 20
279.9119402339829
 30
0.0
 11
523.5134561302355
 21
276.9119402339829
 31
0.0
  0
LINE
  5
B0
330
1F
100
AcDbEntity
  8
0
  6
K5LT_BASIC
 62
   150
420
    33023
370
    60
100
AcDbLine
 10
533.5134561302355
 20
279.9119402339829
 30
0.0
 11
533.5134561302355
 21
276.9119402339829
 31
0.0
  0
LWPOLYLINE
  5
B1
330
1F
100
AcDbEntity
  8
0
  6
K5LT_BASIC
 62
   150
420
    33023
370
    60
100
AcDbPolyline
 90
        2
 70
     0
 43
0.0
 10
533.5134561302355
 20
276.9119402339829
 10
543.5134561302355
 20
276.9119402339829
  0
LWPOLYLINE
  5
B2
330
1F
100
AcDbEntity
  8
0
  6
K5LT_BASIC
 62
   150
420
    33023
370
    60
100
AcDbPolyline
 90
        2
 70
     0
 43
0.0
 10
523.5134561302355
 20
279.9119402339829
 10
533.5134561302355
 20
279.9119402339829
  0
LINE
  5
B3
330
1F
100
AcDbEntity
  8
0
  6
K5LT_BASIC
 62
   150
420
    33023
370
    60
100
AcDbLine
 10
510.5134561302355
 20
276.9119402339829
 30
0.0
 11
513.5134561302355
 21
276.9119402339829
 31
0.0
  0
LWPOLYLINE
  5
B4
330
1F
100
AcDbEntity
  8
0
  6
K5LT_BASIC
 62
   150
420
    33023
370
    60
100
AcDbPolyline
 90
        2
 70
     0
 43
0.0
 10
513.5134561302355
 20
276.9119402339829
 10
523.5134561302355
 20
276.9119402339829
  0
LINE
  5
B5
330
1F
100
AcDbEntity
  8
0
  6
K5LT_BASIC
 62
   150
420
    33023
370
    60
100
AcDbLine
 10
543.5134561302355
 20
279.9119402339829
 30
0.0
 11
543.5134561302355
 21
276.9119402339829
 31
0.0
  0
LINE
  5
B6
330
1F
100
AcDbEntity
  8
0
  6
K5LT_BASIC
 62
   150
420
    33023
370
    60
100
AcDbLine
 10
553.5134561302355
 20
279.9119402339829
 30
0.0
 11
553.5134561302355
 21
276.9119402339829
 31
0.0
  0
LWPOLYLINE
  5
B7
330
1F
100
AcDbEntity
  8
0
  6
K5LT_BASIC
 62
   150
420
    33023
370
    60
100
AcDbPolyline
 90
        2
 70
     0
 43
0.0
 10
543.5134561302355
 20
279.9119402339829
 10
553.5134561302355
 20
279.9119402339829
  0
LWPOLYLINE
  5
B8
330
1F
100
AcDbEntity
  8
0
  6
K5LT_BASIC
 62
   150
420
    33023
370
    60
100
AcDbPolyline
 90
        2
 70
     0
 43
0.0
 10
553.5134561302355
 20
276.9119402339829
 10
563.5134561302355
 20
276.9119402339829
  0
LINE
  5
B9
330
1F
100
AcDbEntity
  8
0
  6
K5LT_BASIC
 62
   150
420
    33023
370
    60
100
AcDbLine
 10
563.5134561302355
 20
279.9119402339829
 30
0.0
 11
563.5134561302355
 21
276.9119402339829
 31
0.0
  0
LINE
  5
BA
330
1F
100
AcDbEntity
  8
0
  6
K5LT_BASIC
 62
   150
420
    33023
370
    60
100
AcDbLine
 10
573.5134561302355
 20
279.9119402339829
 30
0.0
 11
573.5134561302355
 21
276.9119402339829
 31
0.0
  0
LWPOLYLINE
  5
BB
330
1F
100
AcDbEntity
  8
0
  6
K5LT_BASIC
 62
   150
420
    33023
370
    60
100
AcDbPolyline
 90
        2
 70
     0
 43
0.0
 10
563.5134561302355
 20
279.9119402339829
 10
573.5134561302355
 20
279.9119402339829
  0
LWPOLYLINE
  5
BC
330
1F
100
AcDbEntity
  8
0
  6
K5LT_BASIC
 62
   150
420
    33023
370
    60
100
AcDbPolyline
 90
        2
 70
     0
 43
0.0
 10
573.5134561302355
 20
276.9119402339829
 10
583.5134561302355
 20
276.9119402339829
  0
LINE
  5
BD
330
1F
100
AcDbEntity
  8
0
  6
K5LT_BASIC
 62
   150
420
    33023
370
    60
100
AcDbLine
 10
583.5134561302355
 20
279.9119402339829
 30
0.0
 11
583.5134561302355
 21
276.9119402339829
 31
0.0
  0
LINE
  5
BE
330
1F
100
AcDbEntity
  8
0
  6
K5LT_BASIC
 62
   150
420
    33023
370
    60
100
AcDbLine
 10
593.5134561302355
 20
279.9119402339829
 30
0.0
 11
593.5134561302355
 21
276.9119402339829
 31
0.0
  0
LWPOLYLINE
  5
BF
330
1F
100
AcDbEntity
  8
0
  6
K5LT_BASIC
 62
   150
420
    33023
370
    60
100
AcDbPolyline
 90
        2
 70
     0
 43
0.0
 10
583.5134561302355
 20
279.9119402339829
 10
593.5134561302355
 20
279.9119402339829
  0
LWPOLYLINE
  5
C0
330
1F
100
AcDbEntity
  8
0
  6
K5LT_BASIC
 62
   150
420
    33023
370
    60
100
AcDbPolyline
 90
        2
 70
     0
 43
0.0
 10
593.5134561302355
 20
276.9119402339829
 10
603.5134561302355
 20
276.9119402339829
  0
LINE
  5
C1
330
1F
100
AcDbEntity
  8
0
  6
K5LT_BASIC
 62
   150
420
    33023
370
    60
100
AcDbLine
 10
603.5134561302355
 20
279.9119402339829
 30
0.0
 11
603.5134561302355
 21
276.9119402339829
 31
0.0
  0
LINE
  5
C2
330
1F
100
AcDbEntity
  8
0
  6
K5LT_BASIC
 62
   150
420
    33023
370
    60
100
AcDbLine
 10
613.5134561302355
 20
279.9119402339829
 30
0.0
 11
613.5134561302355
 21
276.9119402339829
 31
0.0
  0
LWPOLYLINE
  5
C3
330
1F
100
AcDbEntity
  8
0
  6
K5LT_BASIC
 62
   150
420
    33023
370
    60
100
AcDbPolyline
 90
        2
 70
     0
 43
0.0
 10
603.5134561302355
 20
279.9119402339829
 10
613.5134561302355
 20
279.9119402339829
  0
LWPOLYLINE
  5
C4
330
1F
100
AcDbEntity
  8
0
  6
K5LT_BASIC
 62
   150
420
    33023
370
    60
100
AcDbPolyline
 90
        2
 70
     0
 43
0.0
 10
613.5134561302355
 20
276.9119402339829
 10
623.5134561302355
 20
276.9119402339829
  0
LINE
  5
C5
330
1F
100
AcDbEntity
  8
0
  6
K5LT_BASIC
 62
   150
420
    33023
370
    60
100
AcDbLine
 10
623.5134561302355
 20
279.9119402339829
 30
0.0
 11
623.5134561302355
 21
276.9119402339829
 31
0.0
  0
LINE
  5
C6
330
1F
100
AcDbEntity
  8
0
  6
K5LT_BASIC
 62
   150
420
    33023
370
    60
100
AcDbLine
 10
633.5134561302355
 20
279.9119402339829
 30
0.0
 11
633.5134561302355
 21
276.9119402339829
 31
0.0
  0
LWPOLYLINE
  5
C7
330
1F
100
AcDbEntity
  8
0
  6
K5LT_BASIC
 62
   150
420
    33023
370
    60
100
AcDbPolyline
 90
        2
 70
     0
 43
0.0
 10
633.5134561302355
 20
276.9119402339829
 10
646.5134561302355
 20
276.9119402339829
  0
LINE
  5
C8
330
1F
100
AcDbEntity
  8
0
  6
K5LT_BASIC
 62
   150
420
    33023
370
    60
100
AcDbLine
 10
623.5134561302355
 20
279.9119402339829
 30
0.0
 11
633.5134561302355
 21
279.9119402339829
 31
0.0
  0
LINE
  5
C9
330
1F
100
AcDbEntity
  8
0
  6
K5LT_BASIC
 62
   150
420
    33023
370
    60
100
AcDbLine
 10
513.5134561302355
 20
201.9119402339829
 30
0.0
 11
523.5134561302355
 21
201.9119402339829
 31
0.0
  0
LINE
  5
CA
330
1F
100
AcDbEntity
  8
0
  6
K5LT_BASIC
 62
   150
420
    33023
370
    60
100
AcDbLine
 10
510.5134561302355
 20
201.9119402339829
 30
0.0
 11
513.5134561302355
 21
201.9119402339829
 31
0.0
  0
LINE
  5
CB
330
1F
100
AcDbEntity
  8
0
  6
K5LT_BASIC
 62
   150
420
    33023
370
    60
100
AcDbLine
 10
646.5134561302355
 20
201.9119402339829
 30
0.0
 11
643.5134561302355
 21
201.9119402339829
 31
0.0
  0
LINE
  5
CC
330
1F
100
AcDbEntity
  8
0
  6
K5LT_BASIC
 62
   150
420
    33023
370
    60
100
AcDbLine
 10
523.5134561302355
 20
198.9119402339829
 30
0.0
 11
523.5134561302355
 21
201.9119402339829
 31
0.0
  0
LINE
  5
CD
330
1F
100
AcDbEntity
  8
0
  6
K5LT_BASIC
 62
   150
420
    33023
370
    60
100
AcDbLine
 10
533.5134561302355
 20
198.9119402339829
 30
0.0
 11
533.5134561302355
 21
201.9119402339829
 31
0.0
  0
LWPOLYLINE
  5
CE
330
1F
100
AcDbEntity
  8
0
  6
K5LT_BASIC
 62
   150
420
    33023
370
    60
100
AcDbPolyline
 90
        2
 70
     0
 43
0.0
 10
533.5134561302355
 20
201.9119402339829
 10
543.5134561302355
 20
201.9119402339829
  0
LWPOLYLINE
  5
CF
330
1F
100
AcDbEntity
  8
0
  6
K5LT_BASIC
 62
   150
420
    33023
370
    60
100
AcDbPolyline
 90
        2
 70
     0
 43
0.0
 10
523.5134561302355
 20
198.9119402339829
 10
533.5134561302355
 20
198.9119402339829
  0
LINE
  5
D0
330
1F
100
AcDbEntity
  8
0
  6
K5LT_BASIC
 62
   150
420
    33023
370
    60
100
AcDbLine
 10
543.5134561302355
 20
198.9119402339829
 30
0.0
 11
543.5134561302355
 21
201.9119402339829
 31
0.0
  0
LINE
  5
D1
330
1F
100
AcDbEntity
  8
0
  6
K5LT_BASIC
 62
   150
420
    33023
370
    60
100
AcDbLine
 10
553.5134561302355
 20
198.9119402339829
 30
0.0
 11
553.5134561302355
 21
201.9119402339829
 31
0.0
  0
LWPOLYLINE
  5
D2
330
1F
100
AcDbEntity
  8
0
  6
K5LT_BASIC
 62
   150
420
    33023
370
    60
100
AcDbPolyline
 90
        2
 70
     0
 43
0.0
 10
543.5134561302355
 20
198.9119402339829
 10
553.5134561302355
 20
198.9119402339829
  0
LWPOLYLINE
  5
D3
330
1F
100
AcDbEntity
  8
0
  6
K5LT_BASIC
 62
   150
420
    33023
370
    60
100
AcDbPolyline
 90
        2
 70
     0
 43
0.0
 10
553.5134561302355
 20
201.9119402339829
 10
563.5134561302355
 20
201.9119402339829
  0
LINE
  5
D4
330
1F
100
AcDbEntity
  8
0
  6
K5LT_BASIC
 62
   150
420
    33023
370
    60
100
AcDbLine
 10
563.5134561302355
 20
198.9119402339829
 30
0.0
 11
563.5134561302355
 21
201.9119402339829
 31
0.0
  0
LINE
  5
D5
330
1F
100
AcDbEntity
  8
0
  6
K5LT_BASIC
 62
   150
420
    33023
370
    60
100
AcDbLine
 10
573.5134561302355
 20
198.9119402339829
 30
0.0
 11
573.5134561302355
 21
201.9119402339829
 31
0.0
  0
LWPOLYLINE
  5
D6
330
1F
100
AcDbEntity
  8
0
  6
K5LT_BASIC
 62
   150
420
    33023
370
    60
100
AcDbPolyline
 90
        2
 70
     0
 43
0.0
 10
563.5134561302355
 20
198.9119402339829
 10
573.5134561302355
 20
198.9119402339829
  0
LWPOLYLINE
  5
D7
330
1F
100
AcDbEntity
  8
0
  6
K5LT_BASIC
 62
   150
420
    33023
370
    60
100
AcDbPolyline
 90
        2
 70
     0
 43
0.0
 10
573.5134561302355
 20
201.9119402339829
 10
583.5134561302355
 20
201.9119402339829
  0
LINE
  5
D8
330
1F
100
AcDbEntity
  8
0
  6
K5LT_BASIC
 62
   150
420
    33023
370
    60
100
AcDbLine
 10
583.5134561302355
 20
198.9119402339829
 30
0.0
 11
583.5134561302355
 21
201.9119402339829
 31
0.0
  0
LINE
  5
D9
330
1F
100
AcDbEntity
  8
0
  6
K5LT_BASIC
 62
   150
420
    33023
370
    60
100
AcDbLine
 10
593.5134561302355
 20
198.9119402339829
 30
0.0
 11
593.5134561302355
 21
201.9119402339829
 31
0.0
  0
LWPOLYLINE
  5
DA
330
1F
100
AcDbEntity
  8
0
  6
K5LT_BASIC
 62
   150
420
    33023
370
    60
100
AcDbPolyline
 90
        2
 70
     0
 43
0.0
 10
583.5134561302355
 20
198.9119402339829
 10
593.5134561302355
 20
198.9119402339829
  0
LWPOLYLINE
  5
DB
330
1F
100
AcDbEntity
  8
0
  6
K5LT_BASIC
 62
   150
420
    33023
370
    60
100
AcDbPolyline
 90
        2
 70
     0
 43
0.0
 10
593.5134561302355
 20
201.9119402339829
 10
603.5134561302355
 20
201.9119402339829
  0
LINE
  5
DC
330
1F
100
AcDbEntity
  8
0
  6
K5LT_BASIC
 62
   150
420
    33023
370
    60
100
AcDbLine
 10
603.5134561302355
 20
198.9119402339829
 30
0.0
 11
603.5134561302355
 21
201.9119402339829
 31
0.0
  0
LINE
  5
DD
330
1F
100
AcDbEntity
  8
0
  6
K5LT_BASIC
 62
   150
420
    33023
370
    60
100
AcDbLine
 10
613.5134561302355
 20
198.9119402339829
 30
0.0
 11
613.5134561302355
 21
201.9119402339829
 31
0.0
  0
LWPOLYLINE
  5
DE
330
1F
100
AcDbEntity
  8
0
  6
K5LT_BASIC
 62
   150
420
    33023
370
    60
100
AcDbPolyline
 90
        2
 70
     0
 43
0.0
 10
603.5134561302355
 20
198.9119402339829
 10
613.5134561302355
 20
198.9119402339829
  0
LWPOLYLINE
  5
DF
330
1F
100
AcDbEntity
  8
0
  6
K5LT_BASIC
 62
   150
420
    33023
370
    60
100
AcDbPolyline
 90
        2
 70
     0
 43
0.0
 10
613.5134561302355
 20
201.9119402339829
 10
623.5134561302355
 20
201.9119402339829
  0
LINE
  5
E0
330
1F
100
AcDbEntity
  8
0
  6
K5LT_BASIC
 62
   150
420
    33023
370
    60
100
AcDbLine
 10
623.5134561302355
 20
198.9119402339829
 30
0.0
 11
623.5134561302355
 21
201.9119402339829
 31
0.0
  0
LINE
  5
E1
330
1F
100
AcDbEntity
  8
0
  6
K5LT_BASIC
 62
   150
420
    33023
370
    60
100
AcDbLine
 10
633.5134561302355
 20
198.9119402339829
 30
0.0
 11
633.5134561302355
 21
201.9119402339829
 31
0.0
  0
LINE
  5
E2
330
1F
100
AcDbEntity
  8
0
  6
K5LT_BASIC
 62
   150
420
    33023
370
    60
100
AcDbLine
 10
623.5134561302355
 20
198.9119402339829
 30
0.0
 11
633.5134561302355
 21
198.9119402339829
 31
0.0
  0
LINE
  5
E3
330
1F
100
AcDbEntity
  8
0
  6
K5LT_BASIC
 62
   150
420
    33023
370
    60
100
AcDbLine
 10
633.5134561302355
 20
201.9119402339829
 30
0.0
 11
643.5134561302355
 21
201.9119402339829
 31
0.0
  0
LINE
  5
E4
330
1F
100
AcDbEntity
  8
0
  6
K5LT_THIN
 62
     7
370
    18
100
AcDbLine
 10
594.5134561302355
 20
209.4119402339829
 30
0.0
 11
514.5134561302355
 21
209.4119402339829
 31
0.0
  0
LINE
  5
E5
330
1F
100
AcDbEntity
  8
0
  6
K5LT_THIN
 62
     7
370
    18
100
AcDbLine
 10
514.5134561302355
 20
269.4119402339829
 30
0.0
 11
594.5134561302355
 21
269.4119402339829
 31
0.0
  0
CIRCLE
  5
E6
330
1F
100
AcDbEntity
  8
0
  6
K5LT_BASIC
 62
   150
420
    33023
370
    60
100
AcDbCircle
 10
516.5134561302355
 20
267.4119402339829
 30
0.0
 40
1.0
  0
CIRCLE
  5
E7
330
1F
100
AcDbEntity
  8
0
  6
K5LT_BASIC
 62
   150
420
    33023
370
    60
100
AcDbCircle
 10
592.5134561302355
 20
267.4119402339829
 30
0.0
 40
1.0
  0
CIRCLE
  5
E8
330
1F
100
AcDbEntity
  8
0
  6
K5LT_BASIC
 62
   150
420
    33023
370
    60
100
AcDbCircle
 10
516.5134561302355
 20
211.4119402339829
 30
0.0
 40
1.0
  0
CIRCLE
  5
E9
330
1F
100
AcDbEntity
  8
0
  6
K5LT_BASIC
 62
   150
420
    33023
370
    60
100
AcDbCircle
 10
592.5134561302355
 20
211.4119402339829
 30
0.0
 40
1.0
  0
INSERT
  5
EB
330
1F
100
AcDbEntity
  8
0
100
AcDbBlockReference
  2
U6
 10
0.0
 20
0.0
 30
0.0
  0
CIRCLE
  5
F2
330
1F
100
AcDbEntity
  8
0
  6
K5LT_BASIC
 62
   150
420
    33023
370
    60
100
AcDbCircle
 10
600.7634561302356
 20
271.9119402339828
 30
0.0
 40
1.5
  0
CIRCLE
  5
F3
330
1F
100
AcDbEntity
  8
0
  6
K5LT_BASIC
 62
   150
420
    33023
370
    60
100
AcDbCircle
 10
636.2634561302353
 20
271.9119402339828
 30
0.0
 40
1.5
  0
CIRCLE
  5
F4
330
1F
100
AcDbEntity
  8
0
  6
K5LT_BASIC
 62
   150
420
    33023
370
    60
100
AcDbCircle
 10
600.7634561302356
 20
209.4119402339828
 30
0.0
 40
1.5
  0
CIRCLE
  5
F5
330
1F
100
AcDbEntity
  8
0
  6
K5LT_BASIC
 62
   150
420
    33023
370
    60
100
AcDbCircle
 10
636.2634561302353
 20
209.4119402339828
 30
0.0
 40
1.5
  0
INSERT
  5
F7
330
1F
100
AcDbEntity
  8
0
100
AcDbBlockReference
  2
U7
 10
0.0
 20
0.0
 30
0.0
  0
LINE
  5
FE
330
1F
100
AcDbEntity
  8
0
  6
K5LT_BASIC
 62
   150
420
    33023
370
    60
100
AcDbLine
 10
523.5134561302355
 20
300.2647860360591
 30
0.0
 11
523.5134561302355
 21
297.2647860360591
 31
0.0
  0
LINE
  5
FF
330
1F
100
AcDbEntity
  8
0
  6
K5LT_BASIC
 62
   150
420
    33023
370
    60
100
AcDbLine
 10
533.5134561302355
 20
300.2647860360591
 30
0.0
 11
533.5134561302355
 21
297.2647860360591
 31
0.0
  0
LWPOLYLINE
  5
100
330
1F
100
AcDbEntity
  8
0
  6
K5LT_BASIC
 62
   150
420
    33023
370
    60
100
AcDbPolyline
 90
        2
 70
     0
 43
0.0
 10
533.5134561302355
 20
297.2647860360591
 10
543.5134561302355
 20
297.2647860360591
  0
LWPOLYLINE
  5
101
330
1F
100
AcDbEntity
  8
0
  6
K5LT_BASIC
 62
   150
420
    33023
370
    60
100
AcDbPolyline
 90
        2
 70
     0
 43
0.0
 10
523.5134561302355
 20
300.2647860360591
 10
533.5134561302355
 20
300.2647860360591
  0
LINE
  5
102
330
1F
100
AcDbEntity
  8
0
  6
K5LT_BASIC
 62
   150
420
    33023
370
    60
100
AcDbLine
 10
510.5134561302355
 20
297.2647860360591
 30
0.0
 11
513.5134561302355
 21
297.2647860360591
 31
0.0
  0
LWPOLYLINE
  5
103
330
1F
100
AcDbEntity
  8
0
  6
K5LT_BASIC
 62
   150
420
    33023
370
    60
100
AcDbPolyline
 90
        2
 70
     0
 43
0.0
 10
513.5134561302355
 20
297.2647860360591
 10
523.5134561302355
 20
297.2647860360591
  0
LINE
  5
104
330
1F
100
AcDbEntity
  8
0
  6
K5LT_BASIC
 62
   150
420
    33023
370
    60
100
AcDbLine
 10
543.5134561302355
 20
300.2647860360591
 30
0.0
 11
543.5134561302355
 21
297.2647860360591
 31
0.0
  0
LINE
  5
105
330
1F
100
AcDbEntity
  8
0
  6
K5LT_BASIC
 62
   150
420
    33023
370
    60
100
AcDbLine
 10
553.5134561302355
 20
300.2647860360591
 30
0.0
 11
553.5134561302355
 21
297.2647860360591
 31
0.0
  0
LWPOLYLINE
  5
106
330
1F
100
AcDbEntity
  8
0
  6
K5LT_BASIC
 62
   150
420
    33023
370
    60
100
AcDbPolyline
 90
        2
 70
     0
 43
0.0
 10
543.5134561302355
 20
300.2647860360591
 10
553.5134561302355
 20
300.2647860360591
  0
LWPOLYLINE
  5
107
330
1F
100
AcDbEntity
  8
0
  6
K5LT_BASIC
 62
   150
420
    33023
370
    60
100
AcDbPolyline
 90
        2
 70
     0
 43
0.0
 10
553.5134561302355
 20
297.2647860360591
 10
563.5134561302355
 20
297.2647860360591
  0
LINE
  5
108
330
1F
100
AcDbEntity
  8
0
  6
K5LT_BASIC
 62
   150
420
    33023
370
    60
100
AcDbLine
 10
563.5134561302355
 20
300.2647860360591
 30
0.0
 11
563.5134561302355
 21
297.2647860360591
 31
0.0
  0
LINE
  5
109
330
1F
100
AcDbEntity
  8
0
  6
K5LT_BASIC
 62
   150
420
    33023
370
    60
100
AcDbLine
 10
573.5134561302355
 20
300.2647860360591
 30
0.0
 11
573.5134561302355
 21
297.2647860360591
 31
0.0
  0
LWPOLYLINE
  5
10A
330
1F
100
AcDbEntity
  8
0
  6
K5LT_BASIC
 62
   150
420
    33023
370
    60
100
AcDbPolyline
 90
        2
 70
     0
 43
0.0
 10
563.5134561302355
 20
300.2647860360591
 10
573.5134561302355
 20
300.2647860360591
  0
LWPOLYLINE
  5
10B
330
1F
100
AcDbEntity
  8
0
  6
K5LT_BASIC
 62
   150
420
    33023
370
    60
100
AcDbPolyline
 90
        2
 70
     0
 43
0.0
 10
573.5134561302355
 20
297.2647860360591
 10
583.5134561302355
 20
297.2647860360591
  0
LINE
  5
10C
330
1F
100
AcDbEntity
  8
0
  6
K5LT_BASIC
 62
   150
420
    33023
370
    60
100
AcDbLine
 10
583.5134561302355
 20
300.2647860360591
 30
0.0
 11
583.5134561302355
 21
297.2647860360591
 31
0.0
  0
LINE
  5
10D
330
1F
100
AcDbEntity
  8
0
  6
K5LT_BASIC
 62
   150
420
    33023
370
    60
100
AcDbLine
 10
593.5134561302355
 20
300.2647860360591
 30
0.0
 11
593.5134561302355
 21
297.2647860360591
 31
0.0
  0
LWPOLYLINE
  5
10E
330
1F
100
AcDbEntity
  8
0
  6
K5LT_BASIC
 62
   150
420
    33023
370
    60
100
AcDbPolyline
 90
        2
 70
     0
 43
0.0
 10
583.5134561302355
 20
300.2647860360591
 10
593.5134561302355
 20
300.2647860360591
  0
LWPOLYLINE
  5
10F
330
1F
100
AcDbEntity
  8
0
  6
K5LT_BASIC
 62
   150
420
    33023
370
    60
100
AcDbPolyline
 90
        2
 70
     0
 43
0.0
 10
593.5134561302355
 20
297.2647860360591
 10
603.5134561302355
 20
297.2647860360591
  0
LINE
  5
110
330
1F
100
AcDbEntity
  8
0
  6
K5LT_BASIC
 62
   150
420
    33023
370
    60
100
AcDbLine
 10
603.5134561302355
 20
300.2647860360591
 30
0.0
 11
603.5134561302355
 21
297.2647860360591
 31
0.0
  0
LINE
  5
111
330
1F
100
AcDbEntity
  8
0
  6
K5LT_BASIC
 62
   150
420
    33023
370
    60
100
AcDbLine
 10
613.5134561302355
 20
300.2647860360591
 30
0.0
 11
613.5134561302355
 21
297.2647860360591
 31
0.0
  0
LWPOLYLINE
  5
112
330
1F
100
AcDbEntity
  8
0
  6
K5LT_BASIC
 62
   150
420
    33023
370
    60
100
AcDbPolyline
 90
        2
 70
     0
 43
0.0
 10
603.5134561302355
 20
300.2647860360591
 10
613.5134561302355
 20
300.2647860360591
  0
LWPOLYLINE
  5
113
330
1F
100
AcDbEntity
  8
0
  6
K5LT_BASIC
 62
   150
420
    33023
370
    60
100
AcDbPolyline
 90
        2
 70
     0
 43
0.0
 10
613.5134561302355
 20
297.2647860360591
 10
623.5134561302355
 20
297.2647860360591
  0
LINE
  5
114
330
1F
100
AcDbEntity
  8
0
  6
K5LT_BASIC
 62
   150
420
    33023
370
    60
100
AcDbLine
 10
623.5134561302355
 20
300.2647860360591
 30
0.0
 11
623.5134561302355
 21
297.2647860360591
 31
0.0
  0
LINE
  5
115
330
1F
100
AcDbEntity
  8
0
  6
K5LT_BASIC
 62
   150
420
    33023
370
    60
100
AcDbLine
 10
633.5134561302355
 20
300.2647860360591
 30
0.0
 11
633.5134561302355
 21
297.2647860360591
 31
0.0
  0
LWPOLYLINE
  5
116
330
1F
100
AcDbEntity
  8
0
  6
K5LT_BASIC
 62
   150
420
    33023
370
    60
100
AcDbPolyline
 90
        2
 70
     0
 43
0.0
 10
633.5134561302355
 20
297.2647860360591
 10
646.5134561302355
 20
297.2647860360591
  0
LINE
  5
117
330
1F
100
AcDbEntity
  8
0
  6
K5LT_BASIC
 62
   150
420
    33023
370
    60
100
AcDbLine
 10
623.5134561302355
 20
300.2647860360591
 30
0.0
 11
633.5134561302355
 21
300.2647860360591
 31
0.0
  0
LINE
  5
118
330
1F
100
AcDbEntity
  8
0
  6
K5LT_BASIC
 62
   150
420
    33023
370
    60
100
AcDbLine
 10
513.5134561302356
 20
330.2647860360591
 30
0.0
 11
513.5134561302355
 21
305.2647860360591
 31
0.0
  0
LINE
  5
119
330
1F
100
AcDbEntity
  8
0
  6
K5LT_BASIC
 62
   150
420
    33023
370
    60
100
AcDbLine
 10
513.5134561302355
 20
305.2647860360591
 30
0.0
 11
510.5134561302355
 21
305.2647860360591
 31
0.0
  0
LINE
  5
11A
330
1F
100
AcDbEntity
  8
0
  6
K5LT_BASIC
 62
   150
420
    33023
370
    60
100
AcDbLine
 10
510.5134561302355
 20
305.2647860360591
 30
0.0
 11
510.5134561302355
 21
297.2647860360591
 31
0.0
  0
LINE
  5
11B
330
1F
100
AcDbEntity
  8
0
  6
K5LT_BASIC
 62
   150
420
    33023
370
    60
100
AcDbLine
 10
643.5134561302356
 20
330.2647860360591
 30
0.0
 11
643.5134561302355
 21
305.2647860360591
 31
0.0
  0
LINE
  5
11C
330
1F
100
AcDbEntity
  8
0
  6
K5LT_BASIC
 62
   150
420
    33023
370
    60
100
AcDbLine
 10
643.5134561302355
 20
305.2647860360591
 30
0.0
 11
646.5134561302355
 21
305.2647860360591
 31
0.0
  0
LINE
  5
11D
330
1F
100
AcDbEntity
  8
0
  6
K5LT_BASIC
 62
   150
420
    33023
370
    60
100
AcDbLine
 10
646.5134561302355
 20
305.2647860360591
 30
0.0
 11
646.5134561302355
 21
297.2647860360591
 31
0.0
  0
LINE
  5
11E
330
1F
100
AcDbEntity
  8
0
  6
K5LT_BASIC
 62
   150
420
    33023
370
    60
100
AcDbLine
 10
661.5037094183325
 20
250.4119402339829
 30
0.0
 11
658.5037094183325
 21
250.4119402339829
 31
0.0
  0
LINE
  5
11F
330
1F
100
AcDbEntity
  8
0
  6
K5LT_BASIC
 62
   150
420
    33023
370
    60
100
AcDbLine
 10
661.5037094183325
 20
228.4119402339829
 30
0.0
 11
658.5037094183325
 21
228.4119402339829
 31
0.0
  0
LINE
  5
120
330
1F
100
AcDbEntity
  8
0
  6
K5LT_BASIC
 62
   150
420
    33023
370
    60
100
AcDbLine
 10
661.5037094183325
 20
260.4119402339829
 30
0.0
 11
658.5037094183325
 21
260.4119402339829
 31
0.0
  0
LINE
  5
121
330
1F
100
AcDbEntity
  8
0
  6
K5LT_BASIC
 62
   150
420
    33023
370
    60
100
AcDbLine
 10
661.5037094183325
 20
218.4119402339829
 30
0.0
 11
658.5037094183325
 21
218.4119402339829
 31
0.0
  0
LWPOLYLINE
  5
122
330
1F
100
AcDbEntity
  8
0
  6
K5LT_BASIC
 62
   150
420
    33023
370
    60
100
AcDbPolyline
 90
        2
 70
     0
 43
0.0
 10
661.5037094183325
 20
250.4119402339829
 10
661.5037094183325
 20
228.4119402339829
  0
LWPOLYLINE
  5
123
330
1F
100
AcDbEntity
  8
0
  6
K5LT_BASIC
 62
   150
420
    33023
370
    60
100
AcDbPolyline
 90
        2
 70
     0
 43
0.0
 10
661.5037094183325
 20
218.4119402339829
 10
661.5037094183326
 20
201.9119402339829
  0
LWPOLYLINE
  5
124
330
1F
100
AcDbEntity
  8
0
  6
K5LT_BASIC
 62
   150
420
    33023
370
    60
100
AcDbPolyline
 90
        2
 70
     0
 43
0.0
 10
658.5037094183325
 20
228.4119402339829
 10
658.5037094183325
 20
218.4119402339829
  0
LWPOLYLINE
  5
125
330
1F
100
AcDbEntity
  8
0
  6
K5LT_BASIC
 62
   150
420
    33023
370
    60
100
AcDbPolyline
 90
        2
 70
     0
 43
0.0
 10
658.5037094183325
 20
260.4119402339829
 10
658.5037094183325
 20
250.4119402339829
  0
LWPOLYLINE
  5
126
330
1F
100
AcDbEntity
  8
0
  6
K5LT_BASIC
 62
   150
420
    33023
370
    60
100
AcDbPolyline
 90
        2
 70
     0
 43
0.0
 10
661.5037094183325
 20
276.9119402339829
 10
661.5037094183325
 20
260.4119402339829
  0
LINE
  5
127
330
1F
100
AcDbEntity
  8
0
  6
K5LT_BASIC
 62
   150
420
    33023
370
    60
100
AcDbLine
 10
661.5037094183325
 20
276.9119402339829
 30
0.0
 11
666.5037094183325
 21
276.9119402339829
 31
0.0
  0
LINE
  5
128
330
1F
100
AcDbEntity
  8
0
  6
K5LT_BASIC
 62
   150
420
    33023
370
    60
100
AcDbLine
 10
666.5037094183325
 20
276.9119402339829
 30
0.0
 11
666.5037094183325
 21
279.9119402339829
 31
0.0
  0
LINE
  5
129
330
1F
100
AcDbEntity
  8
0
  6
K5LT_BASIC
 62
   150
420
    33023
370
    60
100
AcDbLine
 10
691.5037094183326
 20
279.9119402339829
 30
0.0
 11
666.5037094183325
 21
279.9119402339829
 31
0.0
  0
LINE
  5
12A
330
1F
100
AcDbEntity
  8
0
  6
K5LT_BASIC
 62
   150
420
    33023
370
    60
100
AcDbLine
 10
666.5037094183325
 20
201.9119402339829
 30
0.0
 11
666.5037094183325
 21
198.9119402339829
 31
0.0
  0
LINE
  5
12B
330
1F
100
AcDbEntity
  8
0
  6
K5LT_BASIC
 62
   150
420
    33023
370
    60
100
AcDbLine
 10
691.5037094183326
 20
198.9119402339829
 30
0.0
 11
666.5037094183325
 21
198.9119402339829
 31
0.0
  0
LINE
  5
12C
330
1F
100
AcDbEntity
  8
0
  6
K5LT_BASIC
 62
   150
420
    33023
370
    60
100
AcDbLine
 10
661.5037094183326
 20
201.9119402339829
 30
0.0
 11
666.5037094183325
 21
201.9119402339829
 31
0.0
  0
INSERT
  5
12E
330
1F
100
AcDbEntity
  8
0
100
AcDbBlockReference
  2
T0
 10
0.0
 20
0.0
 30
0.0
  0
LINE
  5
134
330
1F
100
AcDbEntity
  8
0
  6
K5LT_BASIC
 62
   150
420
    33023
370
    60
100
AcDbLine
 10
523.5134561302355
 20
335.2647860360591
 30
0.0
 11
523.5134561302355
 21
338.2647860360591
 31
0.0
  0
LINE
  5
135
330
1F
100
AcDbEntity
  8
0
  6
K5LT_BASIC
 62
   150
420
    33023
370
    60
100
AcDbLine
 10
533.5134561302355
 20
335.2647860360591
 30
0.0
 11
533.5134561302355
 21
338.2647860360591
 31
0.0
  0
LWPOLYLINE
  5
136
330
1F
100
AcDbEntity
  8
0
  6
K5LT_BASIC
 62
   150
420
    33023
370
    60
100
AcDbPolyline
 90
        2
 70
     0
 43
0.0
 10
533.5134561302355
 20
338.2647860360591
 10
543.5134561302355
 20
338.2647860360591
  0
LWPOLYLINE
  5
137
330
1F
100
AcDbEntity
  8
0
  6
K5LT_BASIC
 62
   150
420
    33023
370
    60
100
AcDbPolyline
 90
        2
 70
     0
 43
0.0
 10
523.5134561302355
 20
335.2647860360591
 10
533.5134561302355
 20
335.2647860360591
  0
LINE
  5
138
330
1F
100
AcDbEntity
  8
0
  6
K5LT_BASIC
 62
   150
420
    33023
370
    60
100
AcDbLine
 10
510.5134561302355
 20
338.2647860360591
 30
0.0
 11
513.5134561302355
 21
338.2647860360591
 31
0.0
  0
LWPOLYLINE
  5
139
330
1F
100
AcDbEntity
  8
0
  6
K5LT_BASIC
 62
   150
420
    33023
370
    60
100
AcDbPolyline
 90
        2
 70
     0
 43
0.0
 10
513.5134561302355
 20
338.2647860360591
 10
523.5134561302355
 20
338.2647860360591
  0
LINE
  5
13A
330
1F
100
AcDbEntity
  8
0
  6
K5LT_BASIC
 62
   150
420
    33023
370
    60
100
AcDbLine
 10
543.5134561302355
 20
335.2647860360591
 30
0.0
 11
543.5134561302355
 21
338.2647860360591
 31
0.0
  0
LINE
  5
13B
330
1F
100
AcDbEntity
  8
0
  6
K5LT_BASIC
 62
   150
420
    33023
370
    60
100
AcDbLine
 10
553.5134561302355
 20
335.2647860360591
 30
0.0
 11
553.5134561302355
 21
338.2647860360591
 31
0.0
  0
LWPOLYLINE
  5
13C
330
1F
100
AcDbEntity
  8
0
  6
K5LT_BASIC
 62
   150
420
    33023
370
    60
100
AcDbPolyline
 90
        2
 70
     0
 43
0.0
 10
543.5134561302355
 20
335.2647860360591
 10
553.5134561302355
 20
335.2647860360591
  0
LWPOLYLINE
  5
13D
330
1F
100
AcDbEntity
  8
0
  6
K5LT_BASIC
 62
   150
420
    33023
370
    60
100
AcDbPolyline
 90
        2
 70
     0
 43
0.0
 10
553.5134561302355
 20
338.2647860360591
 10
563.5134561302355
 20
338.2647860360591
  0
LINE
  5
13E
330
1F
100
AcDbEntity
  8
0
  6
K5LT_BASIC
 62
   150
420
    33023
370
    60
100
AcDbLine
 10
563.5134561302355
 20
335.2647860360591
 30
0.0
 11
563.5134561302355
 21
338.2647860360591
 31
0.0
  0
LINE
  5
13F
330
1F
100
AcDbEntity
  8
0
  6
K5LT_BASIC
 62
   150
420
    33023
370
    60
100
AcDbLine
 10
573.5134561302355
 20
335.2647860360591
 30
0.0
 11
573.5134561302355
 21
338.2647860360591
 31
0.0
  0
LWPOLYLINE
  5
140
330
1F
100
AcDbEntity
  8
0
  6
K5LT_BASIC
 62
   150
420
    33023
370
    60
100
AcDbPolyline
 90
        2
 70
     0
 43
0.0
 10
563.5134561302355
 20
335.2647860360591
 10
573.5134561302355
 20
335.2647860360591
  0
LWPOLYLINE
  5
141
330
1F
100
AcDbEntity
  8
0
  6
K5LT_BASIC
 62
   150
420
    33023
370
    60
100
AcDbPolyline
 90
        2
 70
     0
 43
0.0
 10
573.5134561302355
 20
338.2647860360591
 10
583.5134561302355
 20
338.2647860360591
  0
LINE
  5
142
330
1F
100
AcDbEntity
  8
0
  6
K5LT_BASIC
 62
   150
420
    33023
370
    60
100
AcDbLine
 10
583.5134561302355
 20
335.2647860360591
 30
0.0
 11
583.5134561302355
 21
338.2647860360591
 31
0.0
  0
LINE
  5
143
330
1F
100
AcDbEntity
  8
0
  6
K5LT_BASIC
 62
   150
420
    33023
370
    60
100
AcDbLine
 10
593.5134561302355
 20
335.2647860360591
 30
0.0
 11
593.5134561302355
 21
338.2647860360591
 31
0.0
  0
LWPOLYLINE
  5
144
330
1F
100
AcDbEntity
  8
0
  6
K5LT_BASIC
 62
   150
420
    33023
370
    60
100
AcDbPolyline
 90
        2
 70
     0
 43
0.0
 10
583.5134561302355
 20
335.2647860360591
 10
593.5134561302355
 20
335.2647860360591
  0
LWPOLYLINE
  5
145
330
1F
100
AcDbEntity
  8
0
  6
K5LT_BASIC
 62
   150
420
    33023
370
    60
100
AcDbPolyline
 90
        2
 70
     0
 43
0.0
 10
593.5134561302355
 20
338.2647860360591
 10
603.5134561302355
 20
338.2647860360591
  0
LINE
  5
146
330
1F
100
AcDbEntity
  8
0
  6
K5LT_BASIC
 62
   150
420
    33023
370
    60
100
AcDbLine
 10
603.5134561302355
 20
335.2647860360591
 30
0.0
 11
603.5134561302355
 21
338.2647860360591
 31
0.0
  0
LINE
  5
147
330
1F
100
AcDbEntity
  8
0
  6
K5LT_BASIC
 62
   150
420
    33023
370
    60
100
AcDbLine
 10
613.5134561302355
 20
335.2647860360591
 30
0.0
 11
613.5134561302355
 21
338.2647860360591
 31
0.0
  0
LWPOLYLINE
  5
148
330
1F
100
AcDbEntity
  8
0
  6
K5LT_BASIC
 62
   150
420
    33023
370
    60
100
AcDbPolyline
 90
        2
 70
     0
 43
0.0
 10
603.5134561302355
 20
335.2647860360591
 10
613.5134561302355
 20
335.2647860360591
  0
LWPOLYLINE
  5
149
330
1F
100
AcDbEntity
  8
0
  6
K5LT_BASIC
 62
   150
420
    33023
370
    60
100
AcDbPolyline
 90
        2
 70
     0
 43
0.0
 10
613.5134561302355
 20
338.2647860360591
 10
623.5134561302355
 20
338.2647860360591
  0
LINE
  5
14A
330
1F
100
AcDbEntity
  8
0
  6
K5LT_BASIC
 62
   150
420
    33023
370
    60
100
AcDbLine
 10
623.5134561302355
 20
335.2647860360591
 30
0.0
 11
623.5134561302355
 21
338.2647860360591
 31
0.0
  0
LINE
  5
14B
330
1F
100
AcDbEntity
  8
0
  6
K5LT_BASIC
 62
   150
420
    33023
370
    60
100
AcDbLine
 10
633.5134561302355
 20
335.2647860360591
 30
0.0
 11
633.5134561302355
 21
338.2647860360591
 31
0.0
  0
LWPOLYLINE
  5
14C
330
1F
100
AcDbEntity
  8
0
  6
K5LT_BASIC
 62
   150
420
    33023
370
    60
100
AcDbPolyline
 90
        2
 70
     0
 43
0.0
 10
633.5134561302355
 20
338.2647860360591
 10
646.5134561302355
 20
338.2647860360591
  0
LINE
  5
14D
330
1F
100
AcDbEntity
  8
0
  6
K5LT_BASIC
 62
   150
420
    33023
370
    60
100
AcDbLine
 10
623.5134561302355
 20
335.2647860360591
 30
0.0
 11
633.5134561302355
 21
335.2647860360591
 31
0.0
  0
LINE
  5
14E
330
1F
100
AcDbEntity
  8
0
  6
K5LT_BASIC
 62
   150
420
    33023
370
    60
100
AcDbLine
 10
510.5134561302355
 20
338.2647860360591
 30
0.0
 11
510.5134561302355
 21
330.2647860360591
 31
0.0
  0
LINE
  5
14F
330
1F
100
AcDbEntity
  8
0
  6
K5LT_BASIC
 62
   150
420
    33023
370
    60
100
AcDbLine
 10
646.5134561302355
 20
338.2647860360591
 30
0.0
 11
646.5134561302355
 21
330.2647860360591
 31
0.0
  0
LINE
  5
150
330
1F
100
AcDbEntity
  8
0
  6
K5LT_BASIC
 62
   150
420
    33023
370
    60
100
AcDbLine
 10
510.5134561302355
 20
330.2647860360591
 30
0.0
 11
513.5134561302355
 21
330.2647860360591
 31
0.0
  0
LINE
  5
151
330
1F
100
AcDbEntity
  8
0
  6
K5LT_BASIC
 62
   150
420
    33023
370
    60
100
AcDbLine
 10
646.5134561302355
 20
330.2647860360591
 30
0.0
 11
643.5134561302355
 21
330.2647860360591
 31
0.0
  0
CIRCLE
  5
152
330
1F
100
AcDbEntity
  8
0
  6
K5LT_BASIC
 62
   150
420
    33023
370
    60
100
AcDbCircle
 10
528.5134561302355
 20
317.7647860360591
 30
0.0
 40
1.6
  0
CIRCLE
  5
153
330
1F
100
AcDbEntity
  8
0
  6
K5LT_BASIC
 62
   150
420
    33023
370
    60
100
AcDbCircle
 10
578.5134561302355
 20
317.7647860360591
 30
0.0
 40
1.6
  0
CIRCLE
  5
154
330
1F
100
AcDbEntity
  8
0
  6
K5LT_BASIC
 62
   150
420
    33023
370
    60
100
AcDbCircle
 10
628.5134561302355
 20
317.7647860360591
 30
0.0
 40
1.6
  0
LINE
  5
155
330
1F
100
AcDbEntity
  8
0
  6
K5LT_BASIC
 62
   150
420
    33023
370
    60
100
AcDbLine
 10
523.5134561302355
 20
152.0837183991803
 30
0.0
 11
523.5134561302355
 21
149.0837183991803
 31
0.0
  0
LINE
  5
156
330
1F
100
AcDbEntity
  8
0
  6
K5LT_BASIC
 62
   150
420
    33023
370
    60
100
AcDbLine
 10
533.5134561302355
 20
152.0837183991803
 30
0.0
 11
533.5134561302355
 21
149.0837183991803
 31
0.0
  0
LWPOLYLINE
  5
157
330
1F
100
AcDbEntity
  8
0
  6
K5LT_BASIC
 62
   150
420
    33023
370
    60
100
AcDbPolyline
 90
        2
 70
     0
 43
0.0
 10
533.5134561302355
 20
149.0837183991803
 10
543.5134561302355
 20
149.0837183991803
  0
LWPOLYLINE
  5
158
330
1F
100
AcDbEntity
  8
0
  6
K5LT_BASIC
 62
   150
420
    33023
370
    60
100
AcDbPolyline
 90
        2
 70
     0
 43
0.0
 10
523.5134561302355
 20
152.0837183991803
 10
533.5134561302355
 20
152.0837183991803
  0
LINE
  5
159
330
1F
100
AcDbEntity
  8
0
  6
K5LT_BASIC
 62
   150
420
    33023
370
    60
100
AcDbLine
 10
510.5134561302355
 20
149.0837183991803
 30
0.0
 11
513.5134561302355
 21
149.0837183991803
 31
0.0
  0
LWPOLYLINE
  5
15A
330
1F
100
AcDbEntity
  8
0
  6
K5LT_BASIC
 62
   150
420
    33023
370
    60
100
AcDbPolyline
 90
        2
 70
     0
 43
0.0
 10
513.5134561302355
 20
149.0837183991803
 10
523.5134561302355
 20
149.0837183991803
  0
LINE
  5
15B
330
1F
100
AcDbEntity
  8
0
  6
K5LT_BASIC
 62
   150
420
    33023
370
    60
100
AcDbLine
 10
543.5134561302355
 20
152.0837183991803
 30
0.0
 11
543.5134561302355
 21
149.0837183991803
 31
0.0
  0
LINE
  5
15C
330
1F
100
AcDbEntity
  8
0
  6
K5LT_BASIC
 62
   150
420
    33023
370
    60
100
AcDbLine
 10
553.5134561302355
 20
152.0837183991803
 30
0.0
 11
553.5134561302355
 21
149.0837183991803
 31
0.0
  0
LWPOLYLINE
  5
15D
330
1F
100
AcDbEntity
  8
0
  6
K5LT_BASIC
 62
   150
420
    33023
370
    60
100
AcDbPolyline
 90
        2
 70
     0
 43
0.0
 10
543.5134561302355
 20
152.0837183991803
 10
553.5134561302355
 20
152.0837183991803
  0
LWPOLYLINE
  5
15E
330
1F
100
AcDbEntity
  8
0
  6
K5LT_BASIC
 62
   150
420
    33023
370
    60
100
AcDbPolyline
 90
        2
 70
     0
 43
0.0
 10
553.5134561302355
 20
149.0837183991803
 10
563.5134561302355
 20
149.0837183991803
  0
LINE
  5
15F
330
1F
100
AcDbEntity
  8
0
  6
K5LT_BASIC
 62
   150
420
    33023
370
    60
100
AcDbLine
 10
563.5134561302355
 20
152.0837183991803
 30
0.0
 11
563.5134561302355
 21
149.0837183991803
 31
0.0
  0
LINE
  5
160
330
1F
100
AcDbEntity
  8
0
  6
K5LT_BASIC
 62
   150
420
    33023
370
    60
100
AcDbLine
 10
573.5134561302355
 20
152.0837183991803
 30
0.0
 11
573.5134561302355
 21
149.0837183991803
 31
0.0
  0
LWPOLYLINE
  5
161
330
1F
100
AcDbEntity
  8
0
  6
K5LT_BASIC
 62
   150
420
    33023
370
    60
100
AcDbPolyline
 90
        2
 70
     0
 43
0.0
 10
563.5134561302355
 20
152.0837183991803
 10
573.5134561302355
 20
152.0837183991803
  0
LWPOLYLINE
  5
162
330
1F
100
AcDbEntity
  8
0
  6
K5LT_BASIC
 62
   150
420
    33023
370
    60
100
AcDbPolyline
 90
        2
 70
     0
 43
0.0
 10
573.5134561302355
 20
149.0837183991803
 10
583.5134561302355
 20
149.0837183991803
  0
LINE
  5
163
330
1F
100
AcDbEntity
  8
0
  6
K5LT_BASIC
 62
   150
420
    33023
370
    60
100
AcDbLine
 10
583.5134561302355
 20
152.0837183991803
 30
0.0
 11
583.5134561302355
 21
149.0837183991803
 31
0.0
  0
LINE
  5
164
330
1F
100
AcDbEntity
  8
0
  6
K5LT_BASIC
 62
   150
420
    33023
370
    60
100
AcDbLine
 10
593.5134561302355
 20
152.0837183991803
 30
0.0
 11
593.5134561302355
 21
149.0837183991803
 31
0.0
  0
LWPOLYLINE
  5
165
330
1F
100
AcDbEntity
  8
0
  6
K5LT_BASIC
 62
   150
420
    33023
370
    60
100
AcDbPolyline
 90
        2
 70
     0
 43
0.0
 10
583.5134561302355
 20
152.0837183991803
 10
593.5134561302355
 20
152.0837183991803
  0
LWPOLYLINE
  5
166
330
1F
100
AcDbEntity
  8
0
  6
K5LT_BASIC
 62
   150
420
    33023
370
    60
100
AcDbPolyline
 90
        2
 70
     0
 43
0.0
 10
593.5134561302355
 20
149.0837183991803
 10
603.5134561302355
 20
149.0837183991803
  0
LINE
  5
167
330
1F
100
AcDbEntity
  8
0
  6
K5LT_BASIC
 62
   150
420
    33023
370
    60
100
AcDbLine
 10
603.5134561302355
 20
152.0837183991803
 30
0.0
 11
603.5134561302355
 21
149.0837183991803
 31
0.0
  0
LINE
  5
168
330
1F
100
AcDbEntity
  8
0
  6
K5LT_BASIC
 62
   150
420
    33023
370
    60
100
AcDbLine
 10
613.5134561302355
 20
152.0837183991803
 30
0.0
 11
613.5134561302355
 21
149.0837183991803
 31
0.0
  0
LWPOLYLINE
  5
169
330
1F
100
AcDbEntity
  8
0
  6
K5LT_BASIC
 62
   150
420
    33023
370
    60
100
AcDbPolyline
 90
        2
 70
     0
 43
0.0
 10
603.5134561302355
 20
152.0837183991803
 10
613.5134561302355
 20
152.0837183991803
  0
LWPOLYLINE
  5
16A
330
1F
100
AcDbEntity
  8
0
  6
K5LT_BASIC
 62
   150
420
    33023
370
    60
100
AcDbPolyline
 90
        2
 70
     0
 43
0.0
 10
613.5134561302355
 20
149.0837183991803
 10
623.5134561302355
 20
149.0837183991803
  0
LINE
  5
16B
330
1F
100
AcDbEntity
  8
0
  6
K5LT_BASIC
 62
   150
420
    33023
370
    60
100
AcDbLine
 10
623.5134561302355
 20
152.0837183991803
 30
0.0
 11
623.5134561302355
 21
149.0837183991803
 31
0.0
  0
LINE
  5
16C
330
1F
100
AcDbEntity
  8
0
  6
K5LT_BASIC
 62
   150
420
    33023
370
    60
100
AcDbLine
 10
633.5134561302355
 20
152.0837183991803
 30
0.0
 11
633.5134561302355
 21
149.0837183991803
 31
0.0
  0
LWPOLYLINE
  5
16D
330
1F
100
AcDbEntity
  8
0
  6
K5LT_BASIC
 62
   150
420
    33023
370
    60
100
AcDbPolyline
 90
        2
 70
     0
 43
0.0
 10
633.5134561302355
 20
149.0837183991803
 10
646.5134561302355
 20
149.0837183991803
  0
LINE
  5
16E
330
1F
100
AcDbEntity
  8
0
  6
K5LT_BASIC
 62
   150
420
    33023
370
    60
100
AcDbLine
 10
623.5134561302355
 20
152.0837183991803
 30
0.0
 11
633.5134561302355
 21
152.0837183991803
 31
0.0
  0
LINE
  5
16F
330
1F
100
AcDbEntity
  8
0
  6
K5LT_BASIC
 62
   150
420
    33023
370
    60
100
AcDbLine
 10
513.5134561302356
 20
182.0837183991803
 30
0.0
 11
513.5134561302355
 21
157.0837183991803
 31
0.0
  0
LINE
  5
170
330
1F
100
AcDbEntity
  8
0
  6
K5LT_BASIC
 62
   150
420
    33023
370
    60
100
AcDbLine
 10
513.5134561302355
 20
157.0837183991803
 30
0.0
 11
510.5134561302355
 21
157.0837183991803
 31
0.0
  0
LINE
  5
171
330
1F
100
AcDbEntity
  8
0
  6
K5LT_BASIC
 62
   150
420
    33023
370
    60
100
AcDbLine
 10
510.5134561302355
 20
157.0837183991803
 30
0.0
 11
510.5134561302355
 21
149.0837183991803
 31
0.0
  0
LINE
  5
172
330
1F
100
AcDbEntity
  8
0
  6
K5LT_BASIC
 62
   150
420
    33023
370
    60
100
AcDbLine
 10
643.5134561302356
 20
182.0837183991803
 30
0.0
 11
643.5134561302355
 21
157.0837183991803
 31
0.0
  0
LINE
  5
173
330
1F
100
AcDbEntity
  8
0
  6
K5LT_BASIC
 62
   150
420
    33023
370
    60
100
AcDbLine
 10
643.5134561302355
 20
157.0837183991803
 30
0.0
 11
646.5134561302355
 21
157.0837183991803
 31
0.0
  0
LINE
  5
174
330
1F
100
AcDbEntity
  8
0
  6
K5LT_BASIC
 62
   150
420
    33023
370
    60
100
AcDbLine
 10
646.5134561302355
 20
157.0837183991803
 30
0.0
 11
646.5134561302355
 21
149.0837183991803
 31
0.0
  0
LINE
  5
175
330
1F
100
AcDbEntity
  8
0
  6
K5LT_BASIC
 62
   150
420
    33023
370
    60
100
AcDbLine
 10
523.5134561302355
 20
187.0837183991803
 30
0.0
 11
523.5134561302355
 21
190.0837183991803
 31
0.0
  0
LINE
  5
176
330
1F
100
AcDbEntity
  8
0
  6
K5LT_BASIC
 62
   150
420
    33023
370
    60
100
AcDbLine
 10
533.5134561302355
 20
187.0837183991803
 30
0.0
 11
533.5134561302355
 21
190.0837183991803
 31
0.0
  0
LWPOLYLINE
  5
177
330
1F
100
AcDbEntity
  8
0
  6
K5LT_BASIC
 62
   150
420
    33023
370
    60
100
AcDbPolyline
 90
        2
 70
     0
 43
0.0
 10
533.5134561302355
 20
190.0837183991803
 10
543.5134561302355
 20
190.0837183991803
  0
LWPOLYLINE
  5
178
330
1F
100
AcDbEntity
  8
0
  6
K5LT_BASIC
 62
   150
420
    33023
370
    60
100
AcDbPolyline
 90
        2
 70
     0
 43
0.0
 10
523.5134561302355
 20
187.0837183991803
 10
533.5134561302355
 20
187.0837183991803
  0
LINE
  5
179
330
1F
100
AcDbEntity
  8
0
  6
K5LT_BASIC
 62
   150
420
    33023
370
    60
100
AcDbLine
 10
510.5134561302355
 20
190.0837183991803
 30
0.0
 11
513.5134561302355
 21
190.0837183991803
 31
0.0
  0
LWPOLYLINE
  5
17A
330
1F
100
AcDbEntity
  8
0
  6
K5LT_BASIC
 62
   150
420
    33023
370
    60
100
AcDbPolyline
 90
        2
 70
     0
 43
0.0
 10
513.5134561302355
 20
190.0837183991803
 10
523.5134561302355
 20
190.0837183991803
  0
LINE
  5
17B
330
1F
100
AcDbEntity
  8
0
  6
K5LT_BASIC
 62
   150
420
    33023
370
    60
100
AcDbLine
 10
543.5134561302355
 20
187.0837183991803
 30
0.0
 11
543.5134561302355
 21
190.0837183991803
 31
0.0
  0
LINE
  5
17C
330
1F
100
AcDbEntity
  8
0
  6
K5LT_BASIC
 62
   150
420
    33023
370
    60
100
AcDbLine
 10
553.5134561302355
 20
187.0837183991803
 30
0.0
 11
553.5134561302355
 21
190.0837183991803
 31
0.0
  0
LWPOLYLINE
  5
17D
330
1F
100
AcDbEntity
  8
0
  6
K5LT_BASIC
 62
   150
420
    33023
370
    60
100
AcDbPolyline
 90
        2
 70
     0
 43
0.0
 10
543.5134561302355
 20
187.0837183991803
 10
553.5134561302355
 20
187.0837183991803
  0
LWPOLYLINE
  5
17E
330
1F
100
AcDbEntity
  8
0
  6
K5LT_BASIC
 62
   150
420
    33023
370
    60
100
AcDbPolyline
 90
        2
 70
     0
 43
0.0
 10
553.5134561302355
 20
190.0837183991803
 10
563.5134561302355
 20
190.0837183991803
  0
LINE
  5
17F
330
1F
100
AcDbEntity
  8
0
  6
K5LT_BASIC
 62
   150
420
    33023
370
    60
100
AcDbLine
 10
563.5134561302355
 20
187.0837183991803
 30
0.0
 11
563.5134561302355
 21
190.0837183991803
 31
0.0
  0
LINE
  5
180
330
1F
100
AcDbEntity
  8
0
  6
K5LT_BASIC
 62
   150
420
    33023
370
    60
100
AcDbLine
 10
573.5134561302355
 20
187.0837183991803
 30
0.0
 11
573.5134561302355
 21
190.0837183991803
 31
0.0
  0
LWPOLYLINE
  5
181
330
1F
100
AcDbEntity
  8
0
  6
K5LT_BASIC
 62
   150
420
    33023
370
    60
100
AcDbPolyline
 90
        2
 70
     0
 43
0.0
 10
563.5134561302355
 20
187.0837183991803
 10
573.5134561302355
 20
187.0837183991803
  0
LWPOLYLINE
  5
182
330
1F
100
AcDbEntity
  8
0
  6
K5LT_BASIC
 62
   150
420
    33023
370
    60
100
AcDbPolyline
 90
        2
 70
     0
 43
0.0
 10
573.5134561302355
 20
190.0837183991803
 10
583.5134561302355
 20
190.0837183991803
  0
LINE
  5
183
330
1F
100
AcDbEntity
  8
0
  6
K5LT_BASIC
 62
   150
420
    33023
370
    60
100
AcDbLine
 10
583.5134561302355
 20
187.0837183991803
 30
0.0
 11
583.5134561302355
 21
190.0837183991803
 31
0.0
  0
LINE
  5
184
330
1F
100
AcDbEntity
  8
0
  6
K5LT_BASIC
 62
   150
420
    33023
370
    60
100
AcDbLine
 10
593.5134561302355
 20
187.0837183991803
 30
0.0
 11
593.5134561302355
 21
190.0837183991803
 31
0.0
  0
LWPOLYLINE
  5
185
330
1F
100
AcDbEntity
  8
0
  6
K5LT_BASIC
 62
   150
420
    33023
370
    60
100
AcDbPolyline
 90
        2
 70
     0
 43
0.0
 10
583.5134561302355
 20
187.0837183991803
 10
593.5134561302355
 20
187.0837183991803
  0
LWPOLYLINE
  5
186
330
1F
100
AcDbEntity
  8
0
  6
K5LT_BASIC
 62
   150
420
    33023
370
    60
100
AcDbPolyline
 90
        2
 70
     0
 43
0.0
 10
593.5134561302355
 20
190.0837183991803
 10
603.5134561302355
 20
190.0837183991803
  0
LINE
  5
187
330
1F
100
AcDbEntity
  8
0
  6
K5LT_BASIC
 62
   150
420
    33023
370
    60
100
AcDbLine
 10
603.5134561302355
 20
187.0837183991803
 30
0.0
 11
603.5134561302355
 21
190.0837183991803
 31
0.0
  0
LINE
  5
188
330
1F
100
AcDbEntity
  8
0
  6
K5LT_BASIC
 62
   150
420
    33023
370
    60
100
AcDbLine
 10
613.5134561302355
 20
187.0837183991803
 30
0.0
 11
613.5134561302355
 21
190.0837183991803
 31
0.0
  0
LWPOLYLINE
  5
189
330
1F
100
AcDbEntity
  8
0
  6
K5LT_BASIC
 62
   150
420
    33023
370
    60
100
AcDbPolyline
 90
        2
 70
     0
 43
0.0
 10
603.5134561302355
 20
187.0837183991803
 10
613.5134561302355
 20
187.0837183991803
  0
LWPOLYLINE
  5
18A
330
1F
100
AcDbEntity
  8
0
  6
K5LT_BASIC
 62
   150
420
    33023
370
    60
100
AcDbPolyline
 90
        2
 70
     0
 43
0.0
 10
613.5134561302355
 20
190.0837183991803
 10
623.5134561302355
 20
190.0837183991803
  0
LINE
  5
18B
330
1F
100
AcDbEntity
  8
0
  6
K5LT_BASIC
 62
   150
420
    33023
370
    60
100
AcDbLine
 10
623.5134561302355
 20
187.0837183991803
 30
0.0
 11
623.5134561302355
 21
190.0837183991803
 31
0.0
  0
LINE
  5
18C
330
1F
100
AcDbEntity
  8
0
  6
K5LT_BASIC
 62
   150
420
    33023
370
    60
100
AcDbLine
 10
633.5134561302355
 20
187.0837183991803
 30
0.0
 11
633.5134561302355
 21
190.0837183991803
 31
0.0
  0
LWPOLYLINE
  5
18D
330
1F
100
AcDbEntity
  8
0
  6
K5LT_BASIC
 62
   150
420
    33023
370
    60
100
AcDbPolyline
 90
        2
 70
     0
 43
0.0
 10
633.5134561302355
 20
190.0837183991803
 10
646.5134561302355
 20
190.0837183991803
  0
LINE
  5
18E
330
1F
100
AcDbEntity
  8
0
  6
K5LT_BASIC
 62
   150
420
    33023
370
    60
100
AcDbLine
 10
623.5134561302355
 20
187.0837183991803
 30
0.0
 11
633.5134561302355
 21
187.0837183991803
 31
0.0
  0
LINE
  5
18F
330
1F
100
AcDbEntity
  8
0
  6
K5LT_BASIC
 62
   150
420
    33023
370
    60
100
AcDbLine
 10
510.5134561302355
 20
190.0837183991803
 30
0.0
 11
510.5134561302355
 21
182.0837183991803
 31
0.0
  0
LINE
  5
190
330
1F
100
AcDbEntity
  8
0
  6
K5LT_BASIC
 62
   150
420
    33023
370
    60
100
AcDbLine
 10
646.5134561302355
 20
190.0837183991803
 30
0.0
 11
646.5134561302355
 21
182.0837183991803
 31
0.0
  0
LINE
  5
191
330
1F
100
AcDbEntity
  8
0
  6
K5LT_BASIC
 62
   150
420
    33023
370
    60
100
AcDbLine
 10
510.5134561302355
 20
182.0837183991803
 30
0.0
 11
513.5134561302355
 21
182.0837183991803
 31
0.0
  0
LINE
  5
192
330
1F
100
AcDbEntity
  8
0
  6
K5LT_BASIC
 62
   150
420
    33023
370
    60
100
AcDbLine
 10
646.5134561302355
 20
182.0837183991803
 30
0.0
 11
643.5134561302355
 21
182.0837183991803
 31
0.0
  0
CIRCLE
  5
193
330
1F
100
AcDbEntity
  8
0
  6
K5LT_BASIC
 62
   150
420
    33023
370
    60
100
AcDbCircle
 10
528.5134561302355
 20
169.5837183991803
 30
0.0
 40
1.6
  0
CIRCLE
  5
194
330
1F
100
AcDbEntity
  8
0
  6
K5LT_BASIC
 62
   150
420
    33023
370
    60
100
AcDbCircle
 10
578.5134561302355
 20
169.5837183991803
 30
0.0
 40
1.6
  0
CIRCLE
  5
195
330
1F
100
AcDbEntity
  8
0
  6
K5LT_BASIC
 62
   150
420
    33023
370
    60
100
AcDbCircle
 10
628.5134561302355
 20
169.5837183991803
 30
0.0
 40
1.6
  0
LWPOLYLINE
  5
196
330
1F
100
AcDbEntity
  8
0
  6
K5LT_BASIC
 62
   150
420
    33023
370
    60
100
AcDbPolyline
 90
        2
 70
     0
 43
0.0
 10
513.5134561302355
 20
78.22202473807693
 10
513.5134561302355
 20
88.22202473807693
  0
LINE
  5
197
330
1F
100
AcDbEntity
  8
0
  6
K5LT_BASIC
 62
   150
420
    33023
370
    60
100
AcDbLine
 10
510.5134561302355
 20
88.22202473807693
 30
0.0
 11
513.5134561302355
 21
88.22202473807693
 31
0.0
  0
LINE
  5
198
330
1F
100
AcDbEntity
  8
0
  6
K5LT_BASIC
 62
   150
420
    33023
370
    60
100
AcDbLine
 10
510.5134561302355
 20
110.2220247380769
 30
0.0
 11
513.5134561302355
 21
110.2220247380769
 31
0.0
  0
LINE
  5
199
330
1F
100
AcDbEntity
  8
0
  6
K5LT_BASIC
 62
   150
420
    33023
370
    60
100
AcDbLine
 10
510.5134561302355
 20
78.22202473807693
 30
0.0
 11
513.5134561302355
 21
78.22202473807693
 31
0.0
  0
LINE
  5
19A
330
1F
100
AcDbEntity
  8
0
  6
K5LT_BASIC
 62
   150
420
    33023
370
    60
100
AcDbLine
 10
510.5134561302355
 20
120.2220247380769
 30
0.0
 11
513.5134561302355
 21
120.2220247380769
 31
0.0
  0
LWPOLYLINE
  5
19B
330
1F
100
AcDbEntity
  8
0
  6
K5LT_BASIC
 62
   150
420
    33023
370
    60
100
AcDbPolyline
 90
        2
 70
     0
 43
0.0
 10
510.5134561302355
 20
88.22202473807693
 10
510.5134561302355
 20
110.2220247380769
  0
LWPOLYLINE
  5
19C
330
1F
100
AcDbEntity
  8
0
  6
K5LT_BASIC
 62
   150
420
    33023
370
    60
100
AcDbPolyline
 90
        2
 70
     0
 43
0.0
 10
510.5134561302355
 20
120.2220247380769
 10
510.5134561302355
 20
126.7220247380769
  0
LWPOLYLINE
  5
19D
330
1F
100
AcDbEntity
  8
0
  6
K5LT_BASIC
 62
   150
420
    33023
370
    60
100
AcDbPolyline
 90
        2
 70
     0
 43
0.0
 10
513.5134561302355
 20
110.2220247380769
 10
513.5134561302355
 20
120.2220247380769
  0
LWPOLYLINE
  5
19E
330
1F
100
AcDbEntity
  8
0
  6
K5LT_BASIC
 62
   150
420
    33023
370
    60
100
AcDbPolyline
 90
        2
 70
     0
 43
0.0
 10
510.5134561302355
 20
71.72202473807693
 10
510.5134561302355
 20
78.22202473807693
  0
LINE
  5
19F
330
1F
100
AcDbEntity
  8
0
  6
K5LT_BASIC
 62
   150
420
    33023
370
    60
100
AcDbLine
 10
646.5134561302355
 20
110.2220247380769
 30
0.0
 11
643.5134561302355
 21
110.2220247380769
 31
0.0
  0
LINE
  5
1A0
330
1F
100
AcDbEntity
  8
0
  6
K5LT_BASIC
 62
   150
420
    33023
370
    60
100
AcDbLine
 10
646.5134561302355
 20
88.22202473807693
 30
0.0
 11
643.5134561302355
 21
88.22202473807693
 31
0.0
  0
LINE
  5
1A1
330
1F
100
AcDbEntity
  8
0
  6
K5LT_BASIC
 62
   150
420
    33023
370
    60
100
AcDbLine
 10
646.5134561302355
 20
120.2220247380769
 30
0.0
 11
643.5134561302355
 21
120.2220247380769
 31
0.0
  0
LINE
  5
1A2
330
1F
100
AcDbEntity
  8
0
  6
K5LT_BASIC
 62
   150
420
    33023
370
    60
100
AcDbLine
 10
646.5134561302355
 20
78.22202473807693
 30
0.0
 11
643.5134561302355
 21
78.22202473807693
 31
0.0
  0
LWPOLYLINE
  5
1A3
330
1F
100
AcDbEntity
  8
0
  6
K5LT_BASIC
 62
   150
420
    33023
370
    60
100
AcDbPolyline
 90
        2
 70
     0
 43
0.0
 10
646.5134561302355
 20
110.2220247380769
 10
646.5134561302355
 20
88.22202473807693
  0
LWPOLYLINE
  5
1A4
330
1F
100
AcDbEntity
  8
0
  6
K5LT_BASIC
 62
   150
420
    33023
370
    60
100
AcDbPolyline
 90
        2
 70
     0
 43
0.0
 10
646.5134561302355
 20
78.22202473807693
 10
646.5134561302355
 20
71.72202473807693
  0
LWPOLYLINE
  5
1A5
330
1F
100
AcDbEntity
  8
0
  6
K5LT_BASIC
 62
   150
420
    33023
370
    60
100
AcDbPolyline
 90
        2
 70
     0
 43
0.0
 10
643.5134561302355
 20
88.22202473807693
 10
643.5134561302355
 20
78.22202473807693
  0
LWPOLYLINE
  5
1A6
330
1F
100
AcDbEntity
  8
0
  6
K5LT_BASIC
 62
   150
420
    33023
370
    60
100
AcDbPolyline
 90
        2
 70
     0
 43
0.0
 10
643.5134561302355
 20
120.2220247380769
 10
643.5134561302355
 20
110.2220247380769
  0
LWPOLYLINE
  5
1A7
330
1F
100
AcDbEntity
  8
0
  6
K5LT_BASIC
 62
   150
420
    33023
370
    60
100
AcDbPolyline
 90
        2
 70
     0
 43
0.0
 10
646.5134561302355
 20
126.7220247380769
 10
646.5134561302355
 20
120.2220247380769
  0
LINE
  5
1A8
330
1F
100
AcDbEntity
  8
0
  6
K5LT_BASIC
 62
   150
420
    33023
370
    60
100
AcDbLine
 10
523.5134561302355
 20
139.7220247380769
 30
0.0
 11
523.5134561302355
 21
136.7220247380769
 31
0.0
  0
LINE
  5
1A9
330
1F
100
AcDbEntity
  8
0
  6
K5LT_BASIC
 62
   150
420
    33023
370
    60
100
AcDbLine
 10
533.5134561302355
 20
139.7220247380769
 30
0.0
 11
533.5134561302355
 21
136.7220247380769
 31
0.0
  0
LWPOLYLINE
  5
1AA
330
1F
100
AcDbEntity
  8
0
  6
K5LT_BASIC
 62
   150
420
    33023
370
    60
100
AcDbPolyline
 90
        2
 70
     0
 43
0.0
 10
533.5134561302355
 20
136.7220247380769
 10
543.5134561302355
 20
136.7220247380769
  0
LWPOLYLINE
  5
1AB
330
1F
100
AcDbEntity
  8
0
  6
K5LT_BASIC
 62
   150
420
    33023
370
    60
100
AcDbPolyline
 90
        2
 70
     0
 43
0.0
 10
523.5134561302355
 20
139.7220247380769
 10
533.5134561302355
 20
139.7220247380769
  0
LINE
  5
1AC
330
1F
100
AcDbEntity
  8
0
  6
K5LT_BASIC
 62
   150
420
    33023
370
    60
100
AcDbLine
 10
510.5134561302355
 20
136.7220247380769
 30
0.0
 11
513.5134561302355
 21
136.7220247380769
 31
0.0
  0
LWPOLYLINE
  5
1AD
330
1F
100
AcDbEntity
  8
0
  6
K5LT_BASIC
 62
   150
420
    33023
370
    60
100
AcDbPolyline
 90
        2
 70
     0
 43
0.0
 10
513.5134561302355
 20
136.7220247380769
 10
523.5134561302355
 20
136.7220247380769
  0
LINE
  5
1AE
330
1F
100
AcDbEntity
  8
0
  6
K5LT_BASIC
 62
   150
420
    33023
370
    60
100
AcDbLine
 10
543.5134561302355
 20
139.7220247380769
 30
0.0
 11
543.5134561302355
 21
136.7220247380769
 31
0.0
  0
LINE
  5
1AF
330
1F
100
AcDbEntity
  8
0
  6
K5LT_BASIC
 62
   150
420
    33023
370
    60
100
AcDbLine
 10
553.5134561302355
 20
139.7220247380769
 30
0.0
 11
553.5134561302355
 21
136.7220247380769
 31
0.0
  0
LWPOLYLINE
  5
1B0
330
1F
100
AcDbEntity
  8
0
  6
K5LT_BASIC
 62
   150
420
    33023
370
    60
100
AcDbPolyline
 90
        2
 70
     0
 43
0.0
 10
543.5134561302355
 20
139.7220247380769
 10
553.5134561302355
 20
139.7220247380769
  0
LWPOLYLINE
  5
1B1
330
1F
100
AcDbEntity
  8
0
  6
K5LT_BASIC
 62
   150
420
    33023
370
    60
100
AcDbPolyline
 90
        2
 70
     0
 43
0.0
 10
553.5134561302355
 20
136.7220247380769
 10
563.5134561302355
 20
136.7220247380769
  0
LINE
  5
1B2
330
1F
100
AcDbEntity
  8
0
  6
K5LT_BASIC
 62
   150
420
    33023
370
    60
100
AcDbLine
 10
563.5134561302355
 20
139.7220247380769
 30
0.0
 11
563.5134561302355
 21
136.7220247380769
 31
0.0
  0
LINE
  5
1B3
330
1F
100
AcDbEntity
  8
0
  6
K5LT_BASIC
 62
   150
420
    33023
370
    60
100
AcDbLine
 10
573.5134561302355
 20
139.7220247380769
 30
0.0
 11
573.5134561302355
 21
136.7220247380769
 31
0.0
  0
LWPOLYLINE
  5
1B4
330
1F
100
AcDbEntity
  8
0
  6
K5LT_BASIC
 62
   150
420
    33023
370
    60
100
AcDbPolyline
 90
        2
 70
     0
 43
0.0
 10
563.5134561302355
 20
139.7220247380769
 10
573.5134561302355
 20
139.7220247380769
  0
LWPOLYLINE
  5
1B5
330
1F
100
AcDbEntity
  8
0
  6
K5LT_BASIC
 62
   150
420
    33023
370
    60
100
AcDbPolyline
 90
        2
 70
     0
 43
0.0
 10
573.5134561302355
 20
136.7220247380769
 10
583.5134561302355
 20
136.7220247380769
  0
LINE
  5
1B6
330
1F
100
AcDbEntity
  8
0
  6
K5LT_BASIC
 62
   150
420
    33023
370
    60
100
AcDbLine
 10
583.5134561302355
 20
139.7220247380769
 30
0.0
 11
583.5134561302355
 21
136.7220247380769
 31
0.0
  0
LINE
  5
1B7
330
1F
100
AcDbEntity
  8
0
  6
K5LT_BASIC
 62
   150
420
    33023
370
    60
100
AcDbLine
 10
593.5134561302355
 20
139.7220247380769
 30
0.0
 11
593.5134561302355
 21
136.7220247380769
 31
0.0
  0
LWPOLYLINE
  5
1B8
330
1F
100
AcDbEntity
  8
0
  6
K5LT_BASIC
 62
   150
420
    33023
370
    60
100
AcDbPolyline
 90
        2
 70
     0
 43
0.0
 10
583.5134561302355
 20
139.7220247380769
 10
593.5134561302355
 20
139.7220247380769
  0
LWPOLYLINE
  5
1B9
330
1F
100
AcDbEntity
  8
0
  6
K5LT_BASIC
 62
   150
420
    33023
370
    60
100
AcDbPolyline
 90
        2
 70
     0
 43
0.0
 10
593.5134561302355
 20
136.7220247380769
 10
603.5134561302355
 20
136.7220247380769
  0
LINE
  5
1BA
330
1F
100
AcDbEntity
  8
0
  6
K5LT_BASIC
 62
   150
420
    33023
370
    60
100
AcDbLine
 10
603.5134561302355
 20
139.7220247380769
 30
0.0
 11
603.5134561302355
 21
136.7220247380769
 31
0.0
  0
LINE
  5
1BB
330
1F
100
AcDbEntity
  8
0
  6
K5LT_BASIC
 62
   150
420
    33023
370
    60
100
AcDbLine
 10
613.5134561302355
 20
139.7220247380769
 30
0.0
 11
613.5134561302355
 21
136.7220247380769
 31
0.0
  0
LWPOLYLINE
  5
1BC
330
1F
100
AcDbEntity
  8
0
  6
K5LT_BASIC
 62
   150
420
    33023
370
    60
100
AcDbPolyline
 90
        2
 70
     0
 43
0.0
 10
603.5134561302355
 20
139.7220247380769
 10
613.5134561302355
 20
139.7220247380769
  0
LWPOLYLINE
  5
1BD
330
1F
100
AcDbEntity
  8
0
  6
K5LT_BASIC
 62
   150
420
    33023
370
    60
100
AcDbPolyline
 90
        2
 70
     0
 43
0.0
 10
613.5134561302355
 20
136.7220247380769
 10
623.5134561302355
 20
136.7220247380769
  0
LINE
  5
1BE
330
1F
100
AcDbEntity
  8
0
  6
K5LT_BASIC
 62
   150
420
    33023
370
    60
100
AcDbLine
 10
623.5134561302355
 20
139.7220247380769
 30
0.0
 11
623.5134561302355
 21
136.7220247380769
 31
0.0
  0
LINE
  5
1BF
330
1F
100
AcDbEntity
  8
0
  6
K5LT_BASIC
 62
   150
420
    33023
370
    60
100
AcDbLine
 10
633.5134561302355
 20
139.7220247380769
 30
0.0
 11
633.5134561302355
 21
136.7220247380769
 31
0.0
  0
LWPOLYLINE
  5
1C0
330
1F
100
AcDbEntity
  8
0
  6
K5LT_BASIC
 62
   150
420
    33023
370
    60
100
AcDbPolyline
 90
        2
 70
     0
 43
0.0
 10
633.5134561302355
 20
136.7220247380769
 10
646.5134561302355
 20
136.7220247380769
  0
LINE
  5
1C1
330
1F
100
AcDbEntity
  8
0
  6
K5LT_BASIC
 62
   150
420
    33023
370
    60
100
AcDbLine
 10
623.5134561302355
 20
139.7220247380769
 30
0.0
 11
633.5134561302355
 21
139.7220247380769
 31
0.0
  0
LINE
  5
1C2
330
1F
100
AcDbEntity
  8
0
  6
K5LT_BASIC
 62
   150
420
    33023
370
    60
100
AcDbLine
 10
513.5134561302355
 20
61.72202473807693
 30
0.0
 11
523.5134561302355
 21
61.72202473807693
 31
0.0
  0
LINE
  5
1C3
330
1F
100
AcDbEntity
  8
0
  6
K5LT_BASIC
 62
   150
420
    33023
370
    60
100
AcDbLine
 10
510.5134561302355
 20
61.72202473807693
 30
0.0
 11
513.5134561302355
 21
61.72202473807693
 31
0.0
  0
LINE
  5
1C4
330
1F
100
AcDbEntity
  8
0
  6
K5LT_BASIC
 62
   150
420
    33023
370
    60
100
AcDbLine
 10
646.5134561302355
 20
61.72202473807693
 30
0.0
 11
643.5134561302355
 21
61.72202473807693
 31
0.0
  0
LINE
  5
1C5
330
1F
100
AcDbEntity
  8
0
  6
K5LT_BASIC
 62
   150
420
    33023
370
    60
100
AcDbLine
 10
523.5134561302355
 20
58.72202473807693
 30
0.0
 11
523.5134561302355
 21
61.72202473807693
 31
0.0
  0
LINE
  5
1C6
330
1F
100
AcDbEntity
  8
0
  6
K5LT_BASIC
 62
   150
420
    33023
370
    60
100
AcDbLine
 10
533.5134561302355
 20
58.72202473807693
 30
0.0
 11
533.5134561302355
 21
61.72202473807693
 31
0.0
  0
LWPOLYLINE
  5
1C7
330
1F
100
AcDbEntity
  8
0
  6
K5LT_BASIC
 62
   150
420
    33023
370
    60
100
AcDbPolyline
 90
        2
 70
     0
 43
0.0
 10
533.5134561302355
 20
61.72202473807693
 10
543.5134561302355
 20
61.72202473807693
  0
LWPOLYLINE
  5
1C8
330
1F
100
AcDbEntity
  8
0
  6
K5LT_BASIC
 62
   150
420
    33023
370
    60
100
AcDbPolyline
 90
        2
 70
     0
 43
0.0
 10
523.5134561302355
 20
58.72202473807693
 10
533.5134561302355
 20
58.72202473807693
  0
LINE
  5
1C9
330
1F
100
AcDbEntity
  8
0
  6
K5LT_BASIC
 62
   150
420
    33023
370
    60
100
AcDbLine
 10
543.5134561302355
 20
58.72202473807693
 30
0.0
 11
543.5134561302355
 21
61.72202473807693
 31
0.0
  0
LINE
  5
1CA
330
1F
100
AcDbEntity
  8
0
  6
K5LT_BASIC
 62
   150
420
    33023
370
    60
100
AcDbLine
 10
553.5134561302355
 20
58.72202473807693
 30
0.0
 11
553.5134561302355
 21
61.72202473807693
 31
0.0
  0
LWPOLYLINE
  5
1CB
330
1F
100
AcDbEntity
  8
0
  6
K5LT_BASIC
 62
   150
420
    33023
370
    60
100
AcDbPolyline
 90
        2
 70
     0
 43
0.0
 10
543.5134561302355
 20
58.72202473807693
 10
553.5134561302355
 20
58.72202473807693
  0
LWPOLYLINE
  5
1CC
330
1F
100
AcDbEntity
  8
0
  6
K5LT_BASIC
 62
   150
420
    33023
370
    60
100
AcDbPolyline
 90
        2
 70
     0
 43
0.0
 10
553.5134561302355
 20
61.72202473807693
 10
563.5134561302355
 20
61.72202473807693
  0
LINE
  5
1CD
330
1F
100
AcDbEntity
  8
0
  6
K5LT_BASIC
 62
   150
420
    33023
370
    60
100
AcDbLine
 10
563.5134561302355
 20
58.72202473807693
 30
0.0
 11
563.5134561302355
 21
61.72202473807693
 31
0.0
  0
LINE
  5
1CE
330
1F
100
AcDbEntity
  8
0
  6
K5LT_BASIC
 62
   150
420
    33023
370
    60
100
AcDbLine
 10
573.5134561302355
 20
58.72202473807693
 30
0.0
 11
573.5134561302355
 21
61.72202473807693
 31
0.0
  0
LWPOLYLINE
  5
1CF
330
1F
100
AcDbEntity
  8
0
  6
K5LT_BASIC
 62
   150
420
    33023
370
    60
100
AcDbPolyline
 90
        2
 70
     0
 43
0.0
 10
563.5134561302355
 20
58.72202473807693
 10
573.5134561302355
 20
58.72202473807693
  0
LWPOLYLINE
  5
1D0
330
1F
100
AcDbEntity
  8
0
  6
K5LT_BASIC
 62
   150
420
    33023
370
    60
100
AcDbPolyline
 90
        2
 70
     0
 43
0.0
 10
573.5134561302355
 20
61.72202473807693
 10
583.5134561302355
 20
61.72202473807693
  0
LINE
  5
1D1
330
1F
100
AcDbEntity
  8
0
  6
K5LT_BASIC
 62
   150
420
    33023
370
    60
100
AcDbLine
 10
583.5134561302355
 20
58.72202473807693
 30
0.0
 11
583.5134561302355
 21
61.72202473807693
 31
0.0
  0
LINE
  5
1D2
330
1F
100
AcDbEntity
  8
0
  6
K5LT_BASIC
 62
   150
420
    33023
370
    60
100
AcDbLine
 10
593.5134561302355
 20
58.72202473807693
 30
0.0
 11
593.5134561302355
 21
61.72202473807693
 31
0.0
  0
LWPOLYLINE
  5
1D3
330
1F
100
AcDbEntity
  8
0
  6
K5LT_BASIC
 62
   150
420
    33023
370
    60
100
AcDbPolyline
 90
        2
 70
     0
 43
0.0
 10
583.5134561302355
 20
58.72202473807693
 10
593.5134561302355
 20
58.72202473807693
  0
LWPOLYLINE
  5
1D4
330
1F
100
AcDbEntity
  8
0
  6
K5LT_BASIC
 62
   150
420
    33023
370
    60
100
AcDbPolyline
 90
        2
 70
     0
 43
0.0
 10
593.5134561302355
 20
61.72202473807693
 10
603.5134561302355
 20
61.72202473807693
  0
LINE
  5
1D5
330
1F
100
AcDbEntity
  8
0
  6
K5LT_BASIC
 62
   150
420
    33023
370
    60
100
AcDbLine
 10
603.5134561302355
 20
58.72202473807693
 30
0.0
 11
603.5134561302355
 21
61.72202473807693
 31
0.0
  0
LINE
  5
1D6
330
1F
100
AcDbEntity
  8
0
  6
K5LT_BASIC
 62
   150
420
    33023
370
    60
100
AcDbLine
 10
613.5134561302355
 20
58.72202473807693
 30
0.0
 11
613.5134561302355
 21
61.72202473807693
 31
0.0
  0
LWPOLYLINE
  5
1D7
330
1F
100
AcDbEntity
  8
0
  6
K5LT_BASIC
 62
   150
420
    33023
370
    60
100
AcDbPolyline
 90
        2
 70
     0
 43
0.0
 10
603.5134561302355
 20
58.72202473807693
 10
613.5134561302355
 20
58.72202473807693
  0
LWPOLYLINE
  5
1D8
330
1F
100
AcDbEntity
  8
0
  6
K5LT_BASIC
 62
   150
420
    33023
370
    60
100
AcDbPolyline
 90
        2
 70
     0
 43
0.0
 10
613.5134561302355
 20
61.72202473807693
 10
623.5134561302355
 20
61.72202473807693
  0
LINE
  5
1D9
330
1F
100
AcDbEntity
  8
0
  6
K5LT_BASIC
 62
   150
420
    33023
370
    60
100
AcDbLine
 10
623.5134561302355
 20
58.72202473807693
 30
0.0
 11
623.5134561302355
 21
61.72202473807693
 31
0.0
  0
LINE
  5
1DA
330
1F
100
AcDbEntity
  8
0
  6
K5LT_BASIC
 62
   150
420
    33023
370
    60
100
AcDbLine
 10
633.5134561302355
 20
58.72202473807693
 30
0.0
 11
633.5134561302355
 21
61.72202473807693
 31
0.0
  0
LINE
  5
1DB
330
1F
100
AcDbEntity
  8
0
  6
K5LT_BASIC
 62
   150
420
    33023
370
    60
100
AcDbLine
 10
623.5134561302355
 20
58.72202473807693
 30
0.0
 11
633.5134561302355
 21
58.72202473807693
 31
0.0
  0
LINE
  5
1DC
330
1F
100
AcDbEntity
  8
0
  6
K5LT_BASIC
 62
   150
420
    33023
370
    60
100
AcDbLine
 10
633.5134561302355
 20
61.72202473807693
 30
0.0
 11
643.5134561302355
 21
61.72202473807693
 31
0.0
  0
CIRCLE
  5
1DD
330
1F
100
AcDbEntity
  8
0
  6
K5LT_BASIC
 62
   150
420
    33023
370
    60
100
AcDbCircle
 10
651.5134561302355
 20
131.7220247380769
 30
0.0
 40
1.5
  0
LINE
  5
1DE
330
1F
100
AcDbEntity
  8
0
  6
K5LT_BASIC
 62
   150
420
    33023
370
    60
100
AcDbLine
 10
646.5134561302355
 20
136.7220247380769
 30
0.0
 11
651.5134561302355
 21
136.7220247380769
 31
0.0
  0
LINE
  5
1DF
330
1F
100
AcDbEntity
  8
0
  6
K5LT_BASIC
 62
   150
420
    33023
370
    60
100
AcDbLine
 10
646.5134561302355
 20
126.7220247380769
 30
0.0
 11
651.5134561302355
 21
126.7220247380769
 31
0.0
  0
ARC
  5
1E0
330
1F
100
AcDbEntity
  8
0
  6
K5LT_BASIC
 62
   150
420
    33023
370
    60
100
AcDbCircle
 10
651.5134561302355
 20
131.7220247380769
 30
0.0
 40
5.0
100
AcDbArc
 50
270.0
 51
90.0
  0
CIRCLE
  5
1E1
330
1F
100
AcDbEntity
  8
0
  6
K5LT_BASIC
 62
   150
420
    33023
370
    60
100
AcDbCircle
 10
505.5134561302355
 20
131.7220247380769
 30
0.0
 40
1.5
  0
LINE
  5
1E2
330
1F
100
AcDbEntity
  8
0
  6
K5LT_BASIC
 62
   150
420
    33023
370
    60
100
AcDbLine
 10
510.5134561302355
 20
136.7220247380769
 30
0.0
 11
505.5134561302355
 21
136.7220247380769
 31
0.0
  0
LINE
  5
1E3
330
1F
100
AcDbEntity
  8
0
  6
K5LT_BASIC
 62
   150
420
    33023
370
    60
100
AcDbLine
 10
510.5134561302355
 20
126.7220247380769
 30
0.0
 11
505.5134561302355
 21
126.7220247380769
 31
0.0
  0
ARC
  5
1E4
330
1F
100
AcDbEntity
  8
0
  6
K5LT_BASIC
 62
   150
420
    33023
370
    60
100
AcDbCircle
 10
505.5134561302355
 20
131.7220247380769
 30
0.0
 40
5.0
100
AcDbArc
 50
90.0
 51
270.0
  0
LINE
  5
1E5
330
1F
100
AcDbEntity
  8
0
  6
K5LT_BASIC
 62
   150
420
    33023
370
    60
100
AcDbLine
 10
510.5134561302355
 20
61.72202473807693
 30
0.0
 11
513.5134561302355
 21
61.72202473807693
 31
0.0
  0
CIRCLE
  5
1E6
330
1F
100
AcDbEntity
  8
0
  6
K5LT_BASIC
 62
   150
420
    33023
370
    60
100
AcDbCircle
 10
651.5134561302355
 20
66.72202473807693
 30
0.0
 40
1.5
  0
LINE
  5
1E7
330
1F
100
AcDbEntity
  8
0
  6
K5LT_BASIC
 62
   150
420
    33023
370
    60
100
AcDbLine
 10
646.5134561302355
 20
61.72202473807693
 30
0.0
 11
651.5134561302355
 21
61.72202473807693
 31
0.0
  0
LINE
  5
1E8
330
1F
100
AcDbEntity
  8
0
  6
K5LT_BASIC
 62
   150
420
    33023
370
    60
100
AcDbLine
 10
646.5134561302355
 20
71.72202473807693
 30
0.0
 11
651.5134561302355
 21
71.72202473807693
 31
0.0
  0
ARC
  5
1E9
330
1F
100
AcDbEntity
  8
0
  6
K5LT_BASIC
 62
   150
420
    33023
370
    60
100
AcDbCircle
 10
651.5134561302355
 20
66.72202473807693
 30
0.0
 40
5.0
100
AcDbArc
 50
270.0
 51
90.0
  0
CIRCLE
  5
1EA
330
1F
100
AcDbEntity
  8
0
  6
K5LT_BASIC
 62
   150
420
    33023
370
    60
100
AcDbCircle
 10
505.5134561302355
 20
66.72202473807693
 30
0.0
 40
1.5
  0
LINE
  5
1EB
330
1F
100
AcDbEntity
  8
0
  6
K5LT_BASIC
 62
   150
420
    33023
370
    60
100
AcDbLine
 10
510.5134561302355
 20
61.72202473807693
 30
0.0
 11
505.5134561302355
 21
61.72202473807693
 31
0.0
  0
LINE
  5
1EC
330
1F
100
AcDbEntity
  8
0
  6
K5LT_BASIC
 62
   150
420
    33023
370
    60
100
AcDbLine
 10
510.5134561302355
 20
71.72202473807693
 30
0.0
 11
505.5134561302355
 21
71.72202473807693
 31
0.0
  0
ARC
  5
1ED
330
1F
100
AcDbEntity
  8
0
  6
K5LT_BASIC
 62
   150
420
    33023
370
    60
100
AcDbCircle
 10
505.5134561302355
 20
66.72202473807693
 30
0.0
 40
5.0
100
AcDbArc
 50
90.0
 51
270.0
  0
LINE
  5
1EE
330
1F
100
AcDbEntity
  8
0
  6
K5LT_BASIC
 62
   150
420
    33023
370
    60
100
AcDbLine
 10
696.5037094183325
 20
250.4119402339829
 30
0.0
 11
699.5037094183325
 21
250.4119402339829
 31
0.0
  0
LINE
  5
1EF
330
1F
100
AcDbEntity
  8
0
  6
K5LT_BASIC
 62
   150
420
    33023
370
    60
100
AcDbLine
 10
696.5037094183325
 20
228.4119402339829
 30
0.0
 11
699.5037094183325
 21
228.4119402339829
 31
0.0
  0
LINE
  5
1F0
330
1F
100
AcDbEntity
  8
0
  6
K5LT_BASIC
 62
   150
420
    33023
370
    60
100
AcDbLine
 10
696.5037094183325
 20
260.4119402339829
 30
0.0
 11
699.5037094183325
 21
260.4119402339829
 31
0.0
  0
LINE
  5
1F1
330
1F
100
AcDbEntity
  8
0
  6
K5LT_BASIC
 62
   150
420
    33023
370
    60
100
AcDbLine
 10
696.5037094183325
 20
218.4119402339829
 30
0.0
 11
699.5037094183325
 21
218.4119402339829
 31
0.0
  0
LWPOLYLINE
  5
1F2
330
1F
100
AcDbEntity
  8
0
  6
K5LT_BASIC
 62
   150
420
    33023
370
    60
100
AcDbPolyline
 90
        2
 70
     0
 43
0.0
 10
696.5037094183325
 20
250.4119402339829
 10
696.5037094183325
 20
228.4119402339829
  0
LWPOLYLINE
  5
1F3
330
1F
100
AcDbEntity
  8
0
  6
K5LT_BASIC
 62
   150
420
    33023
370
    60
100
AcDbPolyline
 90
        2
 70
     0
 43
0.0
 10
696.5037094183325
 20
218.4119402339829
 10
696.5037094183324
 20
201.9119402339829
  0
LWPOLYLINE
  5
1F4
330
1F
100
AcDbEntity
  8
0
  6
K5LT_BASIC
 62
   150
420
    33023
370
    60
100
AcDbPolyline
 90
        2
 70
     0
 43
0.0
 10
699.5037094183325
 20
228.4119402339829
 10
699.5037094183325
 20
218.4119402339829
  0
LWPOLYLINE
  5
1F5
330
1F
100
AcDbEntity
  8
0
  6
K5LT_BASIC
 62
   150
420
    33023
370
    60
100
AcDbPolyline
 90
        2
 70
     0
 43
0.0
 10
699.5037094183325
 20
260.4119402339829
 10
699.5037094183325
 20
250.4119402339829
  0
LWPOLYLINE
  5
1F6
330
1F
100
AcDbEntity
  8
0
  6
K5LT_BASIC
 62
   150
420
    33023
370
    60
100
AcDbPolyline
 90
        2
 70
     0
 43
0.0
 10
696.5037094183325
 20
276.9119402339829
 10
696.5037094183325
 20
260.4119402339829
  0
LINE
  5
1F7
330
1F
100
AcDbEntity
  8
0
  6
K5LT_BASIC
 62
   150
420
    33023
370
    60
100
AcDbLine
 10
691.5037094183325
 20
279.9119402339829
 30
0.0
 11
691.5037094183325
 21
276.9119402339829
 31
0.0
  0
LINE
  5
1F8
330
1F
100
AcDbEntity
  8
0
  6
K5LT_BASIC
 62
   150
420
    33023
370
    60
100
AcDbLine
 10
691.5037094183325
 20
276.9119402339829
 30
0.0
 11
696.5037094183325
 21
276.9119402339829
 31
0.0
  0
LINE
  5
1F9
330
1F
100
AcDbEntity
  8
0
  6
K5LT_BASIC
 62
   150
420
    33023
370
    60
100
AcDbLine
 10
691.5037094183325
 20
198.9119402339829
 30
0.0
 11
691.5037094183325
 21
201.9119402339829
 31
0.0
  0
LINE
  5
1FA
330
1F
100
AcDbEntity
  8
0
  6
K5LT_BASIC
 62
   150
420
    33023
370
    60
100
AcDbLine
 10
691.5037094183325
 20
201.9119402339829
 30
0.0
 11
696.5037094183324
 21
201.9119402339829
 31
0.0
  0
LINE
  5
1FB
330
1F
100
AcDbEntity
  8
0
  6
K5LT_BASIC
 62
   150
420
    33023
370
    60
100
AcDbLine
 10
462.0365715107707
 20
250.4119402339829
 30
0.0
 11
459.0365715107707
 21
250.4119402339829
 31
0.0
  0
LINE
  5
1FC
330
1F
100
AcDbEntity
  8
0
  6
K5LT_BASIC
 62
   150
420
    33023
370
    60
100
AcDbLine
 10
462.0365715107707
 20
228.4119402339829
 30
0.0
 11
459.0365715107707
 21
228.4119402339829
 31
0.0
  0
LINE
  5
1FD
330
1F
100
AcDbEntity
  8
0
  6
K5LT_BASIC
 62
   150
420
    33023
370
    60
100
AcDbLine
 10
462.0365715107707
 20
260.4119402339829
 30
0.0
 11
459.0365715107707
 21
260.4119402339829
 31
0.0
  0
LINE
  5
1FE
330
1F
100
AcDbEntity
  8
0
  6
K5LT_BASIC
 62
   150
420
    33023
370
    60
100
AcDbLine
 10
462.0365715107707
 20
218.4119402339829
 30
0.0
 11
459.0365715107707
 21
218.4119402339829
 31
0.0
  0
LWPOLYLINE
  5
1FF
330
1F
100
AcDbEntity
  8
0
  6
K5LT_BASIC
 62
   150
420
    33023
370
    60
100
AcDbPolyline
 90
        2
 70
     0
 43
0.0
 10
462.0365715107707
 20
250.4119402339829
 10
462.0365715107707
 20
228.4119402339829
  0
LWPOLYLINE
  5
200
330
1F
100
AcDbEntity
  8
0
  6
K5LT_BASIC
 62
   150
420
    33023
370
    60
100
AcDbPolyline
 90
        2
 70
     0
 43
0.0
 10
462.0365715107707
 20
218.4119402339829
 10
462.0365715107708
 20
201.9119402339829
  0
LWPOLYLINE
  5
201
330
1F
100
AcDbEntity
  8
0
  6
K5LT_BASIC
 62
   150
420
    33023
370
    60
100
AcDbPolyline
 90
        2
 70
     0
 43
0.0
 10
459.0365715107707
 20
228.4119402339829
 10
459.0365715107707
 20
218.4119402339829
  0
LWPOLYLINE
  5
202
330
1F
100
AcDbEntity
  8
0
  6
K5LT_BASIC
 62
   150
420
    33023
370
    60
100
AcDbPolyline
 90
        2
 70
     0
 43
0.0
 10
459.0365715107707
 20
260.4119402339829
 10
459.0365715107707
 20
250.4119402339829
  0
LWPOLYLINE
  5
203
330
1F
100
AcDbEntity
  8
0
  6
K5LT_BASIC
 62
   150
420
    33023
370
    60
100
AcDbPolyline
 90
        2
 70
     0
 43
0.0
 10
462.0365715107707
 20
276.9119402339829
 10
462.0365715107707
 20
260.4119402339829
  0
LINE
  5
204
330
1F
100
AcDbEntity
  8
0
  6
K5LT_BASIC
 62
   150
420
    33023
370
    60
100
AcDbLine
 10
462.0365715107707
 20
276.9119402339829
 30
0.0
 11
467.0365715107707
 21
276.9119402339829
 31
0.0
  0
LINE
  5
205
330
1F
100
AcDbEntity
  8
0
  6
K5LT_BASIC
 62
   150
420
    33023
370
    60
100
AcDbLine
 10
467.0365715107707
 20
276.9119402339829
 30
0.0
 11
467.0365715107707
 21
279.9119402339829
 31
0.0
  0
LINE
  5
206
330
1F
100
AcDbEntity
  8
0
  6
K5LT_BASIC
 62
   150
420
    33023
370
    60
100
AcDbLine
 10
492.0365715107708
 20
279.9119402339829
 30
0.0
 11
467.0365715107707
 21
279.9119402339829
 31
0.0
  0
LINE
  5
207
330
1F
100
AcDbEntity
  8
0
  6
K5LT_BASIC
 62
   150
420
    33023
370
    60
100
AcDbLine
 10
467.0365715107707
 20
201.9119402339829
 30
0.0
 11
467.0365715107707
 21
198.9119402339829
 31
0.0
  0
LINE
  5
208
330
1F
100
AcDbEntity
  8
0
  6
K5LT_BASIC
 62
   150
420
    33023
370
    60
100
AcDbLine
 10
492.0365715107708
 20
198.9119402339829
 30
0.0
 11
467.0365715107707
 21
198.9119402339829
 31
0.0
  0
LINE
  5
209
330
1F
100
AcDbEntity
  8
0
  6
K5LT_BASIC
 62
   150
420
    33023
370
    60
100
AcDbLine
 10
462.0365715107708
 20
201.9119402339829
 30
0.0
 11
467.0365715107707
 21
201.9119402339829
 31
0.0
  0
LINE
  5
20A
330
1F
100
AcDbEntity
  8
0
  6
K5LT_BASIC
 62
   150
420
    33023
370
    60
100
AcDbLine
 10
497.0365715107707
 20
250.4119402339829
 30
0.0
 11
500.0365715107707
 21
250.4119402339829
 31
0.0
  0
LINE
  5
20B
330
1F
100
AcDbEntity
  8
0
  6
K5LT_BASIC
 62
   150
420
    33023
370
    60
100
AcDbLine
 10
497.0365715107707
 20
228.4119402339829
 30
0.0
 11
500.0365715107707
 21
228.4119402339829
 31
0.0
  0
LINE
  5
20C
330
1F
100
AcDbEntity
  8
0
  6
K5LT_BASIC
 62
   150
420
    33023
370
    60
100
AcDbLine
 10
497.0365715107707
 20
260.4119402339829
 30
0.0
 11
500.0365715107707
 21
260.4119402339829
 31
0.0
  0
LINE
  5
20D
330
1F
100
AcDbEntity
  8
0
  6
K5LT_BASIC
 62
   150
420
    33023
370
    60
100
AcDbLine
 10
497.0365715107707
 20
218.4119402339829
 30
0.0
 11
500.0365715107707
 21
218.4119402339829
 31
0.0
  0
LWPOLYLINE
  5
20E
330
1F
100
AcDbEntity
  8
0
  6
K5LT_BASIC
 62
   150
420
    33023
370
    60
100
AcDbPolyline
 90
        2
 70
     0
 43
0.0
 10
497.0365715107707
 20
250.4119402339829
 10
497.0365715107707
 20
228.4119402339829
  0
LWPOLYLINE
  5
20F
330
1F
100
AcDbEntity
  8
0
  6
K5LT_BASIC
 62
   150
420
    33023
370
    60
100
AcDbPolyline
 90
        2
 70
     0
 43
0.0
 10
497.0365715107707
 20
218.4119402339829
 10
497.0365715107706
 20
201.9119402339829
  0
LWPOLYLINE
  5
210
330
1F
100
AcDbEntity
  8
0
  6
K5LT_BASIC
 62
   150
420
    33023
370
    60
100
AcDbPolyline
 90
        2
 70
     0
 43
0.0
 10
500.0365715107707
 20
228.4119402339829
 10
500.0365715107707
 20
218.4119402339829
  0
LWPOLYLINE
  5
211
330
1F
100
AcDbEntity
  8
0
  6
K5LT_BASIC
 62
   150
420
    33023
370
    60
100
AcDbPolyline
 90
        2
 70
     0
 43
0.0
 10
500.0365715107707
 20
260.4119402339829
 10
500.0365715107707
 20
250.4119402339829
  0
LWPOLYLINE
  5
212
330
1F
100
AcDbEntity
  8
0
  6
K5LT_BASIC
 62
   150
420
    33023
370
    60
100
AcDbPolyline
 90
        2
 70
     0
 43
0.0
 10
497.0365715107707
 20
276.9119402339829
 10
497.0365715107707
 20
260.4119402339829
  0
LINE
  5
213
330
1F
100
AcDbEntity
  8
0
  6
K5LT_BASIC
 62
   150
420
    33023
370
    60
100
AcDbLine
 10
492.0365715107707
 20
279.9119402339829
 30
0.0
 11
492.0365715107707
 21
276.9119402339829
 31
0.0
  0
LINE
  5
214
330
1F
100
AcDbEntity
  8
0
  6
K5LT_BASIC
 62
   150
420
    33023
370
    60
100
AcDbLine
 10
492.0365715107707
 20
276.9119402339829
 30
0.0
 11
497.0365715107707
 21
276.9119402339829
 31
0.0
  0
LINE
  5
215
330
1F
100
AcDbEntity
  8
0
  6
K5LT_BASIC
 62
   150
420
    33023
370
    60
100
AcDbLine
 10
492.0365715107707
 20
198.9119402339829
 30
0.0
 11
492.0365715107707
 21
201.9119402339829
 31
0.0
  0
LINE
  5
216
330
1F
100
AcDbEntity
  8
0
  6
K5LT_BASIC
 62
   150
420
    33023
370
    60
100
AcDbLine
 10
492.0365715107707
 20
201.9119402339829
 30
0.0
 11
497.0365715107706
 21
201.9119402339829
 31
0.0
  0
INSERT
  5
218
330
1F
100
AcDbEntity
  8
0
100
AcDbBlockReference
  2
U8
 10
0.0
 20
0.0
 30
0.0
  0
INSERT
  5
220
330
1F
100
AcDbEntity
  8
0
100
AcDbBlockReference
  2
U9
 10
0.0
 20
0.0
 30
0.0
  0
CIRCLE
  5
227
330
1F
100
AcDbEntity
  8
0
  6
K5LT_BASIC
 62
   150
420
    33023
370
    60
100
AcDbCircle
 10
352.0707506978464
 20
1.511062496335423
 30
0.0
 40
1.5
  0
CIRCLE
  5
228
330
1F
100
AcDbEntity
  8
0
  6
K5LT_BASIC
 62
   150
420
    33023
370
    60
100
AcDbCircle
 10
396.0707506978465
 20
1.511062496335423
 30
0.0
 40
1.5
  0
CIRCLE
  5
229
330
1F
100
AcDbEntity
  8
0
  6
K5LT_BASIC
 62
   150
420
    33023
370
    60
100
AcDbCircle
 10
352.0707506978464
 20
-120.4889375036646
 30
0.0
 40
1.5
  0
CIRCLE
  5
22A
330
1F
100
AcDbEntity
  8
0
  6
K5LT_BASIC
 62
   150
420
    33023
370
    60
100
AcDbCircle
 10
396.0707506978465
 20
-120.4889375036646
 30
0.0
 40
1.5
  0
INSERT
  5
22C
330
1F
100
AcDbEntity
  8
0
100
AcDbBlockReference
  2
U10
 10
0.0
 20
0.0
 30
0.0
  0
CIRCLE
  5
233
330
1F
100
AcDbEntity
  8
0
  6
K5LT_BASIC
 62
   150
420
    33023
370
    60
100
AcDbCircle
 10
448.6707506978465
 20
-13.0889375036646
 30
0.0
 40
1.5
  0
CIRCLE
  5
234
330
1F
100
AcDbEntity
  8
0
  6
K5LT_BASIC
 62
   150
420
    33023
370
    60
100
AcDbCircle
 10
448.6707506978465
 20
-120.8889375036646
 30
0.0
 40
1.5
  0
CIRCLE
  5
235
330
1F
100
AcDbEntity
  8
0
  6
K5LT_BASIC
 62
   150
420
    33023
370
    60
100
AcDbCircle
 10
539.9707506978466
 20
-120.8889375036646
 30
0.0
 40
1.5
  0
CIRCLE
  5
236
330
1F
100
AcDbEntity
  8
0
  6
K5LT_BASIC
 62
   150
420
    33023
370
    60
100
AcDbCircle
 10
539.9707506978466
 20
-13.0889375036646
 30
0.0
 40
1.5
  0
INSERT
  5
238
330
1F
100
AcDbEntity
  8
0
100
AcDbBlockReference
  2
U11
 10
0.0
 20
0.0
 30
0.0
  0
INSERT
  5
240
330
1F
100
AcDbEntity
  8
0
100
AcDbBlockReference
  2
U12
 10
0.0
 20
0.0
 30
0.0
  0
INSERT
  5
248
330
1F
100
AcDbEntity
  8
0
100
AcDbBlockReference
  2
U13
 10
0.0
 20
0.0
 30
0.0
  0
INSERT
  5
250
330
1F
100
AcDbEntity
  8
0
100
AcDbBlockReference
  2
U14
 10
0.0
 20
0.0
 30
0.0
  0
INSERT
  5
258
330
1F
100
AcDbEntity
  8
0
100
AcDbBlockReference
  2
U15
 10
0.0
 20
0.0
 30
0.0
  0
XLINE
  5
25F
330
1F
100
AcDbEntity
  8
0
 62
   232
420
 12921721
100
AcDbXline
 10
343.8944266216446
 20
22.5110624963354
 30
0.0
 11
1.0
 21
-1.224646799147353E-16
 31
0.0
  0
LINE
  5
260
330
1F
100
AcDbEntity
  8
0
  6
K5LT_BASIC
 62
   150
420
    33023
370
    60
100
AcDbLine
 10
331.0707506978464
 20
25.5110624963354
 30
0.0
 11
331.0707506978465
 21
22.5110624963354
 31
0.0
  0
LINE
  5
261
330
1F
100
AcDbEntity
  8
0
  6
K5LT_BASIC
 62
   150
420
    33023
370
    60
100
AcDbLine
 10
331.0707506978465
 20
22.5110624963354
 30
0.0
 11
351.0707506978465
 21
22.5110624963354
 31
0.0
  0
LINE
  5
262
330
1F
100
AcDbEntity
  8
0
  6
K5LT_BASIC
 62
   150
420
    33023
370
    60
100
AcDbLine
 10
351.0707506978465
 20
25.5110624963354
 30
0.0
 11
351.0707506978465
 21
22.5110624963354
 31
0.0
  0
LINE
  5
263
330
1F
100
AcDbEntity
  8
0
  6
K5LT_BASIC
 62
   150
420
    33023
370
    60
100
AcDbLine
 10
371.0707506978465
 20
25.5110624963354
 30
0.0
 11
371.0707506978466
 21
22.5110624963354
 31
0.0
  0
LINE
  5
264
330
1F
100
AcDbEntity
  8
0
  6
K5LT_BASIC
 62
   150
420
    33023
370
    60
100
AcDbLine
 10
371.0707506978466
 20
22.5110624963354
 30
0.0
 11
391.0707506978466
 21
22.5110624963354
 31
0.0
  0
LINE
  5
265
330
1F
100
AcDbEntity
  8
0
  6
K5LT_BASIC
 62
   150
420
    33023
370
    60
100
AcDbLine
 10
391.0707506978466
 20
25.5110624963354
 30
0.0
 11
391.0707506978466
 21
22.5110624963354
 31
0.0
  0
LINE
  5
266
330
1F
100
AcDbEntity
  8
0
  6
K5LT_BASIC
 62
   150
420
    33023
370
    60
100
AcDbLine
 10
511.0707506978464
 20
25.5110624963354
 30
0.0
 11
511.0707506978465
 21
22.5110624963354
 31
0.0
  0
LINE
  5
267
330
1F
100
AcDbEntity
  8
0
  6
K5LT_BASIC
 62
   150
420
    33023
370
    60
100
AcDbLine
 10
511.0707506978465
 20
22.5110624963354
 30
0.0
 11
531.0707506978465
 21
22.5110624963354
 31
0.0
  0
LINE
  5
268
330
1F
100
AcDbEntity
  8
0
  6
K5LT_BASIC
 62
   150
420
    33023
370
    60
100
AcDbLine
 10
531.0707506978465
 20
25.5110624963354
 30
0.0
 11
531.0707506978465
 21
22.5110624963354
 31
0.0
  0
LINE
  5
269
330
1F
100
AcDbEntity
  8
0
  6
K5LT_BASIC
 62
   150
420
    33023
370
    60
100
AcDbLine
 10
471.0707506978464
 20
25.5110624963354
 30
0.0
 11
471.0707506978465
 21
22.5110624963354
 31
0.0
  0
LINE
  5
26A
330
1F
100
AcDbEntity
  8
0
  6
K5LT_BASIC
 62
   150
420
    33023
370
    60
100
AcDbLine
 10
471.0707506978465
 20
22.5110624963354
 30
0.0
 11
491.0707506978465
 21
22.5110624963354
 31
0.0
  0
LINE
  5
26B
330
1F
100
AcDbEntity
  8
0
  6
K5LT_BASIC
 62
   150
420
    33023
370
    60
100
AcDbLine
 10
491.0707506978465
 20
25.5110624963354
 30
0.0
 11
491.0707506978465
 21
22.5110624963354
 31
0.0
  0
LINE
  5
26C
330
1F
100
AcDbEntity
  8
0
  6
K5LT_BASIC
 62
   150
420
    33023
370
    60
100
AcDbLine
 10
421.0707506978464
 20
25.51106249633539
 30
0.0
 11
421.0707506978465
 21
22.51106249633539
 31
0.0
  0
LINE
  5
26D
330
1F
100
AcDbEntity
  8
0
  6
K5LT_BASIC
 62
   150
420
    33023
370
    60
100
AcDbLine
 10
421.0707506978465
 20
22.51106249633539
 30
0.0
 11
441.0707506978465
 21
22.51106249633539
 31
0.0
  0
LINE
  5
26E
330
1F
100
AcDbEntity
  8
0
  6
K5LT_BASIC
 62
   150
420
    33023
370
    60
100
AcDbLine
 10
441.0707506978465
 20
25.51106249633539
 30
0.0
 11
441.0707506978465
 21
22.51106249633539
 31
0.0
  0
LWPOLYLINE
  5
26F
330
1F
100
AcDbEntity
  8
0
  6
K5LT_BASIC
 62
   150
420
    33023
370
    60
100
AcDbPolyline
 90
        3
 70
     0
 43
0.0
 10
331.0707506978464
 20
25.5110624963354
 10
308.0707506978465
 20
25.5110624963354
 10
308.0707506978465
 20
10.51106249633539
  0
LWPOLYLINE
  5
270
330
1F
100
AcDbEntity
  8
0
  6
K5LT_BASIC
 62
   150
420
    33023
370
    60
100
AcDbPolyline
 90
        2
 70
     0
 43
0.0
 10
371.0707506978466
 20
25.5110624963354
 10
351.0707506978465
 20
25.5110624963354
  0
LWPOLYLINE
  5
271
330
1F
100
AcDbEntity
  8
0
  6
K5LT_BASIC
 62
   150
420
    33023
370
    60
100
AcDbPolyline
 90
        2
 70
     0
 43
0.0
 10
421.0707506978465
 20
25.5110624963354
 10
391.0707506978466
 20
25.5110624963354
  0
LWPOLYLINE
  5
272
330
1F
100
AcDbEntity
  8
0
  6
K5LT_BASIC
 62
   150
420
    33023
370
    60
100
AcDbPolyline
 90
        2
 70
     0
 43
0.0
 10
471.0707506978463
 20
25.5110624963354
 10
441.0707506978466
 20
25.5110624963354
  0
LWPOLYLINE
  5
273
330
1F
100
AcDbEntity
  8
0
  6
K5LT_BASIC
 62
   150
420
    33023
370
    60
100
AcDbPolyline
 90
        2
 70
     0
 43
0.0
 10
511.0707506978464
 20
25.5110624963354
 10
491.0707506978464
 20
25.5110624963354
  0
LINE
  5
274
330
1F
100
AcDbEntity
  8
0
  6
K5LT_BASIC
 62
   150
420
    33023
370
    60
100
AcDbLine
 10
331.0707506978464
 20
-164.4889375036646
 30
0.0
 11
331.0707506978465
 21
-161.4889375036646
 31
0.0
  0
LINE
  5
275
330
1F
100
AcDbEntity
  8
0
  6
K5LT_BASIC
 62
   150
420
    33023
370
    60
100
AcDbLine
 10
331.0707506978465
 20
-161.4889375036646
 30
0.0
 11
351.0707506978465
 21
-161.4889375036646
 31
0.0
  0
LINE
  5
276
330
1F
100
AcDbEntity
  8
0
  6
K5LT_BASIC
 62
   150
420
    33023
370
    60
100
AcDbLine
 10
351.0707506978465
 20
-164.4889375036646
 30
0.0
 11
351.0707506978465
 21
-161.4889375036646
 31
0.0
  0
LINE
  5
277
330
1F
100
AcDbEntity
  8
0
  6
K5LT_BASIC
 62
   150
420
    33023
370
    60
100
AcDbLine
 10
371.0707506978465
 20
-164.4889375036646
 30
0.0
 11
371.0707506978466
 21
-161.4889375036646
 31
0.0
  0
LINE
  5
278
330
1F
100
AcDbEntity
  8
0
  6
K5LT_BASIC
 62
   150
420
    33023
370
    60
100
AcDbLine
 10
371.0707506978466
 20
-161.4889375036646
 30
0.0
 11
391.0707506978466
 21
-161.4889375036646
 31
0.0
  0
LINE
  5
279
330
1F
100
AcDbEntity
  8
0
  6
K5LT_BASIC
 62
   150
420
    33023
370
    60
100
AcDbLine
 10
391.0707506978466
 20
-164.4889375036646
 30
0.0
 11
391.0707506978466
 21
-161.4889375036646
 31
0.0
  0
LINE
  5
27A
330
1F
100
AcDbEntity
  8
0
  6
K5LT_BASIC
 62
   150
420
    33023
370
    60
100
AcDbLine
 10
511.0707506978464
 20
-164.4889375036646
 30
0.0
 11
511.0707506978465
 21
-161.4889375036646
 31
0.0
  0
LINE
  5
27B
330
1F
100
AcDbEntity
  8
0
  6
K5LT_BASIC
 62
   150
420
    33023
370
    60
100
AcDbLine
 10
511.0707506978465
 20
-161.4889375036646
 30
0.0
 11
531.0707506978465
 21
-161.4889375036646
 31
0.0
  0
LINE
  5
27C
330
1F
100
AcDbEntity
  8
0
  6
K5LT_BASIC
 62
   150
420
    33023
370
    60
100
AcDbLine
 10
531.0707506978465
 20
-164.4889375036646
 30
0.0
 11
531.0707506978465
 21
-161.4889375036646
 31
0.0
  0
LINE
  5
27D
330
1F
100
AcDbEntity
  8
0
  6
K5LT_BASIC
 62
   150
420
    33023
370
    60
100
AcDbLine
 10
471.0707506978464
 20
-164.4889375036646
 30
0.0
 11
471.0707506978465
 21
-161.4889375036646
 31
0.0
  0
LINE
  5
27E
330
1F
100
AcDbEntity
  8
0
  6
K5LT_BASIC
 62
   150
420
    33023
370
    60
100
AcDbLine
 10
471.0707506978465
 20
-161.4889375036646
 30
0.0
 11
491.0707506978465
 21
-161.4889375036646
 31
0.0
  0
LINE
  5
27F
330
1F
100
AcDbEntity
  8
0
  6
K5LT_BASIC
 62
   150
420
    33023
370
    60
100
AcDbLine
 10
491.0707506978465
 20
-164.4889375036646
 30
0.0
 11
491.0707506978465
 21
-161.4889375036646
 31
0.0
  0
LINE
  5
280
330
1F
100
AcDbEntity
  8
0
  6
K5LT_BASIC
 62
   150
420
    33023
370
    60
100
AcDbLine
 10
421.0707506978464
 20
-164.4889375036646
 30
0.0
 11
421.0707506978465
 21
-161.4889375036646
 31
0.0
  0
LINE
  5
281
330
1F
100
AcDbEntity
  8
0
  6
K5LT_BASIC
 62
   150
420
    33023
370
    60
100
AcDbLine
 10
421.0707506978465
 20
-161.4889375036646
 30
0.0
 11
441.0707506978465
 21
-161.4889375036646
 31
0.0
  0
LINE
  5
282
330
1F
100
AcDbEntity
  8
0
  6
K5LT_BASIC
 62
   150
420
    33023
370
    60
100
AcDbLine
 10
441.0707506978465
 20
-164.4889375036646
 30
0.0
 11
441.0707506978465
 21
-161.4889375036646
 31
0.0
  0
LWPOLYLINE
  5
283
330
1F
100
AcDbEntity
  8
0
  6
K5LT_BASIC
 62
   150
420
    33023
370
    60
100
AcDbPolyline
 90
        2
 70
     0
 43
0.0
 10
371.0707506978466
 20
-164.4889375036646
 10
351.0707506978465
 20
-164.4889375036646
  0
LWPOLYLINE
  5
284
330
1F
100
AcDbEntity
  8
0
  6
K5LT_BASIC
 62
   150
420
    33023
370
    60
100
AcDbPolyline
 90
        2
 70
     0
 43
0.0
 10
421.0707506978465
 20
-164.4889375036646
 10
391.0707506978466
 20
-164.4889375036646
  0
LWPOLYLINE
  5
285
330
1F
100
AcDbEntity
  8
0
  6
K5LT_BASIC
 62
   150
420
    33023
370
    60
100
AcDbPolyline
 90
        2
 70
     0
 43
0.0
 10
471.0707506978463
 20
-164.4889375036646
 10
441.0707506978466
 20
-164.4889375036646
  0
LWPOLYLINE
  5
286
330
1F
100
AcDbEntity
  8
0
  6
K5LT_BASIC
 62
   150
420
    33023
370
    60
100
AcDbPolyline
 90
        2
 70
     0
 43
0.0
 10
511.0707506978464
 20
-164.4889375036646
 10
491.0707506978464
 20
-164.4889375036646
  0
LWPOLYLINE
  5
287
330
1F
100
AcDbEntity
  8
0
  6
K5LT_BASIC
 62
   150
420
    33023
370
    60
100
AcDbPolyline
 90
        4
 70
     0
 43
0.0
 10
531.0707506978465
 20
-164.4889375036646
 10
648.0707506978465
 20
-164.4889375036646
 10
648.0707506978465
 20
25.5110624963354
 10
531.0707506978465
 20
25.5110624963354
  0
LINE
  5
288
330
1F
100
AcDbEntity
  8
0
  6
K5LT_BASIC
 62
   150
420
    33023
370
    60
100
AcDbLine
 10
311.0707506978465
 20
10.51106249633541
 30
0.0
 11
308.0707506978465
 21
10.51106249633541
 31
0.0
  0
LINE
  5
289
330
1F
100
AcDbEntity
  8
0
  6
K5LT_BASIC
 62
   150
420
    33023
370
    60
100
AcDbLine
 10
311.0707506978465
 20
-9.488937503664587
 30
0.0
 11
308.0707506978465
 21
-9.488937503664644
 31
0.0
  0
LINE
  5
28A
330
1F
100
AcDbEntity
  8
0
  6
K5LT_BASIC
 62
   150
420
    33023
370
    60
100
AcDbLine
 10
311.0707506978465
 20
-29.48893750366464
 30
0.0
 11
308.0707506978465
 21
-29.48893750366464
 31
0.0
  0
LINE
  5
28B
330
1F
100
AcDbEntity
  8
0
  6
K5LT_BASIC
 62
   150
420
    33023
370
    60
100
AcDbLine
 10
311.0707506978465
 20
-109.4889375036645
 30
0.0
 11
308.0707506978465
 21
-109.4889375036646
 31
0.0
  0
LINE
  5
28C
330
1F
100
AcDbEntity
  8
0
  6
K5LT_BASIC
 62
   150
420
    33023
370
    60
100
AcDbLine
 10
308.0707506978465
 20
-109.4889375036646
 30
0.0
 11
308.0707506978465
 21
-129.4889375036646
 31
0.0
  0
LINE
  5
28D
330
1F
100
AcDbEntity
  8
0
  6
K5LT_BASIC
 62
   150
420
    33023
370
    60
100
AcDbLine
 10
311.0707506978465
 20
-129.4889375036646
 30
0.0
 11
308.0707506978465
 21
-129.4889375036646
 31
0.0
  0
LINE
  5
28E
330
1F
100
AcDbEntity
  8
0
  6
K5LT_BASIC
 62
   150
420
    33023
370
    60
100
AcDbLine
 10
311.0707506978465
 20
-59.48893750366453
 30
0.0
 11
308.0707506978465
 21
-59.48893750366459
 31
0.0
  0
LINE
  5
28F
330
1F
100
AcDbEntity
  8
0
  6
K5LT_BASIC
 62
   150
420
    33023
370
    60
100
AcDbLine
 10
308.0707506978465
 20
-59.48893750366459
 30
0.0
 11
308.0707506978465
 21
-79.48893750366459
 31
0.0
  0
LINE
  5
290
330
1F
100
AcDbEntity
  8
0
  6
K5LT_BASIC
 62
   150
420
    33023
370
    60
100
AcDbLine
 10
311.0707506978465
 20
-79.48893750366459
 30
0.0
 11
308.0707506978465
 21
-79.48893750366459
 31
0.0
  0
LWPOLYLINE
  5
291
330
1F
100
AcDbEntity
  8
0
  6
K5LT_BASIC
 62
   150
420
    33023
370
    60
100
AcDbPolyline
 90
        2
 70
     0
 43
0.0
 10
311.0707506978465
 20
-9.488937503664644
 10
311.0707506978465
 20
10.51106249633541
  0
LWPOLYLINE
  5
292
330
1F
100
AcDbEntity
  8
0
  6
K5LT_BASIC
 62
   150
420
    33023
370
    60
100
AcDbPolyline
 90
        2
 70
     0
 43
0.0
 10
311.0707506978465
 20
-59.48893750366459
 10
311.0707506978465
 20
-29.4889375036647
  0
LWPOLYLINE
  5
293
330
1F
100
AcDbEntity
  8
0
  6
K5LT_BASIC
 62
   150
420
    33023
370
    60
100
AcDbPolyline
 90
        2
 70
     0
 43
0.0
 10
311.0707506978465
 20
-109.4889375036644
 10
311.0707506978465
 20
-79.48893750366464
  0
LWPOLYLINE
  5
294
330
1F
100
AcDbEntity
  8
0
  6
K5LT_BASIC
 62
   150
420
    33023
370
    60
100
AcDbPolyline
 90
        2
 70
     0
 43
0.0
 10
311.0707506978466
 20
-149.4889375036645
 10
311.0707506978465
 20
-129.4889375036645
  0
LWPOLYLINE
  5
295
330
1F
100
AcDbEntity
  8
0
  6
K5LT_BASIC
 62
   150
420
    33023
370
    60
100
AcDbPolyline
 90
        3
 70
     0
 43
0.0
 10
308.0707506978465
 20
-149.4889375036646
 10
308.0707506978465
 20
-164.4889375036646
 10
331.0707506978464
 20
-164.4889375036646
  0
LINE
  5
296
330
1F
100
AcDbEntity
  8
0
  6
K5LT_BASIC
 62
   150
420
    33023
370
    60
100
AcDbLine
 10
308.0707506978465
 20
-149.4889375036646
 30
0.0
 11
311.0707506978466
 21
-149.4889375036645
 31
0.0
  0
LINE
  5
297
330
1F
100
AcDbEntity
  8
0
  6
K5LT_BASIC
 62
   150
420
    33023
370
    60
100
AcDbLine
 10
308.0707506978465
 20
-9.488937503664644
 30
0.0
 11
308.0707506978465
 21
-29.48893750366464
 31
0.0
  0
LINE
  5
298
330
1F
100
AcDbEntity
  8
0
  6
K5LT_BASIC
 62
   150
420
    33023
370
    60
100
AcDbLine
 10
551.0707506978465
 20
10.51106249633541
 30
0.0
 11
554.0707506978465
 21
10.51106249633541
 31
0.0
  0
LINE
  5
299
330
1F
100
AcDbEntity
  8
0
  6
K5LT_BASIC
 62
   150
420
    33023
370
    60
100
AcDbLine
 10
551.0707506978465
 20
-9.488937503664587
 30
0.0
 11
554.0707506978465
 21
-9.488937503664644
 31
0.0
  0
LINE
  5
29A
330
1F
100
AcDbEntity
  8
0
  6
K5LT_BASIC
 62
   150
420
    33023
370
    60
100
AcDbLine
 10
551.0707506978465
 20
-29.48893750366464
 30
0.0
 11
554.0707506978465
 21
-29.48893750366464
 31
0.0
  0
LINE
  5
29B
330
1F
100
AcDbEntity
  8
0
  6
K5LT_BASIC
 62
   150
420
    33023
370
    60
100
AcDbLine
 10
551.0707506978465
 20
-109.4889375036645
 30
0.0
 11
554.0707506978465
 21
-109.4889375036646
 31
0.0
  0
LINE
  5
29C
330
1F
100
AcDbEntity
  8
0
  6
K5LT_BASIC
 62
   150
420
    33023
370
    60
100
AcDbLine
 10
554.0707506978465
 20
-109.4889375036646
 30
0.0
 11
554.0707506978465
 21
-129.4889375036646
 31
0.0
  0
LINE
  5
29D
330
1F
100
AcDbEntity
  8
0
  6
K5LT_BASIC
 62
   150
420
    33023
370
    60
100
AcDbLine
 10
551.0707506978465
 20
-129.4889375036646
 30
0.0
 11
554.0707506978465
 21
-129.4889375036646
 31
0.0
  0
LINE
  5
29E
330
1F
100
AcDbEntity
  8
0
  6
K5LT_BASIC
 62
   150
420
    33023
370
    60
100
AcDbLine
 10
551.0707506978465
 20
-59.48893750366453
 30
0.0
 11
554.0707506978465
 21
-59.48893750366459
 31
0.0
  0
LINE
  5
29F
330
1F
100
AcDbEntity
  8
0
  6
K5LT_BASIC
 62
   150
420
    33023
370
    60
100
AcDbLine
 10
554.0707506978465
 20
-59.48893750366459
 30
0.0
 11
554.0707506978465
 21
-79.48893750366459
 31
0.0
  0
LINE
  5
2A0
330
1F
100
AcDbEntity
  8
0
  6
K5LT_BASIC
 62
   150
420
    33023
370
    60
100
AcDbLine
 10
551.0707506978465
 20
-79.48893750366459
 30
0.0
 11
554.0707506978465
 21
-79.48893750366459
 31
0.0
  0
LWPOLYLINE
  5
2A1
330
1F
100
AcDbEntity
  8
0
  6
K5LT_BASIC
 62
   150
420
    33023
370
    60
100
AcDbPolyline
 90
        2
 70
     0
 43
0.0
 10
551.0707506978465
 20
-9.488937503664644
 10
551.0707506978465
 20
10.51106249633541
  0
LWPOLYLINE
  5
2A2
330
1F
100
AcDbEntity
  8
0
  6
K5LT_BASIC
 62
   150
420
    33023
370
    60
100
AcDbPolyline
 90
        2
 70
     0
 43
0.0
 10
551.0707506978465
 20
-59.48893750366459
 10
551.0707506978465
 20
-29.4889375036647
  0
LWPOLYLINE
  5
2A3
330
1F
100
AcDbEntity
  8
0
  6
K5LT_BASIC
 62
   150
420
    33023
370
    60
100
AcDbPolyline
 90
        2
 70
     0
 43
0.0
 10
551.0707506978465
 20
-109.4889375036644
 10
551.0707506978465
 20
-79.48893750366464
  0
LWPOLYLINE
  5
2A4
330
1F
100
AcDbEntity
  8
0
  6
K5LT_BASIC
 62
   150
420
    33023
370
    60
100
AcDbPolyline
 90
        2
 70
     0
 43
0.0
 10
551.0707506978465
 20
-149.4889375036645
 10
551.0707506978465
 20
-129.4889375036645
  0
LINE
  5
2A5
330
1F
100
AcDbEntity
  8
0
  6
K5LT_BASIC
 62
   150
420
    33023
370
    60
100
AcDbLine
 10
554.0707506978465
 20
-149.4889375036646
 30
0.0
 11
551.0707506978465
 21
-149.4889375036645
 31
0.0
  0
LINE
  5
2A6
330
1F
100
AcDbEntity
  8
0
  6
K5LT_BASIC
 62
   150
420
    33023
370
    60
100
AcDbLine
 10
554.0707506978465
 20
-9.488937503664644
 30
0.0
 11
554.0707506978465
 21
-29.48893750366464
 31
0.0
  0
LINE
  5
2A7
330
1F
100
AcDbEntity
  8
0
  6
K5LT_BASIC
 62
   150
420
    33023
370
    60
100
AcDbLine
 10
554.0707506978465
 20
-149.4889375036646
 30
0.0
 11
554.0707506978465
 21
-164.4889375036646
 31
0.0
  0
LINE
  5
2A8
330
1F
100
AcDbEntity
  8
0
  6
K5LT_BASIC
 62
   150
420
    33023
370
    60
100
AcDbLine
 10
554.0707506978465
 20
25.5110624963354
 30
0.0
 11
554.0707506978465
 21
10.51106249633541
 31
0.0
  0
LINE
  5
2A9
330
1F
100
AcDbEntity
  8
0
  6
K5LT_BASIC
 62
   150
420
    33023
370
    60
100
AcDbLine
 10
893.1580605619622
 20
-293.8590750675899
 30
0.0
 11
893.1580605619622
 21
-298.8590750675899
 31
0.0
  0
LINE
  5
2AA
330
1F
100
AcDbEntity
  8
0
  6
K5LT_BASIC
 62
   150
420
    33023
370
    60
100
AcDbLine
 10
913.1580605619622
 20
-293.8590750675899
 30
0.0
 11
913.1580605619622
 21
-298.8590750675899
 31
0.0
  0
LINE
  5
2AB
330
1F
100
AcDbEntity
  8
0
  6
K5LT_BASIC
 62
   150
420
    33023
370
    60
100
AcDbLine
 10
933.1580605619622
 20
-293.8590750675899
 30
0.0
 11
933.1580605619622
 21
-298.8590750675899
 31
0.0
  0
LINE
  5
2AC
330
1F
100
AcDbEntity
  8
0
  6
K5LT_BASIC
 62
   150
420
    33023
370
    60
100
AcDbLine
 10
953.1580605619622
 20
-293.8590750675899
 30
0.0
 11
953.1580605619622
 21
-298.8590750675899
 31
0.0
  0
LINE
  5
2AD
330
1F
100
AcDbEntity
  8
0
  6
K5LT_BASIC
 62
   150
420
    33023
370
    60
100
AcDbLine
 10
1073.158060561962
 20
-293.8590750675899
 30
0.0
 11
1073.158060561962
 21
-298.8590750675899
 31
0.0
  0
LINE
  5
2AE
330
1F
100
AcDbEntity
  8
0
  6
K5LT_BASIC
 62
   150
420
    33023
370
    60
100
AcDbLine
 10
1093.158060561962
 20
-293.8590750675899
 30
0.0
 11
1093.158060561962
 21
-298.8590750675899
 31
0.0
  0
LINE
  5
2AF
330
1F
100
AcDbEntity
  8
0
  6
K5LT_BASIC
 62
   150
420
    33023
370
    60
100
AcDbLine
 10
1033.158060561962
 20
-293.8590750675899
 30
0.0
 11
1033.158060561962
 21
-298.8590750675899
 31
0.0
  0
LINE
  5
2B0
330
1F
100
AcDbEntity
  8
0
  6
K5LT_BASIC
 62
   150
420
    33023
370
    60
100
AcDbLine
 10
1053.158060561962
 20
-293.8590750675899
 30
0.0
 11
1053.158060561962
 21
-298.8590750675899
 31
0.0
  0
LINE
  5
2B1
330
1F
100
AcDbEntity
  8
0
  6
K5LT_BASIC
 62
   150
420
    33023
370
    60
100
AcDbLine
 10
983.1580605619622
 20
-293.8590750675899
 30
0.0
 11
983.1580605619622
 21
-298.8590750675899
 31
0.0
  0
LINE
  5
2B2
330
1F
100
AcDbEntity
  8
0
  6
K5LT_BASIC
 62
   150
420
    33023
370
    60
100
AcDbLine
 10
1003.158060561962
 20
-293.8590750675899
 30
0.0
 11
1003.158060561962
 21
-298.8590750675899
 31
0.0
  0
LWPOLYLINE
  5
2B3
330
1F
100
AcDbEntity
  8
0
  6
K5LT_BASIC
 62
   150
420
    33023
370
    60
100
AcDbPolyline
 90
        3
 70
     0
 43
0.0
 10
893.1580605619621
 20
-293.8590750675899
 10
870.1580605619622
 20
-293.8590750675899
 10
870.1580605619622
 20
-308.8590750675899
  0
LWPOLYLINE
  5
2B4
330
1F
100
AcDbEntity
  8
0
  6
K5LT_BASIC
 62
   150
420
    33023
370
    60
100
AcDbPolyline
 90
        2
 70
     0
 43
0.0
 10
933.1580605619622
 20
-293.8590750675899
 10
913.1580605619622
 20
-293.8590750675899
  0
LWPOLYLINE
  5
2B5
330
1F
100
AcDbEntity
  8
0
  6
K5LT_BASIC
 62
   150
420
    33023
370
    60
100
AcDbPolyline
 90
        2
 70
     0
 43
0.0
 10
983.1580605619622
 20
-293.8590750675899
 10
953.1580605619623
 20
-293.8590750675899
  0
LWPOLYLINE
  5
2B6
330
1F
100
AcDbEntity
  8
0
  6
K5LT_BASIC
 62
   150
420
    33023
370
    60
100
AcDbPolyline
 90
        2
 70
     0
 43
0.0
 10
1033.158060561962
 20
-293.8590750675899
 10
1003.158060561962
 20
-293.8590750675899
  0
LWPOLYLINE
  5
2B7
330
1F
100
AcDbEntity
  8
0
  6
K5LT_BASIC
 62
   150
420
    33023
370
    60
100
AcDbPolyline
 90
        2
 70
     0
 43
0.0
 10
1073.158060561962
 20
-293.8590750675899
 10
1053.158060561962
 20
-293.8590750675899
  0
LWPOLYLINE
  5
2B8
330
1F
100
AcDbEntity
  8
0
  6
K5LT_BASIC
 62
   150
420
    33023
370
    60
100
AcDbPolyline
 90
        3
 70
     0
 43
0.0
 10
870.1580605619622
 20
-468.8590750675899
 10
870.1580605619622
 20
-483.8590750675899
 10
893.1580605619621
 20
-483.8590750675899
  0
LINE
  5
2B9
330
1F
100
AcDbEntity
  8
0
  6
K5LT_BASIC
 62
   150
420
    33023
370
    60
100
AcDbLine
 10
1116.158060561962
 20
-428.8590750675899
 30
0.0
 11
1116.158060561962
 21
-448.8590750675899
 31
0.0
  0
LINE
  5
2BA
330
1F
100
AcDbEntity
  8
0
  6
K5LT_BASIC
 62
   150
420
    33023
370
    60
100
AcDbLine
 10
1116.158060561962
 20
-378.8590750675899
 30
0.0
 11
1116.158060561962
 21
-398.8590750675899
 31
0.0
  0
LINE
  5
2BB
330
1F
100
AcDbEntity
  8
0
  6
K5LT_BASIC
 62
   150
420
    33023
370
    60
100
AcDbLine
 10
1116.158060561962
 20
-328.85907506759
 30
0.0
 11
1116.158060561962
 21
-348.85907506759
 31
0.0
  0
LINE
  5
2BC
330
1F
100
AcDbEntity
  8
0
  6
K5LT_BASIC
 62
   150
420
    33023
370
    60
100
AcDbLine
 10
1116.158060561962
 20
-468.8590750675899
 30
0.0
 11
1116.158060561962
 21
-483.8590750675899
 31
0.0
  0
LINE
  5
2BD
330
1F
100
AcDbEntity
  8
0
  6
K5LT_BASIC
 62
   150
420
    33023
370
    60
100
AcDbLine
 10
1116.158060561962
 20
-293.8590750675899
 30
0.0
 11
1116.158060561962
 21
-308.8590750675899
 31
0.0
  0
LINE
  5
2BE
330
1F
100
AcDbEntity
  8
0
  6
K5LT_BASIC
 62
   150
420
    33023
370
    60
100
AcDbLine
 10
1093.158060561962
 20
-293.8590750675899
 30
0.0
 11
1116.158060561962
 21
-293.8590750675899
 31
0.0
  0
INSERT
  5
2C0
330
1F
100
AcDbEntity
  8
0
100
AcDbBlockReference
  2
U16
 10
0.0
 20
0.0
 30
0.0
  0
INSERT
  5
2C8
330
1F
100
AcDbEntity
  8
0
100
AcDbBlockReference
  2
U17
 10
0.0
 20
0.0
 30
0.0
  0
CIRCLE
  5
2CF
330
1F
100
AcDbEntity
  8
0
  6
K5LT_BASIC
 62
   150
420
    33023
370
    60
100
AcDbCircle
 10
914.1580605619622
 20
-334.8590750675899
 30
0.0
 40
1.5
  0
CIRCLE
  5
2D0
330
1F
100
AcDbEntity
  8
0
  6
K5LT_BASIC
 62
   150
420
    33023
370
    60
100
AcDbCircle
 10
958.1580605619622
 20
-334.8590750675899
 30
0.0
 40
1.5
  0
CIRCLE
  5
2D1
330
1F
100
AcDbEntity
  8
0
  6
K5LT_BASIC
 62
   150
420
    33023
370
    60
100
AcDbCircle
 10
914.1580605619622
 20
-456.8590750675899
 30
0.0
 40
1.5
  0
CIRCLE
  5
2D2
330
1F
100
AcDbEntity
  8
0
  6
K5LT_BASIC
 62
   150
420
    33023
370
    60
100
AcDbCircle
 10
958.1580605619622
 20
-456.8590750675899
 30
0.0
 40
1.5
  0
INSERT
  5
2D4
330
1F
100
AcDbEntity
  8
0
100
AcDbBlockReference
  2
U18
 10
0.0
 20
0.0
 30
0.0
  0
CIRCLE
  5
2DB
330
1F
100
AcDbEntity
  8
0
  6
K5LT_BASIC
 62
   150
420
    33023
370
    60
100
AcDbCircle
 10
1010.758060561962
 20
-339.4590750675898
 30
0.0
 40
1.5
  0
CIRCLE
  5
2DC
330
1F
100
AcDbEntity
  8
0
  6
K5LT_BASIC
 62
   150
420
    33023
370
    60
100
AcDbCircle
 10
1010.758060561962
 20
-447.2590750675899
 30
0.0
 40
1.5
  0
CIRCLE
  5
2DD
330
1F
100
AcDbEntity
  8
0
  6
K5LT_BASIC
 62
   150
420
    33023
370
    60
100
AcDbCircle
 10
1102.058060561962
 20
-447.2590750675899
 30
0.0
 40
1.5
  0
CIRCLE
  5
2DE
330
1F
100
AcDbEntity
  8
0
  6
K5LT_BASIC
 62
   150
420
    33023
370
    60
100
AcDbCircle
 10
1102.058060561962
 20
-339.4590750675898
 30
0.0
 40
1.5
  0
INSERT
  5
2E0
330
1F
100
AcDbEntity
  8
0
100
AcDbBlockReference
  2
U19
 10
0.0
 20
0.0
 30
0.0
  0
INSERT
  5
2E8
330
1F
100
AcDbEntity
  8
0
100
AcDbBlockReference
  2
U20
 10
0.0
 20
0.0
 30
0.0
  0
INSERT
  5
2F0
330
1F
100
AcDbEntity
  8
0
100
AcDbBlockReference
  2
U21
 10
0.0
 20
0.0
 30
0.0
  0
INSERT
  5
2F8
330
1F
100
AcDbEntity
  8
0
100
AcDbBlockReference
  2
U22
 10
0.0
 20
0.0
 30
0.0
  0
INSERT
  5
300
330
1F
100
AcDbEntity
  8
0
100
AcDbBlockReference
  2
U23
 10
0.0
 20
0.0
 30
0.0
  0
LINE
  5
307
330
1F
100
AcDbEntity
  8
0
  6
K5LT_BASIC
 62
   150
420
    33023
370
    60
100
AcDbLine
 10
893.1580605619622
 20
-298.8590750675899
 30
0.0
 11
913.1580605619622
 21
-298.8590750675899
 31
0.0
  0
LINE
  5
308
330
1F
100
AcDbEntity
  8
0
  6
K5LT_BASIC
 62
   150
420
    33023
370
    60
100
AcDbLine
 10
933.1580605619622
 20
-298.8590750675899
 30
0.0
 11
953.1580605619622
 21
-298.8590750675899
 31
0.0
  0
LINE
  5
309
330
1F
100
AcDbEntity
  8
0
  6
K5LT_BASIC
 62
   150
420
    33023
370
    60
100
AcDbLine
 10
1073.158060561962
 20
-298.8590750675899
 30
0.0
 11
1093.158060561962
 21
-298.8590750675899
 31
0.0
  0
LINE
  5
30A
330
1F
100
AcDbEntity
  8
0
  6
K5LT_BASIC
 62
   150
420
    33023
370
    60
100
AcDbLine
 10
1033.158060561962
 20
-298.8590750675899
 30
0.0
 11
1053.158060561962
 21
-298.8590750675899
 31
0.0
  0
LINE
  5
30B
330
1F
100
AcDbEntity
  8
0
  6
K5LT_BASIC
 62
   150
420
    33023
370
    60
100
AcDbLine
 10
983.1580605619622
 20
-298.8590750675899
 30
0.0
 11
1003.158060561962
 21
-298.8590750675899
 31
0.0
  0
LINE
  5
30C
330
1F
100
AcDbEntity
  8
0
  6
K5LT_BASIC
 62
   150
420
    33023
370
    60
100
AcDbLine
 10
893.1580605619622
 20
-483.8590750675899
 30
0.0
 11
893.1580605619622
 21
-478.8590750675899
 31
0.0
  0
LINE
  5
30D
330
1F
100
AcDbEntity
  8
0
  6
K5LT_BASIC
 62
   150
420
    33023
370
    60
100
AcDbLine
 10
913.1580605619622
 20
-483.8590750675899
 30
0.0
 11
913.1580605619622
 21
-478.8590750675899
 31
0.0
  0
LINE
  5
30E
330
1F
100
AcDbEntity
  8
0
  6
K5LT_BASIC
 62
   150
420
    33023
370
    60
100
AcDbLine
 10
933.1580605619622
 20
-483.8590750675899
 30
0.0
 11
933.1580605619622
 21
-478.8590750675899
 31
0.0
  0
LINE
  5
30F
330
1F
100
AcDbEntity
  8
0
  6
K5LT_BASIC
 62
   150
420
    33023
370
    60
100
AcDbLine
 10
953.1580605619622
 20
-483.8590750675899
 30
0.0
 11
953.1580605619622
 21
-478.8590750675899
 31
0.0
  0
LINE
  5
310
330
1F
100
AcDbEntity
  8
0
  6
K5LT_BASIC
 62
   150
420
    33023
370
    60
100
AcDbLine
 10
1073.158060561962
 20
-483.8590750675899
 30
0.0
 11
1073.158060561962
 21
-478.8590750675899
 31
0.0
  0
LINE
  5
311
330
1F
100
AcDbEntity
  8
0
  6
K5LT_BASIC
 62
   150
420
    33023
370
    60
100
AcDbLine
 10
1093.158060561962
 20
-483.8590750675899
 30
0.0
 11
1093.158060561962
 21
-478.8590750675899
 31
0.0
  0
LINE
  5
312
330
1F
100
AcDbEntity
  8
0
  6
K5LT_BASIC
 62
   150
420
    33023
370
    60
100
AcDbLine
 10
1033.158060561962
 20
-483.8590750675899
 30
0.0
 11
1033.158060561962
 21
-478.8590750675899
 31
0.0
  0
LINE
  5
313
330
1F
100
AcDbEntity
  8
0
  6
K5LT_BASIC
 62
   150
420
    33023
370
    60
100
AcDbLine
 10
1053.158060561962
 20
-483.8590750675899
 30
0.0
 11
1053.158060561962
 21
-478.8590750675899
 31
0.0
  0
LINE
  5
314
330
1F
100
AcDbEntity
  8
0
  6
K5LT_BASIC
 62
   150
420
    33023
370
    60
100
AcDbLine
 10
983.1580605619622
 20
-483.8590750675899
 30
0.0
 11
983.1580605619622
 21
-478.8590750675899
 31
0.0
  0
LINE
  5
315
330
1F
100
AcDbEntity
  8
0
  6
K5LT_BASIC
 62
   150
420
    33023
370
    60
100
AcDbLine
 10
1003.158060561962
 20
-483.8590750675899
 30
0.0
 11
1003.158060561962
 21
-478.8590750675899
 31
0.0
  0
LWPOLYLINE
  5
316
330
1F
100
AcDbEntity
  8
0
  6
K5LT_BASIC
 62
   150
420
    33023
370
    60
100
AcDbPolyline
 90
        2
 70
     0
 43
0.0
 10
933.1580605619622
 20
-483.8590750675899
 10
913.1580605619622
 20
-483.8590750675899
  0
LWPOLYLINE
  5
317
330
1F
100
AcDbEntity
  8
0
  6
K5LT_BASIC
 62
   150
420
    33023
370
    60
100
AcDbPolyline
 90
        2
 70
     0
 43
0.0
 10
983.1580605619622
 20
-483.8590750675899
 10
953.1580605619623
 20
-483.8590750675899
  0
LWPOLYLINE
  5
318
330
1F
100
AcDbEntity
  8
0
  6
K5LT_BASIC
 62
   150
420
    33023
370
    60
100
AcDbPolyline
 90
        2
 70
     0
 43
0.0
 10
1033.158060561962
 20
-483.8590750675899
 10
1003.158060561962
 20
-483.8590750675899
  0
LWPOLYLINE
  5
319
330
1F
100
AcDbEntity
  8
0
  6
K5LT_BASIC
 62
   150
420
    33023
370
    60
100
AcDbPolyline
 90
        2
 70
     0
 43
0.0
 10
1073.158060561962
 20
-483.8590750675899
 10
1053.158060561962
 20
-483.8590750675899
  0
LINE
  5
31A
330
1F
100
AcDbEntity
  8
0
  6
K5LT_BASIC
 62
   150
420
    33023
370
    60
100
AcDbLine
 10
1093.158060561962
 20
-483.8590750675899
 30
0.0
 11
1116.158060561962
 21
-483.8590750675899
 31
0.0
  0
LINE
  5
31B
330
1F
100
AcDbEntity
  8
0
  6
K5LT_BASIC
 62
   150
420
    33023
370
    60
100
AcDbLine
 10
893.1580605619622
 20
-478.8590750675899
 30
0.0
 11
913.1580605619622
 21
-478.8590750675899
 31
0.0
  0
LINE
  5
31C
330
1F
100
AcDbEntity
  8
0
  6
K5LT_BASIC
 62
   150
420
    33023
370
    60
100
AcDbLine
 10
933.1580605619622
 20
-478.8590750675899
 30
0.0
 11
953.1580605619622
 21
-478.8590750675899
 31
0.0
  0
LINE
  5
31D
330
1F
100
AcDbEntity
  8
0
  6
K5LT_BASIC
 62
   150
420
    33023
370
    60
100
AcDbLine
 10
1073.158060561962
 20
-478.8590750675899
 30
0.0
 11
1093.158060561962
 21
-478.8590750675899
 31
0.0
  0
LINE
  5
31E
330
1F
100
AcDbEntity
  8
0
  6
K5LT_BASIC
 62
   150
420
    33023
370
    60
100
AcDbLine
 10
1033.158060561962
 20
-478.8590750675899
 30
0.0
 11
1053.158060561962
 21
-478.8590750675899
 31
0.0
  0
LINE
  5
31F
330
1F
100
AcDbEntity
  8
0
  6
K5LT_BASIC
 62
   150
420
    33023
370
    60
100
AcDbLine
 10
983.1580605619622
 20
-478.8590750675899
 30
0.0
 11
1003.158060561962
 21
-478.8590750675899
 31
0.0
  0
LINE
  5
320
330
1F
100
AcDbEntity
  8
0
  6
K5LT_BASIC
 62
   150
420
    33023
370
    60
100
AcDbLine
 10
1111.158060561962
 20
-308.8590750675899
 30
0.0
 11
1116.158060561962
 21
-308.8590750675899
 31
0.0
  0
LINE
  5
321
330
1F
100
AcDbEntity
  8
0
  6
K5LT_BASIC
 62
   150
420
    33023
370
    60
100
AcDbLine
 10
1111.158060561962
 20
-328.8590750675899
 30
0.0
 11
1116.158060561962
 21
-328.85907506759
 31
0.0
  0
LINE
  5
322
330
1F
100
AcDbEntity
  8
0
  6
K5LT_BASIC
 62
   150
420
    33023
370
    60
100
AcDbLine
 10
1111.158060561962
 20
-348.85907506759
 30
0.0
 11
1116.158060561962
 21
-348.85907506759
 31
0.0
  0
LINE
  5
323
330
1F
100
AcDbEntity
  8
0
  6
K5LT_BASIC
 62
   150
420
    33023
370
    60
100
AcDbLine
 10
1111.158060561962
 20
-428.8590750675899
 30
0.0
 11
1116.158060561962
 21
-428.85907506759
 31
0.0
  0
LINE
  5
324
330
1F
100
AcDbEntity
  8
0
  6
K5LT_BASIC
 62
   150
420
    33023
370
    60
100
AcDbLine
 10
1111.158060561962
 20
-448.8590750675899
 30
0.0
 11
1116.158060561962
 21
-448.8590750675899
 31
0.0
  0
LINE
  5
325
330
1F
100
AcDbEntity
  8
0
  6
K5LT_BASIC
 62
   150
420
    33023
370
    60
100
AcDbLine
 10
1111.158060561962
 20
-378.8590750675899
 30
0.0
 11
1116.158060561962
 21
-378.85907506759
 31
0.0
  0
LINE
  5
326
330
1F
100
AcDbEntity
  8
0
  6
K5LT_BASIC
 62
   150
420
    33023
370
    60
100
AcDbLine
 10
1111.158060561962
 20
-398.8590750675899
 30
0.0
 11
1116.158060561962
 21
-398.8590750675899
 31
0.0
  0
LWPOLYLINE
  5
327
330
1F
100
AcDbEntity
  8
0
  6
K5LT_BASIC
 62
   150
420
    33023
370
    60
100
AcDbPolyline
 90
        2
 70
     0
 43
0.0
 10
1111.158060561962
 20
-328.8590750675901
 10
1111.158060561962
 20
-308.85907506759
  0
LWPOLYLINE
  5
328
330
1F
100
AcDbEntity
  8
0
  6
K5LT_BASIC
 62
   150
420
    33023
370
    60
100
AcDbPolyline
 90
        2
 70
     0
 43
0.0
 10
1111.158060561962
 20
-378.85907506759
 10
1111.158060561962
 20
-348.8590750675901
  0
LWPOLYLINE
  5
329
330
1F
100
AcDbEntity
  8
0
  6
K5LT_BASIC
 62
   150
420
    33023
370
    60
100
AcDbPolyline
 90
        2
 70
     0
 43
0.0
 10
1111.158060561962
 20
-428.8590750675899
 10
1111.158060561962
 20
-398.8590750675901
  0
LWPOLYLINE
  5
32A
330
1F
100
AcDbEntity
  8
0
  6
K5LT_BASIC
 62
   150
420
    33023
370
    60
100
AcDbPolyline
 90
        2
 70
     0
 43
0.0
 10
1111.158060561962
 20
-468.8590750675899
 10
1111.158060561962
 20
-448.8590750675899
  0
LINE
  5
32B
330
1F
100
AcDbEntity
  8
0
  6
K5LT_BASIC
 62
   150
420
    33023
370
    60
100
AcDbLine
 10
1116.158060561962
 20
-468.8590750675899
 30
0.0
 11
1111.158060561962
 21
-468.8590750675897
 31
0.0
  0
LINE
  5
32C
330
1F
100
AcDbEntity
  8
0
  6
K5LT_BASIC
 62
   150
420
    33023
370
    60
100
AcDbLine
 10
870.1580605619622
 20
-428.8590750675899
 30
0.0
 11
870.1580605619622
 21
-448.8590750675899
 31
0.0
  0
LINE
  5
32D
330
1F
100
AcDbEntity
  8
0
  6
K5LT_BASIC
 62
   150
420
    33023
370
    60
100
AcDbLine
 10
870.1580605619622
 20
-378.8590750675899
 30
0.0
 11
870.1580605619622
 21
-398.8590750675899
 31
0.0
  0
LINE
  5
32E
330
1F
100
AcDbEntity
  8
0
  6
K5LT_BASIC
 62
   150
420
    33023
370
    60
100
AcDbLine
 10
870.1580605619622
 20
-328.85907506759
 30
0.0
 11
870.1580605619622
 21
-348.85907506759
 31
0.0
  0
LINE
  5
32F
330
1F
100
AcDbEntity
  8
0
  6
K5LT_BASIC
 62
   150
420
    33023
370
    60
100
AcDbLine
 10
875.1580605619622
 20
-308.8590750675899
 30
0.0
 11
870.1580605619622
 21
-308.8590750675899
 31
0.0
  0
LINE
  5
330
330
1F
100
AcDbEntity
  8
0
  6
K5LT_BASIC
 62
   150
420
    33023
370
    60
100
AcDbLine
 10
875.1580605619622
 20
-328.8590750675899
 30
0.0
 11
870.1580605619622
 21
-328.85907506759
 31
0.0
  0
LINE
  5
331
330
1F
100
AcDbEntity
  8
0
  6
K5LT_BASIC
 62
   150
420
    33023
370
    60
100
AcDbLine
 10
875.1580605619622
 20
-348.85907506759
 30
0.0
 11
870.1580605619622
 21
-348.85907506759
 31
0.0
  0
LINE
  5
332
330
1F
100
AcDbEntity
  8
0
  6
K5LT_BASIC
 62
   150
420
    33023
370
    60
100
AcDbLine
 10
875.1580605619622
 20
-428.8590750675899
 30
0.0
 11
870.1580605619622
 21
-428.85907506759
 31
0.0
  0
LINE
  5
333
330
1F
100
AcDbEntity
  8
0
  6
K5LT_BASIC
 62
   150
420
    33023
370
    60
100
AcDbLine
 10
875.1580605619622
 20
-448.8590750675899
 30
0.0
 11
870.1580605619622
 21
-448.8590750675899
 31
0.0
  0
LINE
  5
334
330
1F
100
AcDbEntity
  8
0
  6
K5LT_BASIC
 62
   150
420
    33023
370
    60
100
AcDbLine
 10
875.1580605619622
 20
-378.8590750675899
 30
0.0
 11
870.1580605619622
 21
-378.85907506759
 31
0.0
  0
LINE
  5
335
330
1F
100
AcDbEntity
  8
0
  6
K5LT_BASIC
 62
   150
420
    33023
370
    60
100
AcDbLine
 10
875.1580605619622
 20
-398.8590750675899
 30
0.0
 11
870.1580605619622
 21
-398.8590750675899
 31
0.0
  0
LWPOLYLINE
  5
336
330
1F
100
AcDbEntity
  8
0
  6
K5LT_BASIC
 62
   150
420
    33023
370
    60
100
AcDbPolyline
 90
        2
 70
     0
 43
0.0
 10
875.1580605619622
 20
-328.8590750675901
 10
875.1580605619622
 20
-308.85907506759
  0
LWPOLYLINE
  5
337
330
1F
100
AcDbEntity
  8
0
  6
K5LT_BASIC
 62
   150
420
    33023
370
    60
100
AcDbPolyline
 90
        2
 70
     0
 43
0.0
 10
875.1580605619622
 20
-378.85907506759
 10
875.1580605619622
 20
-348.8590750675901
  0
LWPOLYLINE
  5
338
330
1F
100
AcDbEntity
  8
0
  6
K5LT_BASIC
 62
   150
420
    33023
370
    60
100
AcDbPolyline
 90
        2
 70
     0
 43
0.0
 10
875.1580605619622
 20
-428.8590750675899
 10
875.1580605619622
 20
-398.8590750675901
  0
LWPOLYLINE
  5
339
330
1F
100
AcDbEntity
  8
0
  6
K5LT_BASIC
 62
   150
420
    33023
370
    60
100
AcDbPolyline
 90
        2
 70
     0
 43
0.0
 10
875.1580605619622
 20
-468.8590750675899
 10
875.1580605619622
 20
-448.8590750675899
  0
LINE
  5
33A
330
1F
100
AcDbEntity
  8
0
  6
K5LT_BASIC
 62
   150
420
    33023
370
    60
100
AcDbLine
 10
870.1580605619622
 20
-468.8590750675899
 30
0.0
 11
875.1580605619622
 21
-468.8590750675897
 31
0.0
  0
CIRCLE
  5
33B
330
1F
100
AcDbEntity
  8
0
  6
K5LT_BASIC
 62
   150
420
    33023
370
    60
100
AcDbCircle
 10
923.1580605619622
 20
-303.8590750675899
 30
0.0
 40
2.0
  0
CIRCLE
  5
33C
330
1F
100
AcDbEntity
  8
0
  6
K5LT_BASIC
 62
   150
420
    33023
370
    60
100
AcDbCircle
 10
1063.158060561962
 20
-303.8590750675899
 30
0.0
 40
2.0
  0
CIRCLE
  5
33D
330
1F
100
AcDbEntity
  8
0
  6
K5LT_BASIC
 62
   150
420
    33023
370
    60
100
AcDbCircle
 10
923.1580605619622
 20
-473.8590750675899
 30
0.0
 40
2.0
  0
CIRCLE
  5
33E
330
1F
100
AcDbEntity
  8
0
  6
K5LT_BASIC
 62
   150
420
    33023
370
    60
100
AcDbCircle
 10
1063.158060561962
 20
-473.8590750675899
 30
0.0
 40
2.0
  0
LINE
  5
33F
330
1F
100
AcDbEntity
  8
0
  6
K5LT_BASIC
 62
   150
420
    33023
370
    60
100
AcDbLine
 10
752.948658489735
 20
-428.8590750675899
 30
0.0
 11
752.948658489735
 21
-448.8590750675899
 31
0.0
  0
LINE
  5
340
330
1F
100
AcDbEntity
  8
0
  6
K5LT_BASIC
 62
   150
420
    33023
370
    60
100
AcDbLine
 10
752.948658489735
 20
-378.8590750675899
 30
0.0
 11
752.948658489735
 21
-398.8590750675899
 31
0.0
  0
LINE
  5
341
330
1F
100
AcDbEntity
  8
0
  6
K5LT_BASIC
 62
   150
420
    33023
370
    60
100
AcDbLine
 10
752.948658489735
 20
-328.85907506759
 30
0.0
 11
752.948658489735
 21
-348.85907506759
 31
0.0
  0
LINE
  5
342
330
1F
100
AcDbEntity
  8
0
  6
K5LT_BASIC
 62
   150
420
    33023
370
    60
100
AcDbLine
 10
752.948658489735
 20
-468.8590750675899
 30
0.0
 11
752.948658489735
 21
-478.8590750675899
 31
0.0
  0
LINE
  5
343
330
1F
100
AcDbEntity
  8
0
  6
K5LT_BASIC
 62
   150
420
    33023
370
    60
100
AcDbLine
 10
752.948658489735
 20
-298.85907506759
 30
0.0
 11
752.948658489735
 21
-308.8590750675899
 31
0.0
  0
LINE
  5
344
330
1F
100
AcDbEntity
  8
0
  6
K5LT_BASIC
 62
   150
420
    33023
370
    60
100
AcDbLine
 10
747.948658489735
 20
-308.8590750675899
 30
0.0
 11
752.948658489735
 21
-308.8590750675899
 31
0.0
  0
LINE
  5
345
330
1F
100
AcDbEntity
  8
0
  6
K5LT_BASIC
 62
   150
420
    33023
370
    60
100
AcDbLine
 10
747.948658489735
 20
-328.8590750675899
 30
0.0
 11
752.948658489735
 21
-328.85907506759
 31
0.0
  0
LINE
  5
346
330
1F
100
AcDbEntity
  8
0
  6
K5LT_BASIC
 62
   150
420
    33023
370
    60
100
AcDbLine
 10
747.948658489735
 20
-348.85907506759
 30
0.0
 11
752.948658489735
 21
-348.85907506759
 31
0.0
  0
LINE
  5
347
330
1F
100
AcDbEntity
  8
0
  6
K5LT_BASIC
 62
   150
420
    33023
370
    60
100
AcDbLine
 10
747.948658489735
 20
-428.8590750675899
 30
0.0
 11
752.948658489735
 21
-428.85907506759
 31
0.0
  0
LINE
  5
348
330
1F
100
AcDbEntity
  8
0
  6
K5LT_BASIC
 62
   150
420
    33023
370
    60
100
AcDbLine
 10
747.948658489735
 20
-448.8590750675899
 30
0.0
 11
752.948658489735
 21
-448.8590750675899
 31
0.0
  0
LINE
  5
349
330
1F
100
AcDbEntity
  8
0
  6
K5LT_BASIC
 62
   150
420
    33023
370
    60
100
AcDbLine
 10
747.948658489735
 20
-378.8590750675899
 30
0.0
 11
752.948658489735
 21
-378.85907506759
 31
0.0
  0
LINE
  5
34A
330
1F
100
AcDbEntity
  8
0
  6
K5LT_BASIC
 62
   150
420
    33023
370
    60
100
AcDbLine
 10
747.948658489735
 20
-398.8590750675899
 30
0.0
 11
752.948658489735
 21
-398.8590750675899
 31
0.0
  0
LWPOLYLINE
  5
34B
330
1F
100
AcDbEntity
  8
0
  6
K5LT_BASIC
 62
   150
420
    33023
370
    60
100
AcDbPolyline
 90
        2
 70
     0
 43
0.0
 10
747.948658489735
 20
-328.8590750675901
 10
747.948658489735
 20
-308.85907506759
  0
LWPOLYLINE
  5
34C
330
1F
100
AcDbEntity
  8
0
  6
K5LT_BASIC
 62
   150
420
    33023
370
    60
100
AcDbPolyline
 90
        2
 70
     0
 43
0.0
 10
747.948658489735
 20
-378.85907506759
 10
747.948658489735
 20
-348.8590750675901
  0
LWPOLYLINE
  5
34D
330
1F
100
AcDbEntity
  8
0
  6
K5LT_BASIC
 62
   150
420
    33023
370
    60
100
AcDbPolyline
 90
        2
 70
     0
 43
0.0
 10
747.948658489735
 20
-428.8590750675899
 10
747.948658489735
 20
-398.8590750675901
  0
LWPOLYLINE
  5
34E
330
1F
100
AcDbEntity
  8
0
  6
K5LT_BASIC
 62
   150
420
    33023
370
    60
100
AcDbPolyline
 90
        2
 70
     0
 43
0.0
 10
747.948658489735
 20
-468.8590750675899
 10
747.948658489735
 20
-448.8590750675899
  0
LINE
  5
34F
330
1F
100
AcDbEntity
  8
0
  6
K5LT_BASIC
 62
   150
420
    33023
370
    60
100
AcDbLine
 10
752.948658489735
 20
-468.8590750675899
 30
0.0
 11
747.948658489735
 21
-468.8590750675897
 31
0.0
  0
LINE
  5
350
330
1F
100
AcDbEntity
  8
0
  6
K5LT_BASIC
 62
   150
420
    33023
370
    60
100
AcDbLine
 10
837.948658489735
 20
-428.8590750675899
 30
0.0
 11
837.948658489735
 21
-448.8590750675899
 31
0.0
  0
LINE
  5
351
330
1F
100
AcDbEntity
  8
0
  6
K5LT_BASIC
 62
   150
420
    33023
370
    60
100
AcDbLine
 10
837.948658489735
 20
-378.8590750675899
 30
0.0
 11
837.948658489735
 21
-398.8590750675899
 31
0.0
  0
LINE
  5
352
330
1F
100
AcDbEntity
  8
0
  6
K5LT_BASIC
 62
   150
420
    33023
370
    60
100
AcDbLine
 10
837.948658489735
 20
-328.85907506759
 30
0.0
 11
837.948658489735
 21
-348.85907506759
 31
0.0
  0
LINE
  5
353
330
1F
100
AcDbEntity
  8
0
  6
K5LT_BASIC
 62
   150
420
    33023
370
    60
100
AcDbLine
 10
837.948658489735
 20
-468.8590750675899
 30
0.0
 11
837.948658489735
 21
-478.8590750675899
 31
0.0
  0
LINE
  5
354
330
1F
100
AcDbEntity
  8
0
  6
K5LT_BASIC
 62
   150
420
    33023
370
    60
100
AcDbLine
 10
837.948658489735
 20
-298.85907506759
 30
0.0
 11
837.948658489735
 21
-308.8590750675899
 31
0.0
  0
LINE
  5
355
330
1F
100
AcDbEntity
  8
0
  6
K5LT_BASIC
 62
   150
420
    33023
370
    60
100
AcDbLine
 10
842.948658489735
 20
-308.8590750675899
 30
0.0
 11
837.948658489735
 21
-308.8590750675899
 31
0.0
  0
LINE
  5
356
330
1F
100
AcDbEntity
  8
0
  6
K5LT_BASIC
 62
   150
420
    33023
370
    60
100
AcDbLine
 10
842.948658489735
 20
-328.8590750675899
 30
0.0
 11
837.948658489735
 21
-328.85907506759
 31
0.0
  0
LINE
  5
357
330
1F
100
AcDbEntity
  8
0
  6
K5LT_BASIC
 62
   150
420
    33023
370
    60
100
AcDbLine
 10
842.948658489735
 20
-348.85907506759
 30
0.0
 11
837.948658489735
 21
-348.85907506759
 31
0.0
  0
LINE
  5
358
330
1F
100
AcDbEntity
  8
0
  6
K5LT_BASIC
 62
   150
420
    33023
370
    60
100
AcDbLine
 10
842.948658489735
 20
-428.8590750675899
 30
0.0
 11
837.948658489735
 21
-428.85907506759
 31
0.0
  0
LINE
  5
359
330
1F
100
AcDbEntity
  8
0
  6
K5LT_BASIC
 62
   150
420
    33023
370
    60
100
AcDbLine
 10
842.948658489735
 20
-448.8590750675899
 30
0.0
 11
837.948658489735
 21
-448.8590750675899
 31
0.0
  0
LINE
  5
35A
330
1F
100
AcDbEntity
  8
0
  6
K5LT_BASIC
 62
   150
420
    33023
370
    60
100
AcDbLine
 10
842.948658489735
 20
-378.8590750675899
 30
0.0
 11
837.948658489735
 21
-378.85907506759
 31
0.0
  0
LINE
  5
35B
330
1F
100
AcDbEntity
  8
0
  6
K5LT_BASIC
 62
   150
420
    33023
370
    60
100
AcDbLine
 10
842.948658489735
 20
-398.8590750675899
 30
0.0
 11
837.948658489735
 21
-398.8590750675899
 31
0.0
  0
LWPOLYLINE
  5
35C
330
1F
100
AcDbEntity
  8
0
  6
K5LT_BASIC
 62
   150
420
    33023
370
    60
100
AcDbPolyline
 90
        2
 70
     0
 43
0.0
 10
842.948658489735
 20
-328.8590750675901
 10
842.948658489735
 20
-308.85907506759
  0
LWPOLYLINE
  5
35D
330
1F
100
AcDbEntity
  8
0
  6
K5LT_BASIC
 62
   150
420
    33023
370
    60
100
AcDbPolyline
 90
        2
 70
     0
 43
0.0
 10
842.948658489735
 20
-378.85907506759
 10
842.948658489735
 20
-348.8590750675901
  0
LWPOLYLINE
  5
35E
330
1F
100
AcDbEntity
  8
0
  6
K5LT_BASIC
 62
   150
420
    33023
370
    60
100
AcDbPolyline
 90
        2
 70
     0
 43
0.0
 10
842.948658489735
 20
-428.8590750675899
 10
842.948658489735
 20
-398.8590750675901
  0
LWPOLYLINE
  5
35F
330
1F
100
AcDbEntity
  8
0
  6
K5LT_BASIC
 62
   150
420
    33023
370
    60
100
AcDbPolyline
 90
        2
 70
     0
 43
0.0
 10
842.948658489735
 20
-468.8590750675899
 10
842.948658489735
 20
-448.8590750675899
  0
LINE
  5
360
330
1F
100
AcDbEntity
  8
0
  6
K5LT_BASIC
 62
   150
420
    33023
370
    60
100
AcDbLine
 10
837.948658489735
 20
-468.8590750675899
 30
0.0
 11
842.948658489735
 21
-468.8590750675897
 31
0.0
  0
LINE
  5
361
330
1F
100
AcDbEntity
  8
0
  6
K5LT_BASIC
 62
   150
420
    33023
370
    60
100
AcDbLine
 10
893.1580605619622
 20
-281.5897336673174
 30
0.0
 11
893.1580605619622
 21
-286.5897336673174
 31
0.0
  0
LINE
  5
362
330
1F
100
AcDbEntity
  8
0
  6
K5LT_BASIC
 62
   150
420
    33023
370
    60
100
AcDbLine
 10
913.1580605619622
 20
-281.5897336673174
 30
0.0
 11
913.1580605619622
 21
-286.5897336673174
 31
0.0
  0
LINE
  5
363
330
1F
100
AcDbEntity
  8
0
  6
K5LT_BASIC
 62
   150
420
    33023
370
    60
100
AcDbLine
 10
933.1580605619622
 20
-281.5897336673174
 30
0.0
 11
933.1580605619622
 21
-286.5897336673174
 31
0.0
  0
LINE
  5
364
330
1F
100
AcDbEntity
  8
0
  6
K5LT_BASIC
 62
   150
420
    33023
370
    60
100
AcDbLine
 10
953.1580605619622
 20
-281.5897336673174
 30
0.0
 11
953.1580605619622
 21
-286.5897336673174
 31
0.0
  0
LINE
  5
365
330
1F
100
AcDbEntity
  8
0
  6
K5LT_BASIC
 62
   150
420
    33023
370
    60
100
AcDbLine
 10
1073.158060561962
 20
-281.5897336673174
 30
0.0
 11
1073.158060561962
 21
-286.5897336673174
 31
0.0
  0
LINE
  5
366
330
1F
100
AcDbEntity
  8
0
  6
K5LT_BASIC
 62
   150
420
    33023
370
    60
100
AcDbLine
 10
1093.158060561962
 20
-281.5897336673174
 30
0.0
 11
1093.158060561962
 21
-286.5897336673174
 31
0.0
  0
LINE
  5
367
330
1F
100
AcDbEntity
  8
0
  6
K5LT_BASIC
 62
   150
420
    33023
370
    60
100
AcDbLine
 10
1033.158060561962
 20
-281.5897336673174
 30
0.0
 11
1033.158060561962
 21
-286.5897336673174
 31
0.0
  0
LINE
  5
368
330
1F
100
AcDbEntity
  8
0
  6
K5LT_BASIC
 62
   150
420
    33023
370
    60
100
AcDbLine
 10
1053.158060561962
 20
-281.5897336673174
 30
0.0
 11
1053.158060561962
 21
-286.5897336673174
 31
0.0
  0
LINE
  5
369
330
1F
100
AcDbEntity
  8
0
  6
K5LT_BASIC
 62
   150
420
    33023
370
    60
100
AcDbLine
 10
983.1580605619622
 20
-281.5897336673174
 30
0.0
 11
983.1580605619622
 21
-286.5897336673174
 31
0.0
  0
LINE
  5
36A
330
1F
100
AcDbEntity
  8
0
  6
K5LT_BASIC
 62
   150
420
    33023
370
    60
100
AcDbLine
 10
1003.158060561962
 20
-281.5897336673174
 30
0.0
 11
1003.158060561962
 21
-286.5897336673174
 31
0.0
  0
LWPOLYLINE
  5
36B
330
1F
100
AcDbEntity
  8
0
  6
K5LT_BASIC
 62
   150
420
    33023
370
    60
100
AcDbPolyline
 90
        2
 70
     0
 43
0.0
 10
933.1580605619622
 20
-281.5897336673174
 10
913.1580605619622
 20
-281.5897336673174
  0
LWPOLYLINE
  5
36C
330
1F
100
AcDbEntity
  8
0
  6
K5LT_BASIC
 62
   150
420
    33023
370
    60
100
AcDbPolyline
 90
        2
 70
     0
 43
0.0
 10
983.1580605619622
 20
-281.5897336673174
 10
953.1580605619623
 20
-281.5897336673174
  0
LWPOLYLINE
  5
36D
330
1F
100
AcDbEntity
  8
0
  6
K5LT_BASIC
 62
   150
420
    33023
370
    60
100
AcDbPolyline
 90
        2
 70
     0
 43
0.0
 10
1033.158060561962
 20
-281.5897336673174
 10
1003.158060561962
 20
-281.5897336673174
  0
LWPOLYLINE
  5
36E
330
1F
100
AcDbEntity
  8
0
  6
K5LT_BASIC
 62
   150
420
    33023
370
    60
100
AcDbPolyline
 90
        2
 70
     0
 43
0.0
 10
1073.158060561962
 20
-281.5897336673174
 10
1053.158060561962
 20
-281.5897336673174
  0
LINE
  5
36F
330
1F
100
AcDbEntity
  8
0
  6
K5LT_BASIC
 62
   150
420
    33023
370
    60
100
AcDbLine
 10
893.1580605619622
 20
-281.5897336673174
 30
0.0
 11
870.1580605619622
 21
-281.5897336673174
 31
0.0
  0
LINE
  5
370
330
1F
100
AcDbEntity
  8
0
  6
K5LT_BASIC
 62
   150
420
    33023
370
    60
100
AcDbLine
 10
893.1580605619622
 20
-286.5897336673174
 30
0.0
 11
913.1580605619622
 21
-286.5897336673174
 31
0.0
  0
LINE
  5
371
330
1F
100
AcDbEntity
  8
0
  6
K5LT_BASIC
 62
   150
420
    33023
370
    60
100
AcDbLine
 10
933.1580605619622
 20
-286.5897336673174
 30
0.0
 11
953.1580605619622
 21
-286.5897336673174
 31
0.0
  0
LINE
  5
372
330
1F
100
AcDbEntity
  8
0
  6
K5LT_BASIC
 62
   150
420
    33023
370
    60
100
AcDbLine
 10
1073.158060561962
 20
-286.5897336673174
 30
0.0
 11
1093.158060561962
 21
-286.5897336673174
 31
0.0
  0
LINE
  5
373
330
1F
100
AcDbEntity
  8
0
  6
K5LT_BASIC
 62
   150
420
    33023
370
    60
100
AcDbLine
 10
1033.158060561962
 20
-286.5897336673174
 30
0.0
 11
1053.158060561962
 21
-286.5897336673174
 31
0.0
  0
LINE
  5
374
330
1F
100
AcDbEntity
  8
0
  6
K5LT_BASIC
 62
   150
420
    33023
370
    60
100
AcDbLine
 10
983.1580605619622
 20
-286.5897336673174
 30
0.0
 11
1003.158060561962
 21
-286.5897336673174
 31
0.0
  0
LINE
  5
375
330
1F
100
AcDbEntity
  8
0
  6
K5LT_BASIC
 62
   150
420
    33023
370
    60
100
AcDbLine
 10
1116.158060561962
 20
-196.5897336673174
 30
0.0
 11
1116.158060561962
 21
-224.0897336673173
 31
0.0
  0
LINE
  5
376
330
1F
100
AcDbEntity
  8
0
  6
K5LT_BASIC
 62
   150
420
    33023
370
    60
100
AcDbLine
 10
1116.158060561962
 20
-254.0897336673174
 30
0.0
 11
1111.158060561962
 21
-254.0897336673174
 31
0.0
  0
LINE
  5
377
330
1F
100
AcDbEntity
  8
0
  6
K5LT_BASIC
 62
   150
420
    33023
370
    60
100
AcDbLine
 10
1116.158060561962
 20
-224.0897336673174
 30
0.0
 11
1111.158060561962
 21
-224.0897336673174
 31
0.0
  0
LWPOLYLINE
  5
378
330
1F
100
AcDbEntity
  8
0
  6
K5LT_BASIC
 62
   150
420
    33023
370
    60
100
AcDbPolyline
 90
        2
 70
     0
 43
0.0
 10
1111.158060561962
 20
-224.0897336673174
 10
1111.158060561962
 20
-254.0897336673173
  0
LINE
  5
379
330
1F
100
AcDbEntity
  8
0
  6
K5LT_BASIC
 62
   150
420
    33023
370
    60
100
AcDbLine
 10
1116.158060561962
 20
-254.0897336673174
 30
0.0
 11
1116.158060561962
 21
-281.5897336673174
 31
0.0
  0
LINE
  5
37A
330
1F
100
AcDbEntity
  8
0
  6
K5LT_BASIC
 62
   150
420
    33023
370
    60
100
AcDbLine
 10
870.1580605619622
 20
-196.5897336673174
 30
0.0
 11
870.1580605619622
 21
-224.0897336673173
 31
0.0
  0
LINE
  5
37B
330
1F
100
AcDbEntity
  8
0
  6
K5LT_BASIC
 62
   150
420
    33023
370
    60
100
AcDbLine
 10
870.1580605619622
 20
-254.0897336673174
 30
0.0
 11
875.1580605619622
 21
-254.0897336673174
 31
0.0
  0
LINE
  5
37C
330
1F
100
AcDbEntity
  8
0
  6
K5LT_BASIC
 62
   150
420
    33023
370
    60
100
AcDbLine
 10
870.1580605619622
 20
-224.0897336673174
 30
0.0
 11
875.1580605619622
 21
-224.0897336673174
 31
0.0
  0
LWPOLYLINE
  5
37D
330
1F
100
AcDbEntity
  8
0
  6
K5LT_BASIC
 62
   150
420
    33023
370
    60
100
AcDbPolyline
 90
        2
 70
     0
 43
0.0
 10
875.1580605619622
 20
-224.0897336673174
 10
875.1580605619622
 20
-254.0897336673173
  0
LINE
  5
37E
330
1F
100
AcDbEntity
  8
0
  6
K5LT_BASIC
 62
   150
420
    33023
370
    60
100
AcDbLine
 10
870.1580605619622
 20
-254.0897336673174
 30
0.0
 11
870.1580605619622
 21
-281.5897336673174
 31
0.0
  0
LINE
  5
37F
330
1F
100
AcDbEntity
  8
0
  6
K5LT_BASIC
 62
   150
420
    33023
370
    60
100
AcDbLine
 10
1116.158060561962
 20
-281.5897336673174
 30
0.0
 11
1093.158060561962
 21
-281.5897336673174
 31
0.0
  0
LINE
  5
380
330
1F
100
AcDbEntity
  8
0
  6
K5LT_BASIC
 62
   150
420
    33023
370
    60
100
AcDbLine
 10
893.1580605619622
 20
-196.5897336673173
 30
0.0
 11
893.1580605619622
 21
-191.5897336673173
 31
0.0
  0
LINE
  5
381
330
1F
100
AcDbEntity
  8
0
  6
K5LT_BASIC
 62
   150
420
    33023
370
    60
100
AcDbLine
 10
913.1580605619622
 20
-196.5897336673173
 30
0.0
 11
913.1580605619622
 21
-191.5897336673173
 31
0.0
  0
LINE
  5
382
330
1F
100
AcDbEntity
  8
0
  6
K5LT_BASIC
 62
   150
420
    33023
370
    60
100
AcDbLine
 10
933.1580605619622
 20
-196.5897336673173
 30
0.0
 11
933.1580605619622
 21
-191.5897336673173
 31
0.0
  0
LINE
  5
383
330
1F
100
AcDbEntity
  8
0
  6
K5LT_BASIC
 62
   150
420
    33023
370
    60
100
AcDbLine
 10
953.1580605619622
 20
-196.5897336673173
 30
0.0
 11
953.1580605619622
 21
-191.5897336673173
 31
0.0
  0
LINE
  5
384
330
1F
100
AcDbEntity
  8
0
  6
K5LT_BASIC
 62
   150
420
    33023
370
    60
100
AcDbLine
 10
1073.158060561962
 20
-196.5897336673173
 30
0.0
 11
1073.158060561962
 21
-191.5897336673173
 31
0.0
  0
LINE
  5
385
330
1F
100
AcDbEntity
  8
0
  6
K5LT_BASIC
 62
   150
420
    33023
370
    60
100
AcDbLine
 10
1093.158060561962
 20
-196.5897336673173
 30
0.0
 11
1093.158060561962
 21
-191.5897336673173
 31
0.0
  0
LINE
  5
386
330
1F
100
AcDbEntity
  8
0
  6
K5LT_BASIC
 62
   150
420
    33023
370
    60
100
AcDbLine
 10
1033.158060561962
 20
-196.5897336673173
 30
0.0
 11
1033.158060561962
 21
-191.5897336673173
 31
0.0
  0
LINE
  5
387
330
1F
100
AcDbEntity
  8
0
  6
K5LT_BASIC
 62
   150
420
    33023
370
    60
100
AcDbLine
 10
1053.158060561962
 20
-196.5897336673173
 30
0.0
 11
1053.158060561962
 21
-191.5897336673173
 31
0.0
  0
LINE
  5
388
330
1F
100
AcDbEntity
  8
0
  6
K5LT_BASIC
 62
   150
420
    33023
370
    60
100
AcDbLine
 10
983.1580605619622
 20
-196.5897336673173
 30
0.0
 11
983.1580605619622
 21
-191.5897336673173
 31
0.0
  0
LINE
  5
389
330
1F
100
AcDbEntity
  8
0
  6
K5LT_BASIC
 62
   150
420
    33023
370
    60
100
AcDbLine
 10
1003.158060561962
 20
-196.5897336673173
 30
0.0
 11
1003.158060561962
 21
-191.5897336673173
 31
0.0
  0
LWPOLYLINE
  5
38A
330
1F
100
AcDbEntity
  8
0
  6
K5LT_BASIC
 62
   150
420
    33023
370
    60
100
AcDbPolyline
 90
        2
 70
     0
 43
0.0
 10
933.1580605619622
 20
-196.5897336673173
 10
913.1580605619622
 20
-196.5897336673173
  0
LWPOLYLINE
  5
38B
330
1F
100
AcDbEntity
  8
0
  6
K5LT_BASIC
 62
   150
420
    33023
370
    60
100
AcDbPolyline
 90
        2
 70
     0
 43
0.0
 10
983.1580605619622
 20
-196.5897336673173
 10
953.1580605619623
 20
-196.5897336673173
  0
LWPOLYLINE
  5
38C
330
1F
100
AcDbEntity
  8
0
  6
K5LT_BASIC
 62
   150
420
    33023
370
    60
100
AcDbPolyline
 90
        2
 70
     0
 43
0.0
 10
1033.158060561962
 20
-196.5897336673173
 10
1003.158060561962
 20
-196.5897336673173
  0
LWPOLYLINE
  5
38D
330
1F
100
AcDbEntity
  8
0
  6
K5LT_BASIC
 62
   150
420
    33023
370
    60
100
AcDbPolyline
 90
        2
 70
     0
 43
0.0
 10
1073.158060561962
 20
-196.5897336673173
 10
1053.158060561962
 20
-196.5897336673173
  0
LINE
  5
38E
330
1F
100
AcDbEntity
  8
0
  6
K5LT_BASIC
 62
   150
420
    33023
370
    60
100
AcDbLine
 10
893.1580605619622
 20
-196.5897336673173
 30
0.0
 11
870.1580605619622
 21
-196.5897336673173
 31
0.0
  0
LINE
  5
38F
330
1F
100
AcDbEntity
  8
0
  6
K5LT_BASIC
 62
   150
420
    33023
370
    60
100
AcDbLine
 10
893.1580605619622
 20
-191.5897336673173
 30
0.0
 11
913.1580605619622
 21
-191.5897336673173
 31
0.0
  0
LINE
  5
390
330
1F
100
AcDbEntity
  8
0
  6
K5LT_BASIC
 62
   150
420
    33023
370
    60
100
AcDbLine
 10
933.1580605619622
 20
-191.5897336673173
 30
0.0
 11
953.1580605619622
 21
-191.5897336673173
 31
0.0
  0
LINE
  5
391
330
1F
100
AcDbEntity
  8
0
  6
K5LT_BASIC
 62
   150
420
    33023
370
    60
100
AcDbLine
 10
1073.158060561962
 20
-191.5897336673173
 30
0.0
 11
1093.158060561962
 21
-191.5897336673173
 31
0.0
  0
LINE
  5
392
330
1F
100
AcDbEntity
  8
0
  6
K5LT_BASIC
 62
   150
420
    33023
370
    60
100
AcDbLine
 10
1033.158060561962
 20
-191.5897336673173
 30
0.0
 11
1053.158060561962
 21
-191.5897336673173
 31
0.0
  0
LINE
  5
393
330
1F
100
AcDbEntity
  8
0
  6
K5LT_BASIC
 62
   150
420
    33023
370
    60
100
AcDbLine
 10
983.1580605619622
 20
-191.5897336673173
 30
0.0
 11
1003.158060561962
 21
-191.5897336673173
 31
0.0
  0
LINE
  5
394
330
1F
100
AcDbEntity
  8
0
  6
K5LT_BASIC
 62
   150
420
    33023
370
    60
100
AcDbLine
 10
1116.158060561962
 20
-196.5897336673173
 30
0.0
 11
1093.158060561962
 21
-196.5897336673173
 31
0.0
  0
INSERT
  5
396
330
1F
100
AcDbEntity
  8
0
100
AcDbBlockReference
  2
U24
 10
0.0
 20
0.0
 30
0.0
  0
MTEXT
  5
39D
330
1F
100
AcDbEntity
  8
0
 62
     7
100
AcDbMText
 10
1164.550216879844
 20
-183.4171531554331
 30
0.0
 40
5.0
 41
0.0
 46
0.0
 71
     1
 72
     1
  1
\H5.0;\W1.000;\Q15;\Q0;\W0.965;PUMP
  7
KTEXTSTYLE
 73
     1
 44
1.0
  0
CIRCLE
  5
39E
330
1F
100
AcDbEntity
  8
0
  6
K5LT_BASIC
 62
   150
420
    33023
370
    60
100
AcDbCircle
 10
1063.158060561962
 20
-239.0897336673173
 30
0.0
 40
5.0
  0
LINE
  5
39F
330
1F
100
AcDbEntity
  8
0
  6
K5LT_BASIC
 62
   150
420
    33023
370
    60
100
AcDbLine
 10
893.1580605619622
 20
-584.6079194198146
 30
0.0
 11
893.1580605619622
 21
-589.6079194198146
 31
0.0
  0
LINE
  5
3A0
330
1F
100
AcDbEntity
  8
0
  6
K5LT_BASIC
 62
   150
420
    33023
370
    60
100
AcDbLine
 10
913.1580605619622
 20
-584.6079194198146
 30
0.0
 11
913.1580605619622
 21
-589.6079194198146
 31
0.0
  0
LINE
  5
3A1
330
1F
100
AcDbEntity
  8
0
  6
K5LT_BASIC
 62
   150
420
    33023
370
    60
100
AcDbLine
 10
933.1580605619622
 20
-584.6079194198146
 30
0.0
 11
933.1580605619622
 21
-589.6079194198146
 31
0.0
  0
LINE
  5
3A2
330
1F
100
AcDbEntity
  8
0
  6
K5LT_BASIC
 62
   150
420
    33023
370
    60
100
AcDbLine
 10
953.1580605619622
 20
-584.6079194198146
 30
0.0
 11
953.1580605619622
 21
-589.6079194198146
 31
0.0
  0
LINE
  5
3A3
330
1F
100
AcDbEntity
  8
0
  6
K5LT_BASIC
 62
   150
420
    33023
370
    60
100
AcDbLine
 10
1073.158060561962
 20
-584.6079194198146
 30
0.0
 11
1073.158060561962
 21
-589.6079194198146
 31
0.0
  0
LINE
  5
3A4
330
1F
100
AcDbEntity
  8
0
  6
K5LT_BASIC
 62
   150
420
    33023
370
    60
100
AcDbLine
 10
1093.158060561962
 20
-584.6079194198146
 30
0.0
 11
1093.158060561962
 21
-589.6079194198146
 31
0.0
  0
LINE
  5
3A5
330
1F
100
AcDbEntity
  8
0
  6
K5LT_BASIC
 62
   150
420
    33023
370
    60
100
AcDbLine
 10
1033.158060561962
 20
-584.6079194198146
 30
0.0
 11
1033.158060561962
 21
-589.6079194198146
 31
0.0
  0
LINE
  5
3A6
330
1F
100
AcDbEntity
  8
0
  6
K5LT_BASIC
 62
   150
420
    33023
370
    60
100
AcDbLine
 10
1053.158060561962
 20
-584.6079194198146
 30
0.0
 11
1053.158060561962
 21
-589.6079194198146
 31
0.0
  0
LINE
  5
3A7
330
1F
100
AcDbEntity
  8
0
  6
K5LT_BASIC
 62
   150
420
    33023
370
    60
100
AcDbLine
 10
983.1580605619622
 20
-584.6079194198146
 30
0.0
 11
983.1580605619622
 21
-589.6079194198146
 31
0.0
  0
LINE
  5
3A8
330
1F
100
AcDbEntity
  8
0
  6
K5LT_BASIC
 62
   150
420
    33023
370
    60
100
AcDbLine
 10
1003.158060561962
 20
-584.6079194198146
 30
0.0
 11
1003.158060561962
 21
-589.6079194198146
 31
0.0
  0
LWPOLYLINE
  5
3A9
330
1F
100
AcDbEntity
  8
0
  6
K5LT_BASIC
 62
   150
420
    33023
370
    60
100
AcDbPolyline
 90
        2
 70
     0
 43
0.0
 10
933.1580605619622
 20
-584.6079194198146
 10
913.1580605619622
 20
-584.6079194198146
  0
LWPOLYLINE
  5
3AA
330
1F
100
AcDbEntity
  8
0
  6
K5LT_BASIC
 62
   150
420
    33023
370
    60
100
AcDbPolyline
 90
        2
 70
     0
 43
0.0
 10
983.1580605619622
 20
-584.6079194198146
 10
953.1580605619623
 20
-584.6079194198146
  0
LWPOLYLINE
  5
3AB
330
1F
100
AcDbEntity
  8
0
  6
K5LT_BASIC
 62
   150
420
    33023
370
    60
100
AcDbPolyline
 90
        2
 70
     0
 43
0.0
 10
1033.158060561962
 20
-584.6079194198146
 10
1003.158060561962
 20
-584.6079194198146
  0
LWPOLYLINE
  5
3AC
330
1F
100
AcDbEntity
  8
0
  6
K5LT_BASIC
 62
   150
420
    33023
370
    60
100
AcDbPolyline
 90
        2
 70
     0
 43
0.0
 10
1073.158060561962
 20
-584.6079194198146
 10
1053.158060561962
 20
-584.6079194198146
  0
LINE
  5
3AD
330
1F
100
AcDbEntity
  8
0
  6
K5LT_BASIC
 62
   150
420
    33023
370
    60
100
AcDbLine
 10
893.1580605619622
 20
-584.6079194198146
 30
0.0
 11
870.1580605619622
 21
-584.6079194198146
 31
0.0
  0
LINE
  5
3AE
330
1F
100
AcDbEntity
  8
0
  6
K5LT_BASIC
 62
   150
420
    33023
370
    60
100
AcDbLine
 10
893.1580605619622
 20
-589.6079194198146
 30
0.0
 11
913.1580605619622
 21
-589.6079194198146
 31
0.0
  0
LINE
  5
3AF
330
1F
100
AcDbEntity
  8
0
  6
K5LT_BASIC
 62
   150
420
    33023
370
    60
100
AcDbLine
 10
933.1580605619622
 20
-589.6079194198146
 30
0.0
 11
953.1580605619622
 21
-589.6079194198146
 31
0.0
  0
LINE
  5
3B0
330
1F
100
AcDbEntity
  8
0
  6
K5LT_BASIC
 62
   150
420
    33023
370
    60
100
AcDbLine
 10
1073.158060561962
 20
-589.6079194198146
 30
0.0
 11
1093.158060561962
 21
-589.6079194198146
 31
0.0
  0
LINE
  5
3B1
330
1F
100
AcDbEntity
  8
0
  6
K5LT_BASIC
 62
   150
420
    33023
370
    60
100
AcDbLine
 10
1033.158060561962
 20
-589.6079194198146
 30
0.0
 11
1053.158060561962
 21
-589.6079194198146
 31
0.0
  0
LINE
  5
3B2
330
1F
100
AcDbEntity
  8
0
  6
K5LT_BASIC
 62
   150
420
    33023
370
    60
100
AcDbLine
 10
983.1580605619622
 20
-589.6079194198146
 30
0.0
 11
1003.158060561962
 21
-589.6079194198146
 31
0.0
  0
LINE
  5
3B3
330
1F
100
AcDbEntity
  8
0
  6
K5LT_BASIC
 62
   150
420
    33023
370
    60
100
AcDbLine
 10
1116.158060561962
 20
-499.6079194198146
 30
0.0
 11
1116.158060561962
 21
-527.1079194198144
 31
0.0
  0
LINE
  5
3B4
330
1F
100
AcDbEntity
  8
0
  6
K5LT_BASIC
 62
   150
420
    33023
370
    60
100
AcDbLine
 10
1116.158060561962
 20
-557.1079194198146
 30
0.0
 11
1111.158060561962
 21
-557.1079194198146
 31
0.0
  0
LINE
  5
3B5
330
1F
100
AcDbEntity
  8
0
  6
K5LT_BASIC
 62
   150
420
    33023
370
    60
100
AcDbLine
 10
1116.158060561962
 20
-527.1079194198146
 30
0.0
 11
1111.158060561962
 21
-527.1079194198146
 31
0.0
  0
LWPOLYLINE
  5
3B6
330
1F
100
AcDbEntity
  8
0
  6
K5LT_BASIC
 62
   150
420
    33023
370
    60
100
AcDbPolyline
 90
        2
 70
     0
 43
0.0
 10
1111.158060561962
 20
-527.1079194198146
 10
1111.158060561962
 20
-557.1079194198144
  0
LINE
  5
3B7
330
1F
100
AcDbEntity
  8
0
  6
K5LT_BASIC
 62
   150
420
    33023
370
    60
100
AcDbLine
 10
1116.158060561962
 20
-557.1079194198146
 30
0.0
 11
1116.158060561962
 21
-584.6079194198146
 31
0.0
  0
LINE
  5
3B8
330
1F
100
AcDbEntity
  8
0
  6
K5LT_BASIC
 62
   150
420
    33023
370
    60
100
AcDbLine
 10
870.1580605619622
 20
-499.6079194198146
 30
0.0
 11
870.1580605619622
 21
-527.1079194198144
 31
0.0
  0
LINE
  5
3B9
330
1F
100
AcDbEntity
  8
0
  6
K5LT_BASIC
 62
   150
420
    33023
370
    60
100
AcDbLine
 10
870.1580605619622
 20
-557.1079194198146
 30
0.0
 11
875.1580605619622
 21
-557.1079194198146
 31
0.0
  0
LINE
  5
3BA
330
1F
100
AcDbEntity
  8
0
  6
K5LT_BASIC
 62
   150
420
    33023
370
    60
100
AcDbLine
 10
870.1580605619622
 20
-527.1079194198146
 30
0.0
 11
875.1580605619622
 21
-527.1079194198146
 31
0.0
  0
LWPOLYLINE
  5
3BB
330
1F
100
AcDbEntity
  8
0
  6
K5LT_BASIC
 62
   150
420
    33023
370
    60
100
AcDbPolyline
 90
        2
 70
     0
 43
0.0
 10
875.1580605619622
 20
-527.1079194198146
 10
875.1580605619622
 20
-557.1079194198144
  0
LINE
  5
3BC
330
1F
100
AcDbEntity
  8
0
  6
K5LT_BASIC
 62
   150
420
    33023
370
    60
100
AcDbLine
 10
870.1580605619622
 20
-557.1079194198146
 30
0.0
 11
870.1580605619622
 21
-584.6079194198146
 31
0.0
  0
LINE
  5
3BD
330
1F
100
AcDbEntity
  8
0
  6
K5LT_BASIC
 62
   150
420
    33023
370
    60
100
AcDbLine
 10
1116.158060561962
 20
-584.6079194198146
 30
0.0
 11
1093.158060561962
 21
-584.6079194198146
 31
0.0
  0
LINE
  5
3BE
330
1F
100
AcDbEntity
  8
0
  6
K5LT_BASIC
 62
   150
420
    33023
370
    60
100
AcDbLine
 10
893.1580605619622
 20
-499.6079194198144
 30
0.0
 11
893.1580605619622
 21
-494.6079194198144
 31
0.0
  0
LINE
  5
3BF
330
1F
100
AcDbEntity
  8
0
  6
K5LT_BASIC
 62
   150
420
    33023
370
    60
100
AcDbLine
 10
913.1580605619622
 20
-499.6079194198144
 30
0.0
 11
913.1580605619622
 21
-494.6079194198144
 31
0.0
  0
LINE
  5
3C0
330
1F
100
AcDbEntity
  8
0
  6
K5LT_BASIC
 62
   150
420
    33023
370
    60
100
AcDbLine
 10
933.1580605619622
 20
-499.6079194198144
 30
0.0
 11
933.1580605619622
 21
-494.6079194198144
 31
0.0
  0
LINE
  5
3C1
330
1F
100
AcDbEntity
  8
0
  6
K5LT_BASIC
 62
   150
420
    33023
370
    60
100
AcDbLine
 10
953.1580605619622
 20
-499.6079194198144
 30
0.0
 11
953.1580605619622
 21
-494.6079194198144
 31
0.0
  0
LINE
  5
3C2
330
1F
100
AcDbEntity
  8
0
  6
K5LT_BASIC
 62
   150
420
    33023
370
    60
100
AcDbLine
 10
1073.158060561962
 20
-499.6079194198144
 30
0.0
 11
1073.158060561962
 21
-494.6079194198144
 31
0.0
  0
LINE
  5
3C3
330
1F
100
AcDbEntity
  8
0
  6
K5LT_BASIC
 62
   150
420
    33023
370
    60
100
AcDbLine
 10
1093.158060561962
 20
-499.6079194198144
 30
0.0
 11
1093.158060561962
 21
-494.6079194198144
 31
0.0
  0
LINE
  5
3C4
330
1F
100
AcDbEntity
  8
0
  6
K5LT_BASIC
 62
   150
420
    33023
370
    60
100
AcDbLine
 10
1033.158060561962
 20
-499.6079194198144
 30
0.0
 11
1033.158060561962
 21
-494.6079194198144
 31
0.0
  0
LINE
  5
3C5
330
1F
100
AcDbEntity
  8
0
  6
K5LT_BASIC
 62
   150
420
    33023
370
    60
100
AcDbLine
 10
1053.158060561962
 20
-499.6079194198144
 30
0.0
 11
1053.158060561962
 21
-494.6079194198144
 31
0.0
  0
LINE
  5
3C6
330
1F
100
AcDbEntity
  8
0
  6
K5LT_BASIC
 62
   150
420
    33023
370
    60
100
AcDbLine
 10
983.1580605619622
 20
-499.6079194198144
 30
0.0
 11
983.1580605619622
 21
-494.6079194198144
 31
0.0
  0
LINE
  5
3C7
330
1F
100
AcDbEntity
  8
0
  6
K5LT_BASIC
 62
   150
420
    33023
370
    60
100
AcDbLine
 10
1003.158060561962
 20
-499.6079194198144
 30
0.0
 11
1003.158060561962
 21
-494.6079194198144
 31
0.0
  0
LWPOLYLINE
  5
3C8
330
1F
100
AcDbEntity
  8
0
  6
K5LT_BASIC
 62
   150
420
    33023
370
    60
100
AcDbPolyline
 90
        2
 70
     0
 43
0.0
 10
933.1580605619622
 20
-499.6079194198144
 10
913.1580605619622
 20
-499.6079194198144
  0
LWPOLYLINE
  5
3C9
330
1F
100
AcDbEntity
  8
0
  6
K5LT_BASIC
 62
   150
420
    33023
370
    60
100
AcDbPolyline
 90
        2
 70
     0
 43
0.0
 10
983.1580605619622
 20
-499.6079194198144
 10
953.1580605619623
 20
-499.6079194198144
  0
LWPOLYLINE
  5
3CA
330
1F
100
AcDbEntity
  8
0
  6
K5LT_BASIC
 62
   150
420
    33023
370
    60
100
AcDbPolyline
 90
        2
 70
     0
 43
0.0
 10
1033.158060561962
 20
-499.6079194198144
 10
1003.158060561962
 20
-499.6079194198144
  0
LWPOLYLINE
  5
3CB
330
1F
100
AcDbEntity
  8
0
  6
K5LT_BASIC
 62
   150
420
    33023
370
    60
100
AcDbPolyline
 90
        2
 70
     0
 43
0.0
 10
1073.158060561962
 20
-499.6079194198144
 10
1053.158060561962
 20
-499.6079194198144
  0
LINE
  5
3CC
330
1F
100
AcDbEntity
  8
0
  6
K5LT_BASIC
 62
   150
420
    33023
370
    60
100
AcDbLine
 10
893.1580605619622
 20
-499.6079194198144
 30
0.0
 11
870.1580605619622
 21
-499.6079194198144
 31
0.0
  0
LINE
  5
3CD
330
1F
100
AcDbEntity
  8
0
  6
K5LT_BASIC
 62
   150
420
    33023
370
    60
100
AcDbLine
 10
893.1580605619622
 20
-494.6079194198144
 30
0.0
 11
913.1580605619622
 21
-494.6079194198144
 31
0.0
  0
LINE
  5
3CE
330
1F
100
AcDbEntity
  8
0
  6
K5LT_BASIC
 62
   150
420
    33023
370
    60
100
AcDbLine
 10
933.1580605619622
 20
-494.6079194198144
 30
0.0
 11
953.1580605619622
 21
-494.6079194198144
 31
0.0
  0
LINE
  5
3CF
330
1F
100
AcDbEntity
  8
0
  6
K5LT_BASIC
 62
   150
420
    33023
370
    60
100
AcDbLine
 10
1073.158060561962
 20
-494.6079194198144
 30
0.0
 11
1093.158060561962
 21
-494.6079194198144
 31
0.0
  0
LINE
  5
3D0
330
1F
100
AcDbEntity
  8
0
  6
K5LT_BASIC
 62
   150
420
    33023
370
    60
100
AcDbLine
 10
1033.158060561962
 20
-494.6079194198144
 30
0.0
 11
1053.158060561962
 21
-494.6079194198144
 31
0.0
  0
LINE
  5
3D1
330
1F
100
AcDbEntity
  8
0
  6
K5LT_BASIC
 62
   150
420
    33023
370
    60
100
AcDbLine
 10
983.1580605619622
 20
-494.6079194198144
 30
0.0
 11
1003.158060561962
 21
-494.6079194198144
 31
0.0
  0
LINE
  5
3D2
330
1F
100
AcDbEntity
  8
0
  6
K5LT_BASIC
 62
   150
420
    33023
370
    60
100
AcDbLine
 10
1116.158060561962
 20
-499.6079194198144
 30
0.0
 11
1093.158060561962
 21
-499.6079194198144
 31
0.0
  0
LINE
  5
3D3
330
1F
100
AcDbEntity
  8
0
  6
K5LT_BASIC
 62
   150
420
    33023
370
    60
100
AcDbLine
 10
1137.878912467948
 20
-428.8590750675899
 30
0.0
 11
1137.878912467948
 21
-448.8590750675899
 31
0.0
  0
LINE
  5
3D4
330
1F
100
AcDbEntity
  8
0
  6
K5LT_BASIC
 62
   150
420
    33023
370
    60
100
AcDbLine
 10
1137.878912467948
 20
-378.8590750675899
 30
0.0
 11
1137.878912467948
 21
-398.8590750675899
 31
0.0
  0
LINE
  5
3D5
330
1F
100
AcDbEntity
  8
0
  6
K5LT_BASIC
 62
   150
420
    33023
370
    60
100
AcDbLine
 10
1137.878912467948
 20
-328.85907506759
 30
0.0
 11
1137.878912467948
 21
-348.85907506759
 31
0.0
  0
LINE
  5
3D6
330
1F
100
AcDbEntity
  8
0
  6
K5LT_BASIC
 62
   150
420
    33023
370
    60
100
AcDbLine
 10
1137.878912467948
 20
-468.8590750675899
 30
0.0
 11
1137.878912467948
 21
-478.8590750675899
 31
0.0
  0
LINE
  5
3D7
330
1F
100
AcDbEntity
  8
0
  6
K5LT_BASIC
 62
   150
420
    33023
370
    60
100
AcDbLine
 10
1137.878912467948
 20
-298.85907506759
 30
0.0
 11
1137.878912467948
 21
-308.8590750675899
 31
0.0
  0
LINE
  5
3D8
330
1F
100
AcDbEntity
  8
0
  6
K5LT_BASIC
 62
   150
420
    33023
370
    60
100
AcDbLine
 10
1132.878912467948
 20
-308.8590750675899
 30
0.0
 11
1137.878912467948
 21
-308.8590750675899
 31
0.0
  0
LINE
  5
3D9
330
1F
100
AcDbEntity
  8
0
  6
K5LT_BASIC
 62
   150
420
    33023
370
    60
100
AcDbLine
 10
1132.878912467948
 20
-328.8590750675899
 30
0.0
 11
1137.878912467948
 21
-328.85907506759
 31
0.0
  0
LINE
  5
3DA
330
1F
100
AcDbEntity
  8
0
  6
K5LT_BASIC
 62
   150
420
    33023
370
    60
100
AcDbLine
 10
1132.878912467948
 20
-348.85907506759
 30
0.0
 11
1137.878912467948
 21
-348.85907506759
 31
0.0
  0
LINE
  5
3DB
330
1F
100
AcDbEntity
  8
0
  6
K5LT_BASIC
 62
   150
420
    33023
370
    60
100
AcDbLine
 10
1132.878912467948
 20
-428.8590750675899
 30
0.0
 11
1137.878912467948
 21
-428.85907506759
 31
0.0
  0
LINE
  5
3DC
330
1F
100
AcDbEntity
  8
0
  6
K5LT_BASIC
 62
   150
420
    33023
370
    60
100
AcDbLine
 10
1132.878912467948
 20
-448.8590750675899
 30
0.0
 11
1137.878912467948
 21
-448.8590750675899
 31
0.0
  0
LINE
  5
3DD
330
1F
100
AcDbEntity
  8
0
  6
K5LT_BASIC
 62
   150
420
    33023
370
    60
100
AcDbLine
 10
1132.878912467948
 20
-378.8590750675899
 30
0.0
 11
1137.878912467948
 21
-378.85907506759
 31
0.0
  0
LINE
  5
3DE
330
1F
100
AcDbEntity
  8
0
  6
K5LT_BASIC
 62
   150
420
    33023
370
    60
100
AcDbLine
 10
1132.878912467948
 20
-398.8590750675899
 30
0.0
 11
1137.878912467948
 21
-398.8590750675899
 31
0.0
  0
LWPOLYLINE
  5
3DF
330
1F
100
AcDbEntity
  8
0
  6
K5LT_BASIC
 62
   150
420
    33023
370
    60
100
AcDbPolyline
 90
        2
 70
     0
 43
0.0
 10
1132.878912467948
 20
-328.8590750675901
 10
1132.878912467948
 20
-308.85907506759
  0
LWPOLYLINE
  5
3E0
330
1F
100
AcDbEntity
  8
0
  6
K5LT_BASIC
 62
   150
420
    33023
370
    60
100
AcDbPolyline
 90
        2
 70
     0
 43
0.0
 10
1132.878912467948
 20
-378.85907506759
 10
1132.878912467948
 20
-348.8590750675901
  0
LWPOLYLINE
  5
3E1
330
1F
100
AcDbEntity
  8
0
  6
K5LT_BASIC
 62
   150
420
    33023
370
    60
100
AcDbPolyline
 90
        2
 70
     0
 43
0.0
 10
1132.878912467948
 20
-428.8590750675899
 10
1132.878912467948
 20
-398.8590750675901
  0
LWPOLYLINE
  5
3E2
330
1F
100
AcDbEntity
  8
0
  6
K5LT_BASIC
 62
   150
420
    33023
370
    60
100
AcDbPolyline
 90
        2
 70
     0
 43
0.0
 10
1132.878912467948
 20
-468.8590750675899
 10
1132.878912467948
 20
-448.8590750675899
  0
LINE
  5
3E3
330
1F
100
AcDbEntity
  8
0
  6
K5LT_BASIC
 62
   150
420
    33023
370
    60
100
AcDbLine
 10
1137.878912467948
 20
-468.8590750675899
 30
0.0
 11
1132.878912467948
 21
-468.8590750675897
 31
0.0
  0
LINE
  5
3E4
330
1F
100
AcDbEntity
  8
0
  6
K5LT_BASIC
 62
   150
420
    33023
370
    60
100
AcDbLine
 10
1222.878912467948
 20
-428.8590750675899
 30
0.0
 11
1222.878912467948
 21
-448.8590750675899
 31
0.0
  0
LINE
  5
3E5
330
1F
100
AcDbEntity
  8
0
  6
K5LT_BASIC
 62
   150
420
    33023
370
    60
100
AcDbLine
 10
1222.878912467948
 20
-378.8590750675899
 30
0.0
 11
1222.878912467948
 21
-398.8590750675899
 31
0.0
  0
LINE
  5
3E6
330
1F
100
AcDbEntity
  8
0
  6
K5LT_BASIC
 62
   150
420
    33023
370
    60
100
AcDbLine
 10
1222.878912467948
 20
-328.85907506759
 30
0.0
 11
1222.878912467948
 21
-348.85907506759
 31
0.0
  0
LINE
  5
3E7
330
1F
100
AcDbEntity
  8
0
  6
K5LT_BASIC
 62
   150
420
    33023
370
    60
100
AcDbLine
 10
1222.878912467948
 20
-468.8590750675899
 30
0.0
 11
1222.878912467948
 21
-478.8590750675899
 31
0.0
  0
LINE
  5
3E8
330
1F
100
AcDbEntity
  8
0
  6
K5LT_BASIC
 62
   150
420
    33023
370
    60
100
AcDbLine
 10
1222.878912467948
 20
-298.85907506759
 30
0.0
 11
1222.878912467948
 21
-308.8590750675899
 31
0.0
  0
LINE
  5
3E9
330
1F
100
AcDbEntity
  8
0
  6
K5LT_BASIC
 62
   150
420
    33023
370
    60
100
AcDbLine
 10
1227.878912467948
 20
-308.8590750675899
 30
0.0
 11
1222.878912467948
 21
-308.8590750675899
 31
0.0
  0
LINE
  5
3EA
330
1F
100
AcDbEntity
  8
0
  6
K5LT_BASIC
 62
   150
420
    33023
370
    60
100
AcDbLine
 10
1227.878912467948
 20
-328.8590750675899
 30
0.0
 11
1222.878912467948
 21
-328.85907506759
 31
0.0
  0
LINE
  5
3EB
330
1F
100
AcDbEntity
  8
0
  6
K5LT_BASIC
 62
   150
420
    33023
370
    60
100
AcDbLine
 10
1227.878912467948
 20
-348.85907506759
 30
0.0
 11
1222.878912467948
 21
-348.85907506759
 31
0.0
  0
LINE
  5
3EC
330
1F
100
AcDbEntity
  8
0
  6
K5LT_BASIC
 62
   150
420
    33023
370
    60
100
AcDbLine
 10
1227.878912467948
 20
-428.8590750675899
 30
0.0
 11
1222.878912467948
 21
-428.85907506759
 31
0.0
  0
LINE
  5
3ED
330
1F
100
AcDbEntity
  8
0
  6
K5LT_BASIC
 62
   150
420
    33023
370
    60
100
AcDbLine
 10
1227.878912467948
 20
-448.8590750675899
 30
0.0
 11
1222.878912467948
 21
-448.8590750675899
 31
0.0
  0
LINE
  5
3EE
330
1F
100
AcDbEntity
  8
0
  6
K5LT_BASIC
 62
   150
420
    33023
370
    60
100
AcDbLine
 10
1227.878912467948
 20
-378.8590750675899
 30
0.0
 11
1222.878912467948
 21
-378.85907506759
 31
0.0
  0
LINE
  5
3EF
330
1F
100
AcDbEntity
  8
0
  6
K5LT_BASIC
 62
   150
420
    33023
370
    60
100
AcDbLine
 10
1227.878912467948
 20
-398.8590750675899
 30
0.0
 11
1222.878912467948
 21
-398.8590750675899
 31
0.0
  0
LWPOLYLINE
  5
3F0
330
1F
100
AcDbEntity
  8
0
  6
K5LT_BASIC
 62
   150
420
    33023
370
    60
100
AcDbPolyline
 90
        2
 70
     0
 43
0.0
 10
1227.878912467948
 20
-328.8590750675901
 10
1227.878912467948
 20
-308.85907506759
  0
LWPOLYLINE
  5
3F1
330
1F
100
AcDbEntity
  8
0
  6
K5LT_BASIC
 62
   150
420
    33023
370
    60
100
AcDbPolyline
 90
        2
 70
     0
 43
0.0
 10
1227.878912467948
 20
-378.85907506759
 10
1227.878912467948
 20
-348.8590750675901
  0
LWPOLYLINE
  5
3F2
330
1F
100
AcDbEntity
  8
0
  6
K5LT_BASIC
 62
   150
420
    33023
370
    60
100
AcDbPolyline
 90
        2
 70
     0
 43
0.0
 10
1227.878912467948
 20
-428.8590750675899
 10
1227.878912467948
 20
-398.8590750675901
  0
LWPOLYLINE
  5
3F3
330
1F
100
AcDbEntity
  8
0
  6
K5LT_BASIC
 62
   150
420
    33023
370
    60
100
AcDbPolyline
 90
        2
 70
     0
 43
0.0
 10
1227.878912467948
 20
-468.8590750675899
 10
1227.878912467948
 20
-448.8590750675899
  0
LINE
  5
3F4
330
1F
100
AcDbEntity
  8
0
  6
K5LT_BASIC
 62
   150
420
    33023
370
    60
100
AcDbLine
 10
1222.878912467948
 20
-468.8590750675899
 30
0.0
 11
1227.878912467948
 21
-468.8590750675897
 31
0.0
  0
MTEXT
  5
3F5
330
1F
100
AcDbEntity
  8
0
 62
     7
100
AcDbMText
 10
889.0822262876702
 20
-272.2316029117374
 30
0.0
 40
3.5
 41
0.0
 46
0.0
 71
     1
 72
     1
  1
\H5.0;\W1.000;\Q15;\Q0;\W0.965;\H3.50;ВКЛ/ВЫКЛ
  7
KTEXTSTYLE
 73
     1
 44
1.0
  0
CIRCLE
  5
3F6
330
1F
100
AcDbEntity
  8
0
  6
K5LT_BASIC
 62
   150
420
    33023
370
    60
100
AcDbCircle
 10
984.6580605619622
 20
-242.8397336673174
 30
0.0
 40
11.5
  0
INSERT
  5
3F8
330
1F
100
AcDbEntity
  8
0
100
AcDbBlockReference
  2
U25
 10
0.0
 20
0.0
 30
0.0
  0
INSERT
  5
400
330
1F
100
AcDbEntity
  8
0
100
AcDbBlockReference
  2
T1
 10
0.0
 20
0.0
 30
0.0
  0
INSERT
  5
406
330
1F
100
AcDbEntity
  8
0
100
AcDbBlockReference
  2
U26
 10
0.0
 20
0.0
 30
0.0
  0
INSERT
  5
40E
330
1F
100
AcDbEntity
  8
0
100
AcDbBlockReference
  2
U27
 10
0.0
 20
0.0
 30
0.0
  0
INSERT
  5
416
330
1F
100
AcDbEntity
  8
0
100
AcDbBlockReference
  2
U28
 10
0.0
 20
0.0
 30
0.0
  0
LINE
  5
41D
330
1F
100
AcDbEntity
  8
0
  6
K5LT_BASIC
 62
   150
420
    33023
370
    60
100
AcDbLine
 10
691.5897481383663
 20
-333.85907506759
 30
0.0
 11
669.5897481383662
 21
-333.85907506759
 31
0.0
  0
LINE
  5
41E
330
1F
100
AcDbEntity
  8
0
  6
K5LT_BASIC
 62
   150
420
    33023
370
    60
100
AcDbLine
 10
669.5897481383662
 20
-343.85907506759
 30
0.0
 11
691.5897481383663
 21
-343.85907506759
 31
0.0
  0
CIRCLE
  5
41F
330
1F
100
AcDbEntity
  8
0
  6
K5LT_BASIC
 62
   150
420
    33023
370
    60
100
AcDbCircle
 10
669.5897481383662
 20
-338.85907506759
 30
0.0
 40
1.5
  0
LWPOLYLINE
  5
420
330
1F
100
AcDbEntity
  8
0
  6
K5LT_BASIC
 62
   150
420
    33023
370
    60
100
AcDbPolyline
 90
        4
 70
     0
 43
0.0
 10
694.5897481383662
 20
-333.85907506759
 10
697.5897481383661
 20
-333.85907506759
 10
697.5897481383661
 20
-343.85907506759
 10
694.5897481383662
 20
-343.85907506759
  0
LWPOLYLINE
  5
421
330
1F
100
AcDbEntity
  8
0
  6
K5LT_BASIC
 62
   150
420
    33023
370
    60
100
AcDbPolyline
 90
        4
 70
     0
 43
0.0
 10
694.5897481383662
 20
-343.85907506759
 10
694.5897481383662
 20
-346.85907506759
 10
691.5897481383663
 20
-346.85907506759
 10
691.5897481383663
 20
-343.85907506759
  0
LWPOLYLINE
  5
422
330
1F
100
AcDbEntity
  8
0
  6
K5LT_BASIC
 62
   150
420
    33023
370
    60
100
AcDbPolyline
 90
        4
 70
     0
 43
0.0
 10
691.5897481383663
 20
-333.85907506759
 10
691.5897481383663
 20
-330.85907506759
 10
694.5897481383662
 20
-330.85907506759
 10
694.5897481383662
 20
-333.85907506759
  0
LINE
  5
423
330
1F
100
AcDbEntity
  8
0
  6
K5LT_BASIC
 62
   150
420
    33023
370
    60
100
AcDbLine
 10
674.5897481383662
 20
-333.85907506759
 30
0.0
 11
669.5897481383662
 21
-333.85907506759
 31
0.0
  0
LINE
  5
424
330
1F
100
AcDbEntity
  8
0
  6
K5LT_BASIC
 62
   150
420
    33023
370
    60
100
AcDbLine
 10
664.5897481383662
 20
-338.85907506759
 30
0.0
 11
664.5897481383662
 21
-338.85907506759
 31
0.0
  0
LINE
  5
425
330
1F
100
AcDbEntity
  8
0
  6
K5LT_BASIC
 62
   150
420
    33023
370
    60
100
AcDbLine
 10
669.5897481383662
 20
-343.85907506759
 30
0.0
 11
674.5897481383662
 21
-343.85907506759
 31
0.0
  0
ARC
  5
426
330
1F
100
AcDbEntity
  8
0
  6
K5LT_BASIC
 62
   150
420
    33023
370
    60
100
AcDbCircle
 10
669.5897481383662
 20
-338.85907506759
 30
0.0
 40
5.0
100
AcDbArc
 50
90.0
 51
180.0
  0
ARC
  5
427
330
1F
100
AcDbEntity
  8
0
  6
K5LT_BASIC
 62
   150
420
    33023
370
    60
100
AcDbCircle
 10
669.5897481383662
 20
-338.85907506759
 30
0.0
 40
5.0
100
AcDbArc
 50
180.0
 51
270.0
  0
CIRCLE
  5
428
330
1F
100
AcDbEntity
  8
0
  6
K5LT_BASIC
 62
   150
420
    33023
370
    60
100
AcDbCircle
 10
1180.378912467948
 20
-363.85907506759
 30
0.0
 40
5.0
  0
CIRCLE
  5
429
330
1F
100
AcDbEntity
  8
0
  6
K5LT_BASIC
 62
   150
420
    33023
370
    60
100
AcDbCircle
 10
1180.378912467948
 20
-388.8590750675899
 30
0.0
 40
5.0
  0
CIRCLE
  5
42A
330
1F
100
AcDbEntity
  8
0
  6
K5LT_BASIC
 62
   150
420
    33023
370
    60
100
AcDbCircle
 10
1180.378912467948
 20
-413.85907506759
 30
0.0
 40
5.0
  0
CIRCLE
  5
42B
330
1F
100
AcDbEntity
  8
0
  6
K5LT_BASIC
 62
   150
420
    33023
370
    60
100
AcDbCircle
 10
1209.128912467948
 20
-318.8590750675901
 30
0.0
 40
5.0
  0
INSERT
  5
42D
330
1F
100
AcDbEntity
  8
0
100
AcDbBlockReference
  2
U29
 10
0.0
 20
0.0
 30
0.0
  0
CIRCLE
  5
434
330
1F
100
AcDbEntity
  8
0
  6
K5LT_BASIC
 62
   150
420
    33023
370
    60
100
AcDbCircle
 10
754.948658489735
 20
-129.4889375036646
 30
0.0
 40
1.5
  0
CIRCLE
  5
435
330
1F
100
AcDbEntity
  8
0
  6
K5LT_BASIC
 62
   150
420
    33023
370
    60
100
AcDbCircle
 10
805.948658489735
 20
-129.4889375036646
 30
0.0
 40
1.5
  0
XLINE
  5
436
330
1F
100
AcDbEntity
  8
0
 62
   232
420
 12921721
100
AcDbXline
 10
875.1580605619622
 20
-542.1079194198145
 30
0.0
 11
1.0
 21
0.0
 31
0.0
  0
INSERT
  5
438
330
1F
100
AcDbEntity
  8
0
100
AcDbBlockReference
  2
U30
 10
0.0
 20
0.0
 30
0.0
  0
INSERT
  5
440
330
1F
100
AcDbEntity
  8
0
100
AcDbBlockReference
  2
U31
 10
0.0
 20
0.0
 30
0.0
  0
INSERT
  5
448
330
1F
100
AcDbEntity
  8
0
100
AcDbBlockReference
  2
U32
 10
0.0
 20
0.0
 30
0.0
  0
INSERT
  5
450
330
1F
100
AcDbEntity
  8
0
100
AcDbBlockReference
  2
U33
 10
0.0
 20
0.0
 30
0.0
  0
INSERT
  5
458
330
1F
100
AcDbEntity
  8
0
100
AcDbBlockReference
  2
U34
 10
0.0
 20
0.0
 30
0.0
  0
INSERT
  5
460
330
1F
100
AcDbEntity
  8
0
100
AcDbBlockReference
  2
U35
 10
0.0
 20
0.0
 30
0.0
  0
INSERT
  5
468
330
1F
100
AcDbEntity
  8
0
100
AcDbBlockReference
  2
U36
 10
0.0
 20
0.0
 30
0.0
  0
INSERT
  5
470
330
1F
100
AcDbEntity
  8
0
100
AcDbBlockReference
  2
U37
 10
0.0
 20
0.0
 30
0.0
  0
INSERT
  5
478
330
1F
100
AcDbEntity
  8
0
100
AcDbBlockReference
  2
U38
 10
0.0
 20
0.0
 30
0.0
  0
INSERT
  5
480
330
1F
100
AcDbEntity
  8
0
100
AcDbBlockReference
  2
U39
 10
0.0
 20
0.0
 30
0.0
  0
XLINE
  5
487
330
1F
100
AcDbEntity
  8
0
 62
   232
420
 12921721
100
AcDbXline
 10
903.1580605619622
 20
-298.8590750675899
 30
0.0
 11
1.0
 21
0.0
 31
0.0
  0
XLINE
  5
488
330
1F
100
AcDbEntity
  8
0
 62
   232
420
 12921721
100
AcDbXline
 10
903.1580605619622
 20
-478.8590750675899
 30
0.0
 11
1.0
 21
0.0
 31
0.0
  0
LINE
  5
489
330
1F
100
AcDbEntity
  8
0
  6
K5LT_BASIC
 62
   150
420
    33023
370
    60
100
AcDbLine
 10
837.948658489735
 20
-478.8590750675899
 30
0.0
 11
810.4486584897351
 21
-478.8590750675898
 31
0.0
  0
LINE
  5
48A
330
1F
100
AcDbEntity
  8
0
  6
K5LT_BASIC
 62
   150
420
    33023
370
    60
100
AcDbLine
 10
780.448658489735
 20
-478.8590750675899
 30
0.0
 11
780.448658489735
 21
-483.8590750675899
 31
0.0
  0
LINE
  5
48B
330
1F
100
AcDbEntity
  8
0
  6
K5LT_BASIC
 62
   150
420
    33023
370
    60
100
AcDbLine
 10
810.448658489735
 20
-478.8590750675899
 30
0.0
 11
810.448658489735
 21
-483.8590750675899
 31
0.0
  0
LWPOLYLINE
  5
48C
330
1F
100
AcDbEntity
  8
0
  6
K5LT_BASIC
 62
   150
420
    33023
370
    60
100
AcDbPolyline
 90
        2
 70
     0
 43
0.0
 10
810.448658489735
 20
-483.8590750675899
 10
780.4486584897351
 20
-483.8590750675899
  0
LINE
  5
48D
330
1F
100
AcDbEntity
  8
0
  6
K5LT_BASIC
 62
   150
420
    33023
370
    60
100
AcDbLine
 10
780.448658489735
 20
-478.8590750675899
 30
0.0
 11
752.948658489735
 21
-478.8590750675899
 31
0.0
  0
LINE
  5
48E
330
1F
100
AcDbEntity
  8
0
  6
K5LT_BASIC
 62
   150
420
    33023
370
    60
100
AcDbLine
 10
837.948658489735
 20
-298.85907506759
 30
0.0
 11
810.4486584897351
 21
-298.85907506759
 31
0.0
  0
LINE
  5
48F
330
1F
100
AcDbEntity
  8
0
  6
K5LT_BASIC
 62
   150
420
    33023
370
    60
100
AcDbLine
 10
780.448658489735
 20
-298.85907506759
 30
0.0
 11
780.448658489735
 21
-293.85907506759
 31
0.0
  0
LINE
  5
490
330
1F
100
AcDbEntity
  8
0
  6
K5LT_BASIC
 62
   150
420
    33023
370
    60
100
AcDbLine
 10
810.448658489735
 20
-298.85907506759
 30
0.0
 11
810.448658489735
 21
-293.85907506759
 31
0.0
  0
LWPOLYLINE
  5
491
330
1F
100
AcDbEntity
  8
0
  6
K5LT_BASIC
 62
   150
420
    33023
370
    60
100
AcDbPolyline
 90
        2
 70
     0
 43
0.0
 10
810.448658489735
 20
-293.85907506759
 10
780.4486584897351
 20
-293.85907506759
  0
LINE
  5
492
330
1F
100
AcDbEntity
  8
0
  6
K5LT_BASIC
 62
   150
420
    33023
370
    60
100
AcDbLine
 10
780.448658489735
 20
-298.85907506759
 30
0.0
 11
752.948658489735
 21
-298.85907506759
 31
0.0
  0
LINE
  5
493
330
1F
100
AcDbEntity
  8
0
  6
K5LT_BASIC
 62
   150
420
    33023
370
    60
100
AcDbLine
 10
1222.878912467948
 20
-298.85907506759
 30
0.0
 11
1195.378912467948
 21
-298.85907506759
 31
0.0
  0
LINE
  5
494
330
1F
100
AcDbEntity
  8
0
  6
K5LT_BASIC
 62
   150
420
    33023
370
    60
100
AcDbLine
 10
1165.378912467948
 20
-298.85907506759
 30
0.0
 11
1165.378912467948
 21
-293.85907506759
 31
0.0
  0
LINE
  5
495
330
1F
100
AcDbEntity
  8
0
  6
K5LT_BASIC
 62
   150
420
    33023
370
    60
100
AcDbLine
 10
1195.378912467948
 20
-298.85907506759
 30
0.0
 11
1195.378912467948
 21
-293.85907506759
 31
0.0
  0
LWPOLYLINE
  5
496
330
1F
100
AcDbEntity
  8
0
  6
K5LT_BASIC
 62
   150
420
    33023
370
    60
100
AcDbPolyline
 90
        2
 70
     0
 43
0.0
 10
1195.378912467948
 20
-293.85907506759
 10
1165.378912467948
 20
-293.85907506759
  0
LINE
  5
497
330
1F
100
AcDbEntity
  8
0
  6
K5LT_BASIC
 62
   150
420
    33023
370
    60
100
AcDbLine
 10
1165.378912467948
 20
-298.85907506759
 30
0.0
 11
1137.878912467948
 21
-298.85907506759
 31
0.0
  0
LINE
  5
498
330
1F
100
AcDbEntity
  8
0
  6
K5LT_BASIC
 62
   150
420
    33023
370
    60
100
AcDbLine
 10
1222.878912467948
 20
-478.8590750675899
 30
0.0
 11
1195.378912467948
 21
-478.8590750675898
 31
0.0
  0
LINE
  5
499
330
1F
100
AcDbEntity
  8
0
  6
K5LT_BASIC
 62
   150
420
    33023
370
    60
100
AcDbLine
 10
1165.378912467948
 20
-478.8590750675899
 30
0.0
 11
1165.378912467948
 21
-483.8590750675899
 31
0.0
  0
LINE
  5
49A
330
1F
100
AcDbEntity
  8
0
  6
K5LT_BASIC
 62
   150
420
    33023
370
    60
100
AcDbLine
 10
1195.378912467948
 20
-478.8590750675899
 30
0.0
 11
1195.378912467948
 21
-483.8590750675899
 31
0.0
  0
LWPOLYLINE
  5
49B
330
1F
100
AcDbEntity
  8
0
  6
K5LT_BASIC
 62
   150
420
    33023
370
    60
100
AcDbPolyline
 90
        2
 70
     0
 43
0.0
 10
1195.378912467948
 20
-483.8590750675899
 10
1165.378912467948
 20
-483.8590750675899
  0
LINE
  5
49C
330
1F
100
AcDbEntity
  8
0
  6
K5LT_BASIC
 62
   150
420
    33023
370
    60
100
AcDbLine
 10
1165.378912467948
 20
-478.8590750675899
 30
0.0
 11
1137.878912467948
 21
-478.8590750675899
 31
0.0
  0
LINE
  5
49D
330
1F
100
AcDbEntity
  8
0
  6
K5LT_BASIC
 62
   150
420
    33023
370
    60
100
AcDbLine
 10
893.1580605619622
 20
-615.6748709772426
 30
0.0
 11
893.1580605619622
 21
-620.6748709772426
 31
0.0
  0
LINE
  5
49E
330
1F
100
AcDbEntity
  8
0
  6
K5LT_BASIC
 62
   150
420
    33023
370
    60
100
AcDbLine
 10
913.1580605619622
 20
-615.6748709772426
 30
0.0
 11
913.1580605619622
 21
-620.6748709772426
 31
0.0
  0
LINE
  5
49F
330
1F
100
AcDbEntity
  8
0
  6
K5LT_BASIC
 62
   150
420
    33023
370
    60
100
AcDbLine
 10
933.1580605619622
 20
-615.6748709772426
 30
0.0
 11
933.1580605619622
 21
-620.6748709772426
 31
0.0
  0
LINE
  5
4A0
330
1F
100
AcDbEntity
  8
0
  6
K5LT_BASIC
 62
   150
420
    33023
370
    60
100
AcDbLine
 10
953.1580605619622
 20
-615.6748709772426
 30
0.0
 11
953.1580605619622
 21
-620.6748709772426
 31
0.0
  0
LINE
  5
4A1
330
1F
100
AcDbEntity
  8
0
  6
K5LT_BASIC
 62
   150
420
    33023
370
    60
100
AcDbLine
 10
1073.158060561962
 20
-615.6748709772426
 30
0.0
 11
1073.158060561962
 21
-620.6748709772426
 31
0.0
  0
LINE
  5
4A2
330
1F
100
AcDbEntity
  8
0
  6
K5LT_BASIC
 62
   150
420
    33023
370
    60
100
AcDbLine
 10
1093.158060561962
 20
-615.6748709772426
 30
0.0
 11
1093.158060561962
 21
-620.6748709772426
 31
0.0
  0
LINE
  5
4A3
330
1F
100
AcDbEntity
  8
0
  6
K5LT_BASIC
 62
   150
420
    33023
370
    60
100
AcDbLine
 10
1033.158060561962
 20
-615.6748709772426
 30
0.0
 11
1033.158060561962
 21
-620.6748709772426
 31
0.0
  0
LINE
  5
4A4
330
1F
100
AcDbEntity
  8
0
  6
K5LT_BASIC
 62
   150
420
    33023
370
    60
100
AcDbLine
 10
1053.158060561962
 20
-615.6748709772426
 30
0.0
 11
1053.158060561962
 21
-620.6748709772426
 31
0.0
  0
LINE
  5
4A5
330
1F
100
AcDbEntity
  8
0
  6
K5LT_BASIC
 62
   150
420
    33023
370
    60
100
AcDbLine
 10
983.1580605619622
 20
-615.6748709772426
 30
0.0
 11
983.1580605619622
 21
-620.6748709772426
 31
0.0
  0
LINE
  5
4A6
330
1F
100
AcDbEntity
  8
0
  6
K5LT_BASIC
 62
   150
420
    33023
370
    60
100
AcDbLine
 10
1003.158060561962
 20
-615.6748709772426
 30
0.0
 11
1003.158060561962
 21
-620.6748709772426
 31
0.0
  0
LWPOLYLINE
  5
4A7
330
1F
100
AcDbEntity
  8
0
  6
K5LT_BASIC
 62
   150
420
    33023
370
    60
100
AcDbPolyline
 90
        3
 70
     0
 43
0.0
 10
893.1580605619621
 20
-615.6748709772426
 10
870.1580605619622
 20
-615.6748709772426
 10
870.1580605619622
 20
-630.6748709772426
  0
LWPOLYLINE
  5
4A8
330
1F
100
AcDbEntity
  8
0
  6
K5LT_BASIC
 62
   150
420
    33023
370
    60
100
AcDbPolyline
 90
        2
 70
     0
 43
0.0
 10
933.1580605619622
 20
-615.6748709772426
 10
913.1580605619622
 20
-615.6748709772426
  0
LWPOLYLINE
  5
4A9
330
1F
100
AcDbEntity
  8
0
  6
K5LT_BASIC
 62
   150
420
    33023
370
    60
100
AcDbPolyline
 90
        2
 70
     0
 43
0.0
 10
983.1580605619622
 20
-615.6748709772426
 10
953.1580605619623
 20
-615.6748709772426
  0
LWPOLYLINE
  5
4AA
330
1F
100
AcDbEntity
  8
0
  6
K5LT_BASIC
 62
   150
420
    33023
370
    60
100
AcDbPolyline
 90
        2
 70
     0
 43
0.0
 10
1033.158060561962
 20
-615.6748709772426
 10
1003.158060561962
 20
-615.6748709772426
  0
LWPOLYLINE
  5
4AB
330
1F
100
AcDbEntity
  8
0
  6
K5LT_BASIC
 62
   150
420
    33023
370
    60
100
AcDbPolyline
 90
        2
 70
     0
 43
0.0
 10
1073.158060561962
 20
-615.6748709772426
 10
1053.158060561962
 20
-615.6748709772426
  0
LWPOLYLINE
  5
4AC
330
1F
100
AcDbEntity
  8
0
  6
K5LT_BASIC
 62
   150
420
    33023
370
    60
100
AcDbPolyline
 90
        3
 70
     0
 43
0.0
 10
870.1580605619622
 20
-790.6748709772426
 10
870.1580605619622
 20
-805.6748709772426
 10
893.1580605619621
 20
-805.6748709772426
  0
LINE
  5
4AD
330
1F
100
AcDbEntity
  8
0
  6
K5LT_BASIC
 62
   150
420
    33023
370
    60
100
AcDbLine
 10
1116.158060561962
 20
-750.6748709772426
 30
0.0
 11
1116.158060561962
 21
-770.6748709772426
 31
0.0
  0
LINE
  5
4AE
330
1F
100
AcDbEntity
  8
0
  6
K5LT_BASIC
 62
   150
420
    33023
370
    60
100
AcDbLine
 10
1116.158060561962
 20
-700.6748709772426
 30
0.0
 11
1116.158060561962
 21
-720.6748709772426
 31
0.0
  0
LINE
  5
4AF
330
1F
100
AcDbEntity
  8
0
  6
K5LT_BASIC
 62
   150
420
    33023
370
    60
100
AcDbLine
 10
1116.158060561962
 20
-650.6748709772426
 30
0.0
 11
1116.158060561962
 21
-670.6748709772426
 31
0.0
  0
LINE
  5
4B0
330
1F
100
AcDbEntity
  8
0
  6
K5LT_BASIC
 62
   150
420
    33023
370
    60
100
AcDbLine
 10
1116.158060561962
 20
-790.6748709772426
 30
0.0
 11
1116.158060561962
 21
-805.6748709772426
 31
0.0
  0
LINE
  5
4B1
330
1F
100
AcDbEntity
  8
0
  6
K5LT_BASIC
 62
   150
420
    33023
370
    60
100
AcDbLine
 10
1116.158060561962
 20
-615.6748709772426
 30
0.0
 11
1116.158060561962
 21
-630.6748709772426
 31
0.0
  0
LINE
  5
4B2
330
1F
100
AcDbEntity
  8
0
  6
K5LT_BASIC
 62
   150
420
    33023
370
    60
100
AcDbLine
 10
1093.158060561962
 20
-615.6748709772426
 30
0.0
 11
1116.158060561962
 21
-615.6748709772426
 31
0.0
  0
LINE
  5
4B3
330
1F
100
AcDbEntity
  8
0
  6
K5LT_BASIC
 62
   150
420
    33023
370
    60
100
AcDbLine
 10
893.1580605619622
 20
-620.6748709772426
 30
0.0
 11
913.1580605619622
 21
-620.6748709772426
 31
0.0
  0
LINE
  5
4B4
330
1F
100
AcDbEntity
  8
0
  6
K5LT_BASIC
 62
   150
420
    33023
370
    60
100
AcDbLine
 10
933.1580605619622
 20
-620.6748709772426
 30
0.0
 11
953.1580605619622
 21
-620.6748709772426
 31
0.0
  0
LINE
  5
4B5
330
1F
100
AcDbEntity
  8
0
  6
K5LT_BASIC
 62
   150
420
    33023
370
    60
100
AcDbLine
 10
1073.158060561962
 20
-620.6748709772426
 30
0.0
 11
1093.158060561962
 21
-620.6748709772426
 31
0.0
  0
LINE
  5
4B6
330
1F
100
AcDbEntity
  8
0
  6
K5LT_BASIC
 62
   150
420
    33023
370
    60
100
AcDbLine
 10
1033.158060561962
 20
-620.6748709772426
 30
0.0
 11
1053.158060561962
 21
-620.6748709772426
 31
0.0
  0
LINE
  5
4B7
330
1F
100
AcDbEntity
  8
0
  6
K5LT_BASIC
 62
   150
420
    33023
370
    60
100
AcDbLine
 10
983.1580605619622
 20
-620.6748709772426
 30
0.0
 11
1003.158060561962
 21
-620.6748709772426
 31
0.0
  0
LINE
  5
4B8
330
1F
100
AcDbEntity
  8
0
  6
K5LT_BASIC
 62
   150
420
    33023
370
    60
100
AcDbLine
 10
893.1580605619622
 20
-805.6748709772426
 30
0.0
 11
893.1580605619622
 21
-800.6748709772426
 31
0.0
  0
LINE
  5
4B9
330
1F
100
AcDbEntity
  8
0
  6
K5LT_BASIC
 62
   150
420
    33023
370
    60
100
AcDbLine
 10
913.1580605619622
 20
-805.6748709772426
 30
0.0
 11
913.1580605619622
 21
-800.6748709772426
 31
0.0
  0
LINE
  5
4BA
330
1F
100
AcDbEntity
  8
0
  6
K5LT_BASIC
 62
   150
420
    33023
370
    60
100
AcDbLine
 10
933.1580605619622
 20
-805.6748709772426
 30
0.0
 11
933.1580605619622
 21
-800.6748709772426
 31
0.0
  0
LINE
  5
4BB
330
1F
100
AcDbEntity
  8
0
  6
K5LT_BASIC
 62
   150
420
    33023
370
    60
100
AcDbLine
 10
953.1580605619622
 20
-805.6748709772426
 30
0.0
 11
953.1580605619622
 21
-800.6748709772426
 31
0.0
  0
LINE
  5
4BC
330
1F
100
AcDbEntity
  8
0
  6
K5LT_BASIC
 62
   150
420
    33023
370
    60
100
AcDbLine
 10
1073.158060561962
 20
-805.6748709772426
 30
0.0
 11
1073.158060561962
 21
-800.6748709772426
 31
0.0
  0
LINE
  5
4BD
330
1F
100
AcDbEntity
  8
0
  6
K5LT_BASIC
 62
   150
420
    33023
370
    60
100
AcDbLine
 10
1093.158060561962
 20
-805.6748709772426
 30
0.0
 11
1093.158060561962
 21
-800.6748709772426
 31
0.0
  0
LINE
  5
4BE
330
1F
100
AcDbEntity
  8
0
  6
K5LT_BASIC
 62
   150
420
    33023
370
    60
100
AcDbLine
 10
1033.158060561962
 20
-805.6748709772426
 30
0.0
 11
1033.158060561962
 21
-800.6748709772426
 31
0.0
  0
LINE
  5
4BF
330
1F
100
AcDbEntity
  8
0
  6
K5LT_BASIC
 62
   150
420
    33023
370
    60
100
AcDbLine
 10
1053.158060561962
 20
-805.6748709772426
 30
0.0
 11
1053.158060561962
 21
-800.6748709772426
 31
0.0
  0
LINE
  5
4C0
330
1F
100
AcDbEntity
  8
0
  6
K5LT_BASIC
 62
   150
420
    33023
370
    60
100
AcDbLine
 10
983.1580605619622
 20
-805.6748709772426
 30
0.0
 11
983.1580605619622
 21
-800.6748709772426
 31
0.0
  0
LINE
  5
4C1
330
1F
100
AcDbEntity
  8
0
  6
K5LT_BASIC
 62
   150
420
    33023
370
    60
100
AcDbLine
 10
1003.158060561962
 20
-805.6748709772426
 30
0.0
 11
1003.158060561962
 21
-800.6748709772426
 31
0.0
  0
LWPOLYLINE
  5
4C2
330
1F
100
AcDbEntity
  8
0
  6
K5LT_BASIC
 62
   150
420
    33023
370
    60
100
AcDbPolyline
 90
        2
 70
     0
 43
0.0
 10
933.1580605619622
 20
-805.6748709772426
 10
913.1580605619622
 20
-805.6748709772426
  0
LWPOLYLINE
  5
4C3
330
1F
100
AcDbEntity
  8
0
  6
K5LT_BASIC
 62
   150
420
    33023
370
    60
100
AcDbPolyline
 90
        2
 70
     0
 43
0.0
 10
983.1580605619622
 20
-805.6748709772426
 10
953.1580605619623
 20
-805.6748709772426
  0
LWPOLYLINE
  5
4C4
330
1F
100
AcDbEntity
  8
0
  6
K5LT_BASIC
 62
   150
420
    33023
370
    60
100
AcDbPolyline
 90
        2
 70
     0
 43
0.0
 10
1033.158060561962
 20
-805.6748709772426
 10
1003.158060561962
 20
-805.6748709772426
  0
LWPOLYLINE
  5
4C5
330
1F
100
AcDbEntity
  8
0
  6
K5LT_BASIC
 62
   150
420
    33023
370
    60
100
AcDbPolyline
 90
        2
 70
     0
 43
0.0
 10
1073.158060561962
 20
-805.6748709772426
 10
1053.158060561962
 20
-805.6748709772426
  0
LINE
  5
4C6
330
1F
100
AcDbEntity
  8
0
  6
K5LT_BASIC
 62
   150
420
    33023
370
    60
100
AcDbLine
 10
1093.158060561962
 20
-805.6748709772426
 30
0.0
 11
1116.158060561962
 21
-805.6748709772426
 31
0.0
  0
LINE
  5
4C7
330
1F
100
AcDbEntity
  8
0
  6
K5LT_BASIC
 62
   150
420
    33023
370
    60
100
AcDbLine
 10
893.1580605619622
 20
-800.6748709772426
 30
0.0
 11
913.1580605619622
 21
-800.6748709772426
 31
0.0
  0
LINE
  5
4C8
330
1F
100
AcDbEntity
  8
0
  6
K5LT_BASIC
 62
   150
420
    33023
370
    60
100
AcDbLine
 10
933.1580605619622
 20
-800.6748709772426
 30
0.0
 11
953.1580605619622
 21
-800.6748709772426
 31
0.0
  0
LINE
  5
4C9
330
1F
100
AcDbEntity
  8
0
  6
K5LT_BASIC
 62
   150
420
    33023
370
    60
100
AcDbLine
 10
1073.158060561962
 20
-800.6748709772426
 30
0.0
 11
1093.158060561962
 21
-800.6748709772426
 31
0.0
  0
LINE
  5
4CA
330
1F
100
AcDbEntity
  8
0
  6
K5LT_BASIC
 62
   150
420
    33023
370
    60
100
AcDbLine
 10
1033.158060561962
 20
-800.6748709772426
 30
0.0
 11
1053.158060561962
 21
-800.6748709772426
 31
0.0
  0
LINE
  5
4CB
330
1F
100
AcDbEntity
  8
0
  6
K5LT_BASIC
 62
   150
420
    33023
370
    60
100
AcDbLine
 10
983.1580605619622
 20
-800.6748709772426
 30
0.0
 11
1003.158060561962
 21
-800.6748709772426
 31
0.0
  0
LINE
  5
4CC
330
1F
100
AcDbEntity
  8
0
  6
K5LT_BASIC
 62
   150
420
    33023
370
    60
100
AcDbLine
 10
1111.158060561962
 20
-630.6748709772426
 30
0.0
 11
1116.158060561962
 21
-630.6748709772426
 31
0.0
  0
LINE
  5
4CD
330
1F
100
AcDbEntity
  8
0
  6
K5LT_BASIC
 62
   150
420
    33023
370
    60
100
AcDbLine
 10
1111.158060561962
 20
-650.6748709772426
 30
0.0
 11
1116.158060561962
 21
-650.6748709772427
 31
0.0
  0
LINE
  5
4CE
330
1F
100
AcDbEntity
  8
0
  6
K5LT_BASIC
 62
   150
420
    33023
370
    60
100
AcDbLine
 10
1111.158060561962
 20
-670.6748709772426
 30
0.0
 11
1116.158060561962
 21
-670.6748709772426
 31
0.0
  0
LINE
  5
4CF
330
1F
100
AcDbEntity
  8
0
  6
K5LT_BASIC
 62
   150
420
    33023
370
    60
100
AcDbLine
 10
1111.158060561962
 20
-750.6748709772426
 30
0.0
 11
1116.158060561962
 21
-750.6748709772426
 31
0.0
  0
LINE
  5
4D0
330
1F
100
AcDbEntity
  8
0
  6
K5LT_BASIC
 62
   150
420
    33023
370
    60
100
AcDbLine
 10
1111.158060561962
 20
-770.6748709772426
 30
0.0
 11
1116.158060561962
 21
-770.6748709772426
 31
0.0
  0
LINE
  5
4D1
330
1F
100
AcDbEntity
  8
0
  6
K5LT_BASIC
 62
   150
420
    33023
370
    60
100
AcDbLine
 10
1111.158060561962
 20
-700.6748709772426
 30
0.0
 11
1116.158060561962
 21
-700.6748709772426
 31
0.0
  0
LINE
  5
4D2
330
1F
100
AcDbEntity
  8
0
  6
K5LT_BASIC
 62
   150
420
    33023
370
    60
100
AcDbLine
 10
1111.158060561962
 20
-720.6748709772426
 30
0.0
 11
1116.158060561962
 21
-720.6748709772426
 31
0.0
  0
LWPOLYLINE
  5
4D3
330
1F
100
AcDbEntity
  8
0
  6
K5LT_BASIC
 62
   150
420
    33023
370
    60
100
AcDbPolyline
 90
        2
 70
     0
 43
0.0
 10
1111.158060561962
 20
-650.6748709772428
 10
1111.158060561962
 20
-630.6748709772427
  0
LWPOLYLINE
  5
4D4
330
1F
100
AcDbEntity
  8
0
  6
K5LT_BASIC
 62
   150
420
    33023
370
    60
100
AcDbPolyline
 90
        2
 70
     0
 43
0.0
 10
1111.158060561962
 20
-700.6748709772427
 10
1111.158060561962
 20
-670.6748709772428
  0
LWPOLYLINE
  5
4D5
330
1F
100
AcDbEntity
  8
0
  6
K5LT_BASIC
 62
   150
420
    33023
370
    60
100
AcDbPolyline
 90
        2
 70
     0
 43
0.0
 10
1111.158060561962
 20
-750.6748709772426
 10
1111.158060561962
 20
-720.6748709772428
  0
LWPOLYLINE
  5
4D6
330
1F
100
AcDbEntity
  8
0
  6
K5LT_BASIC
 62
   150
420
    33023
370
    60
100
AcDbPolyline
 90
        2
 70
     0
 43
0.0
 10
1111.158060561962
 20
-790.6748709772426
 10
1111.158060561962
 20
-770.6748709772426
  0
LINE
  5
4D7
330
1F
100
AcDbEntity
  8
0
  6
K5LT_BASIC
 62
   150
420
    33023
370
    60
100
AcDbLine
 10
1116.158060561962
 20
-790.6748709772426
 30
0.0
 11
1111.158060561962
 21
-790.6748709772423
 31
0.0
  0
LINE
  5
4D8
330
1F
100
AcDbEntity
  8
0
  6
K5LT_BASIC
 62
   150
420
    33023
370
    60
100
AcDbLine
 10
870.1580605619622
 20
-750.6748709772426
 30
0.0
 11
870.1580605619622
 21
-770.6748709772426
 31
0.0
  0
LINE
  5
4D9
330
1F
100
AcDbEntity
  8
0
  6
K5LT_BASIC
 62
   150
420
    33023
370
    60
100
AcDbLine
 10
870.1580605619622
 20
-700.6748709772426
 30
0.0
 11
870.1580605619622
 21
-720.6748709772426
 31
0.0
  0
LINE
  5
4DA
330
1F
100
AcDbEntity
  8
0
  6
K5LT_BASIC
 62
   150
420
    33023
370
    60
100
AcDbLine
 10
870.1580605619622
 20
-650.6748709772426
 30
0.0
 11
870.1580605619622
 21
-670.6748709772426
 31
0.0
  0
LINE
  5
4DB
330
1F
100
AcDbEntity
  8
0
  6
K5LT_BASIC
 62
   150
420
    33023
370
    60
100
AcDbLine
 10
875.1580605619622
 20
-630.6748709772426
 30
0.0
 11
870.1580605619622
 21
-630.6748709772426
 31
0.0
  0
LINE
  5
4DC
330
1F
100
AcDbEntity
  8
0
  6
K5LT_BASIC
 62
   150
420
    33023
370
    60
100
AcDbLine
 10
875.1580605619622
 20
-650.6748709772426
 30
0.0
 11
870.1580605619622
 21
-650.6748709772427
 31
0.0
  0
LINE
  5
4DD
330
1F
100
AcDbEntity
  8
0
  6
K5LT_BASIC
 62
   150
420
    33023
370
    60
100
AcDbLine
 10
875.1580605619622
 20
-670.6748709772426
 30
0.0
 11
870.1580605619622
 21
-670.6748709772426
 31
0.0
  0
LINE
  5
4DE
330
1F
100
AcDbEntity
  8
0
  6
K5LT_BASIC
 62
   150
420
    33023
370
    60
100
AcDbLine
 10
875.1580605619622
 20
-750.6748709772426
 30
0.0
 11
870.1580605619622
 21
-750.6748709772426
 31
0.0
  0
LINE
  5
4DF
330
1F
100
AcDbEntity
  8
0
  6
K5LT_BASIC
 62
   150
420
    33023
370
    60
100
AcDbLine
 10
875.1580605619622
 20
-770.6748709772426
 30
0.0
 11
870.1580605619622
 21
-770.6748709772426
 31
0.0
  0
LINE
  5
4E0
330
1F
100
AcDbEntity
  8
0
  6
K5LT_BASIC
 62
   150
420
    33023
370
    60
100
AcDbLine
 10
875.1580605619622
 20
-700.6748709772426
 30
0.0
 11
870.1580605619622
 21
-700.6748709772426
 31
0.0
  0
LINE
  5
4E1
330
1F
100
AcDbEntity
  8
0
  6
K5LT_BASIC
 62
   150
420
    33023
370
    60
100
AcDbLine
 10
875.1580605619622
 20
-720.6748709772426
 30
0.0
 11
870.1580605619622
 21
-720.6748709772426
 31
0.0
  0
LWPOLYLINE
  5
4E2
330
1F
100
AcDbEntity
  8
0
  6
K5LT_BASIC
 62
   150
420
    33023
370
    60
100
AcDbPolyline
 90
        2
 70
     0
 43
0.0
 10
875.1580605619622
 20
-650.6748709772428
 10
875.1580605619622
 20
-630.6748709772427
  0
LWPOLYLINE
  5
4E3
330
1F
100
AcDbEntity
  8
0
  6
K5LT_BASIC
 62
   150
420
    33023
370
    60
100
AcDbPolyline
 90
        2
 70
     0
 43
0.0
 10
875.1580605619622
 20
-700.6748709772427
 10
875.1580605619622
 20
-670.6748709772428
  0
LWPOLYLINE
  5
4E4
330
1F
100
AcDbEntity
  8
0
  6
K5LT_BASIC
 62
   150
420
    33023
370
    60
100
AcDbPolyline
 90
        2
 70
     0
 43
0.0
 10
875.1580605619622
 20
-750.6748709772426
 10
875.1580605619622
 20
-720.6748709772428
  0
LWPOLYLINE
  5
4E5
330
1F
100
AcDbEntity
  8
0
  6
K5LT_BASIC
 62
   150
420
    33023
370
    60
100
AcDbPolyline
 90
        2
 70
     0
 43
0.0
 10
875.1580605619622
 20
-790.6748709772426
 10
875.1580605619622
 20
-770.6748709772426
  0
LINE
  5
4E6
330
1F
100
AcDbEntity
  8
0
  6
K5LT_BASIC
 62
   150
420
    33023
370
    60
100
AcDbLine
 10
870.1580605619622
 20
-790.6748709772426
 30
0.0
 11
875.1580605619622
 21
-790.6748709772423
 31
0.0
  0
INSERT
  5
4E8
330
1F
100
AcDbEntity
  8
0
100
AcDbBlockReference
  2
T2
 10
0.0
 20
0.0
 30
0.0
  0
MTEXT
  5
4ED
330
1F
100
AcDbEntity
  8
0
 62
     7
100
AcDbMText
 10
926.8606648557854
 20
-272.2316029117374
 30
0.0
 40
3.5
 41
0.0
 46
0.0
 71
     1
 72
     1
  1
\H5.0;\W1.000;\Q15;\Q0;\W0.965;\H3.50;100 В
  7
KTEXTSTYLE
 73
     1
 44
1.0
  0
INSERT
  5
4EF
330
1F
100
AcDbEntity
  8
0
100
AcDbBlockReference
  2
U40
 10
0.0
 20
0.0
 30
0.0
  0
ENDSEC
  0
SECTION
  2
OBJECTS
  0
DICTIONARY
  5
C
330
0
100
AcDbDictionary
281
     1
  3
ACAD_DETAILVIEWSTYLE
350
548
  3
ACAD_GROUP
350
D
  3
ACAD_IMAGE_DICT
350
60
  3
ACAD_IMAGE_VARS
350
62
  3
ACAD_LAYOUT
350
1A
  3
ACAD_MATERIAL
350
43
  3
ACAD_MLEADERSTYLE
350
5B
  3
ACAD_MLINESTYLE
350
17
  3
ACAD_PLOTSETTINGS
350
19
  3
ACAD_PLOTSTYLENAME
350
E
  3
ACAD_SCALELIST
350
47
  3
ACAD_SECTIONVIEWSTYLE
350
549
  3
ACAD_TABLESTYLE
350
59
  3
ACAD_VISUALSTYLE
350
2A
  3
ACDB_RECOMPOSE_DATA
350
545
  3
AcDbVariableDictionary
350
541
  0
SUN
  5
5D
330
29
100
AcDbSun
 90
        1
290
     0
 63
     7
421
 16777215
 40
1.0
291
     1
 91
  2455826
 92
 54000000
292
     0
 70
     2
 71
   256
280
     1
  0
IMAGEDEF_REACTOR
  5
64
330
63
100
AcDbRasterImageDefReactor
 90
        2
330
63
  0
IMAGEDEF_REACTOR
  5
67
330
66
100
AcDbRasterImageDefReactor
 90
        2
330
66
  0
DICTIONARY
  5
548
102
{ACAD_REACTORS
330
C
102
}
330
C
100
AcDbDictionary
281
     1
  0
DICTIONARY
  5
D
102
{ACAD_REACTORS
330
C
102
}
330
C
100
AcDbDictionary
281
     1
  0
DICTIONARY
  5
60
102
{ACAD_REACTORS
330
C
102
}
330
C
100
AcDbDictionary
281
     1
  3
Панель_0.png
350
61
  3
Панель_1.png
350
65
  0
RASTERVARIABLES
  5
62
102
{ACAD_REACTORS
330
C
102
}
330
C
100
AcDbRasterVariables
 90
        0
 70
     1
 71
     1
 72
     1
  0
DICTIONARY
  5
1A
102
{ACAD_REACTORS
330
C
102
}
330
C
100
AcDbDictionary
281
     1
  3
Layout1
350
1E
  3
Layout2
350
26
  3
Model
350
22
  0
DICTIONARY
  5
43
102
{ACAD_REACTORS
330
C
102
}
330
C
100
AcDbDictionary
281
     1
  3
ByBlock
350
45
  3
ByLayer
350
44
  3
Global
350
46
  0
DICTIONARY
  5
5B
102
{ACAD_REACTORS
330
C
102
}
330
C
100
AcDbDictionary
281
     1
  3
Standard
350
5C
  0
DICTIONARY
  5
17
102
{ACAD_REACTORS
330
C
102
}
330
C
100
AcDbDictionary
281
     1
  3
Standard
350
18
  0
DICTIONARY
  5
19
102
{ACAD_REACTORS
330
C
102
}
330
C
100
AcDbDictionary
281
     1
  0
ACDBDICTIONARYWDFLT
  5
E
102
{ACAD_REACTORS
330
C
102
}
330
C
100
AcDbDictionary
281
     1
  3
Normal
350
F
100
AcDbDictionaryWithDefault
340
F
  0
DICTIONARY
  5
47
102
{ACAD_REACTORS
330
C
102
}
330
C
100
AcDbDictionary
281
     1
  3
A0
350
48
  3
A1
350
49
  3
A2
350
4A
  3
A3
350
4B
  3
A4
350
4C
  3
A5
350
4D
  3
A6
350
4E
  3
A7
350
4F
  3
A8
350
50
  3
A9
350
51
  3
B0
350
52
  3
B1
350
53
  3
B2
350
54
  3
B3
350
55
  3
B4
350
56
  3
B5
350
57
  3
B6
350
58
  0
DICTIONARY
  5
549
102
{ACAD_REACTORS
330
C
102
}
330
C
100
AcDbDictionary
281
     1
  0
DICTIONARY
  5
59
102
{ACAD_REACTORS
330
C
102
}
330
C
100
AcDbDictionary
281
     1
  3
Standard
350
5A
  0
DICTIONARY
  5
2A
102
{ACAD_REACTORS
330
C
102
}
330
C
100
AcDbDictionary
281
     1
  3
2dWireframe
350
2F
  3
Basic
350
32
  3
Brighten
350
36
  3
ColorChange
350
3A
  3
Conceptual
350
34
  3
Dim
350
35
  3
EdgeColorOff
350
3D
  3
Facepattern
350
39
  3
Flat
350
2B
  3
FlatWithEdges
350
2C
  3
Gouraud
350
2D
  3
GouraudWithEdges
350
2E
  3
Hidden
350
31
  3
JitterOff
350
3B
  3
Linepattern
350
38
  3
OverhangOff
350
3C
  3
Realistic
350
33
  3
Shaded
350
42
  3
Shaded with edges
350
41
  3
Shades of Gray
350
3E
  3
Sketchy
350
3F
  3
Thicken
350
37
  3
Wireframe
350
30
  3
X-Ray
350
40
  0
XRECORD
  5
545
102
{ACAD_REACTORS
330
C
102
}
330
C
100
AcDbXrecord
280
     1
 90
        1
330
5A
  0
DICTIONARY
  5
541
102
{ACAD_REACTORS
330
C
102
}
330
C
100
AcDbDictionary
281
     1
  3
CANNOSCALE
350
542
  3
CENTEREXE
350
54B
  3
CENTERLTYPEFILE
350
54C
  3
CMLEADERSTYLE
350
547
  3
CTABLESTYLE
350
546
  3
WIPEOUTFRAME
350
54A
  0
IMAGEDEF
  5
61
102
{ACAD_REACTORS
330
60
330
64
102
}
330
60
100
AcDbRasterImageDef
 90
        0
  1
C:\Users\NeoProg\Desktop\EDM\blueprint\Пульт\Панель_0.png
 10
576.0
 20
1024.0
 11
0.3527336860670194
 21
0.3527336860670194
280
     1
281
     3
  0
IMAGEDEF
  5
65
102
{ACAD_REACTORS
330
60
330
67
102
}
330
60
100
AcDbRasterImageDef
 90
        0
  1
C:\Users\NeoProg\Desktop\EDM\blueprint\Пульт\Панель_1.png
 10
1024.0
 20
576.0
 11
0.3527336860670194
 21
0.3527336860670194
280
     1
281
     3
  0
LAYOUT
  5
1E
102
{ACAD_REACTORS
330
1A
102
}
330
1A
100
AcDbPlotSettings
  1

  2
none_device
  4

  6

 40
0.0
 41
0.0
 42
0.0
 43
0.0
 44
0.0
 45
0.0
 46
0.0
 47
0.0
 48
0.0
 49
0.0
140
0.0
141
0.0
142
1.0
143
1.0
 70
   688
 72
     1
 73
     0
 74
     5
  7

 75
    16
 76
     0
 77
     2
 78
   300
147
1.0
148
0.0
149
0.0
100
AcDbLayout
  1
Layout1
 70
     1
 71
     1
 10
0.0
 20
0.0
 11
420.0
 21
297.0
 12
0.0
 22
0.0
 32
0.0
 14
1.000000000000000E+20
 24
1.000000000000000E+20
 34
1.000000000000000E+20
 15
-1.000000000000000E+20
 25
-1.000000000000000E+20
 35
-1.000000000000000E+20
146
0.0
 13
0.0
 23
0.0
 33
0.0
 16
1.0
 26
0.0
 36
0.0
 17
0.0
 27
1.0
 37
0.0
 76
     0
330
1B
  0
LAYOUT
  5
26
102
{ACAD_REACTORS
330
1A
102
}
330
1A
100
AcDbPlotSettings
  1

  2
none_device
  4

  6

 40
0.0
 41
0.0
 42
0.0
 43
0.0
 44
0.0
 45
0.0
 46
0.0
 47
0.0
 48
0.0
 49
0.0
140
0.0
141
0.0
142
1.0
143
1.0
 70
   688
 72
     1
 73
     0
 74
     5
  7

 75
    16
 76
     0
 77
     2
 78
   300
147
1.0
148
0.0
149
0.0
100
AcDbLayout
  1
Layout2
 70
     1
 71
     2
 10
0.0
 20
0.0
 11
0.0
 21
0.0
 12
0.0
 22
0.0
 32
0.0
 14
0.0
 24
0.0
 34
0.0
 15
0.0
 25
0.0
 35
0.0
146
0.0
 13
0.0
 23
0.0
 33
0.0
 16
1.0
 26
0.0
 36
0.0
 17
0.0
 27
1.0
 37
0.0
 76
     0
330
23
  0
LAYOUT
  5
22
102
{ACAD_REACTORS
330
1A
102
}
330
1A
100
AcDbPlotSettings
  1

  2
none_device
  4
Letter_(8.50_x_11.00_Inches)
  6

 40
6.35
 41
6.35
 42
6.35000508
 43
6.35000508
 44
215.9
 45
279.4
 46
0.0
 47
0.0
 48
0.0
 49
0.0
140
0.0
141
0.0
142
1.0
143
1.0
 70
  1712
 72
     1
 73
     0
 74
     0
  7

 75
     0
 76
     0
 77
     2
 78
   300
147
1.0
148
0.0
149
0.0
100
AcDbLayout
  1
Model
 70
     1
 71
     0
 10
0.0
 20
0.0
 11
420.0
 21
297.0
 12
0.0
 22
0.0
 32
0.0
 14
0.0
 24
-805.6748709772426
 34
0.0
 15
1552.647672533721
 25
338.2647860360591
 35
0.0
146
0.0
 13
0.0
 23
0.0
 33
0.0
 16
1.0
 26
0.0
 36
0.0
 17
0.0
 27
1.0
 37
0.0
 76
     0
330
1F
331
29
  0
MATERIAL
  5
45
102
{ACAD_REACTORS
330
43
102
}
330
43
100
AcDbMaterial
  1
ByBlock
 72
     1
 94
      127
  0
MATERIAL
  5
44
102
{ACAD_REACTORS
330
43
102
}
330
43
100
AcDbMaterial
  1
ByLayer
 72
     1
 94
      127
  0
MATERIAL
  5
46
102
{ACAD_REACTORS
330
43
102
}
330
43
100
AcDbMaterial
  1
Global
 72
     1
 94
      127
  0
MLEADERSTYLE
  5
5C
102
{ACAD_REACTORS
330
5B
102
}
330
5B
100
AcDbMLeaderStyle
179
     2
170
     2
171
     1
172
     0
 90
        2
 40
0.0
 41
0.0
173
     1
 91
-1056964608
340
14
 92
       -2
290
     1
 42
2.0
291
     1
 43
8.0
  3
Standard
341
0
 44
4.0
300

342
11
174
     1
178
     6
175
     1
176
     0
 93
-1056964608
 45
4.0
292
     0
297
     0
 46
4.0
343
0
 94
-1056964608
 47
1.0
 49
1.0
140
1.0
293
     1
141
0.0
294
     1
177
     0
142
1.0
295
     0
296
     0
143
3.75
271
     0
272
     9
273
     9
298
     0
  0
MLINESTYLE
  5
18
102
{ACAD_REACTORS
330
17
102
}
330
17
100
AcDbMlineStyle
  2
Standard
 70
     0
  3

 62
   256
 51
90.0
 52
90.0
 71
     2
 49
0.5
 62
   256
  6
BYLAYER
 49
-0.5
 62
   256
  6
BYLAYER
  0
ACDBPLACEHOLDER
  5
F
102
{ACAD_REACTORS
330
E
102
}
330
E
  0
SCALE
  5
48
102
{ACAD_REACTORS
330
47
102
}
330
47
100
AcDbScale
 70
     0
300
1:1
140
1.0
141
1.0
290
     1
  0
SCALE
  5
49
102
{ACAD_REACTORS
330
47
102
}
330
47
100
AcDbScale
 70
     0
300
1:2
140
1.0
141
2.0
290
     0
  0
SCALE
  5
4A
102
{ACAD_REACTORS
330
47
102
}
330
47
100
AcDbScale
 70
     0
300
1:4
140
1.0
141
4.0
290
     0
  0
SCALE
  5
4B
102
{ACAD_REACTORS
330
47
102
}
330
47
100
AcDbScale
 70
     0
300
1:5
140
1.0
141
5.0
290
     0
  0
SCALE
  5
4C
102
{ACAD_REACTORS
330
47
102
}
330
47
100
AcDbScale
 70
     0
300
1:8
140
1.0
141
8.0
290
     0
  0
SCALE
  5
4D
102
{ACAD_REACTORS
330
47
102
}
330
47
100
AcDbScale
 70
     0
300
1:10
140
1.0
141
10.0
290
     0
  0
SCALE
  5
4E
102
{ACAD_REACTORS
330
47
102
}
330
47
100
AcDbScale
 70
     0
300
1:16
140
1.0
141
16.0
290
     0
  0
SCALE
  5
4F
102
{ACAD_REACTORS
330
47
102
}
330
47
100
AcDbScale
 70
     0
300
1:20
140
1.0
141
20.0
290
     0
  0
SCALE
  5
50
102
{ACAD_REACTORS
330
47
102
}
330
47
100
AcDbScale
 70
     0
300
1:30
140
1.0
141
30.0
290
     0
  0
SCALE
  5
51
102
{ACAD_REACTORS
330
47
102
}
330
47
100
AcDbScale
 70
     0
300
1:40
140
1.0
141
40.0
290
     0
  0
SCALE
  5
52
102
{ACAD_REACTORS
330
47
102
}
330
47
100
AcDbScale
 70
     0
300
1:50
140
1.0
141
50.0
290
     0
  0
SCALE
  5
53
102
{ACAD_REACTORS
330
47
102
}
330
47
100
AcDbScale
 70
     0
300
1:100
140
1.0
141
100.0
290
     0
  0
SCALE
  5
54
102
{ACAD_REACTORS
330
47
102
}
330
47
100
AcDbScale
 70
     0
300
2:1
140
2.0
141
1.0
290
     0
  0
SCALE
  5
55
102
{ACAD_REACTORS
330
47
102
}
330
47
100
AcDbScale
 70
     0
300
4:1
140
4.0
141
1.0
290
     0
  0
SCALE
  5
56
102
{ACAD_REACTORS
330
47
102
}
330
47
100
AcDbScale
 70
     0
300
8:1
140
8.0
141
1.0
290
     0
  0
SCALE
  5
57
102
{ACAD_REACTORS
330
47
102
}
330
47
100
AcDbScale
 70
     0
300
10:1
140
10.0
141
1.0
290
     0
  0
SCALE
  5
58
102
{ACAD_REACTORS
330
47
102
}
330
47
100
AcDbScale
 70
     0
300
100:1
140
100.0
141
1.0
290
     0
  0
TABLESTYLE
  5
5A
102
{ACAD_REACTORS
330
59
102
}
102
{ACAD_XDICTIONARY
360
543
102
}
330
59
100
AcDbTableStyle
  3
Standard
 70
     0
 71
     0
 40
0.06
 41
0.06
280
     0
281
     0
  7
Standard
140
4.5
170
     2
 62
     0
 63
   257
283
     0
 90
        4
 91
        0
  1

274
    -2
284
     1
 64
     0
275
    -2
285
     1
 65
     0
276
    -2
286
     1
 66
     0
277
    -2
287
     1
 67
     0
278
    -2
288
     1
 68
     0
279
    -2
289
     1
 69
     0
  7
Standard
140
6.0
170
     5
 62
     0
 63
   257
283
     0
 90
        4
 91
        0
  1

274
    -2
284
     1
 64
     0
275
    -2
285
     1
 65
     0
276
    -2
286
     1
 66
     0
277
    -2
287
     1
 67
     0
278
    -2
288
     1
 68
     0
279
    -2
289
     1
 69
     0
  7
Standard
140
4.5
170
     5
 62
     0
 63
   257
283
     0
 90
        4
 91
        0
  1

274
    -2
284
     1
 64
     0
275
    -2
285
     1
 65
     0
276
    -2
286
     1
 66
     0
277
    -2
287
     1
 67
     0
278
    -2
288
     1
 68
     0
279
    -2
289
     1
 69
     0
  0
VISUALSTYLE
  5
2F
102
{ACAD_REACTORS
330
2A
102
}
330
2A
100
AcDbVisualStyle
  2
2dWireframe
 70
     4
177
     3
291
     0
 70
    58
 90
        0
176
     1
 90
        2
176
     1
 90
        0
176
     1
 90
        0
176
     1
 40
0.6
176
     1
 40
30.0
176
     1
 62
     7
420
 16777215
176
     1
 90
        1
176
     1
 90
        4
176
     1
 62
     7
176
     1
 62
   257
176
     1
 90
        1
176
     1
 90
        1
176
     1
 40
1.0
176
     1
 90
        0
176
     1
 62
   257
176
     1
 40
1.0
176
     1
 90
        1
176
     1
 90
        6
176
     1
 90
        2
176
     1
 62
     7
176
     1
 90
        5
176
     1
 90
        0
176
     1
 90
        0
176
     1
290
     0
176
     1
 90
        1
176
     1
 40
0.0
176
     1
 90
        0
176
     1
290
     1
176
     1
290
     1
176
     1
290
     0
176
     1
290
     0
176
     1
290
     0
176
     1
290
     0
176
     1
290
     0
176
     1
290
     0
176
     1
290
     0
176
     1
 90
       50
176
     1
 40
0.0
176
     1
 40
1.0
176
     1
 90
        0
176
     1
 62
    18
420
        0
176
     1
 90
       50
176
     1
 90
        3
176
     1
 62
     5
420
      255
176
     1
290
     0
176
     1
 90
       50
176
     1
 90
       50
176
     1
 90
       50
176
     1
290
     0
176
     1
 90
       50
176
     1
 62
   256
176
     0
 40
1.0
176
     0
 90
        2
176
     1
  1
strokes_ogs.tif
176
     1
290
     0
176
     1
 40
1.0
176
     1
 40
1.0
176
     1
  0
VISUALSTYLE
  5
32
102
{ACAD_REACTORS
330
2A
102
}
330
2A
100
AcDbVisualStyle
  2
Basic
 70
     7
177
     3
291
     1
 70
    58
 90
        1
176
     1
 90
        0
176
     1
 90
        1
176
     1
 90
        0
176
     1
 40
0.6
176
     1
 40
30.0
176
     1
 62
     7
420
 16777215
176
     1
 90
        0
176
     1
 90
        4
176
     1
 62
     7
176
     1
 62
   257
176
     1
 90
        1
176
     1
 90
        1
176
     1
 40
1.0
176
     1
 90
        8
176
     1
 62
     7
176
     1
 40
1.0
176
     1
 90
        1
176
     1
 90
        6
176
     1
 90
        2
176
     1
 62
     7
176
     1
 90
        5
176
     1
 90
        0
176
     1
 90
        0
176
     1
290
     0
176
     1
 90
        1
176
     1
 40
0.0
176
     1
 90
        0
176
     1
290
     0
176
     1
290
     1
176
     1
290
     1
176
     1
290
     0
176
     1
290
     0
176
     1
290
     0
176
     1
290
     0
176
     1
290
     0
176
     1
290
     0
176
     1
 90
       50
176
     1
 40
0.0
176
     1
 40
1.0
176
     1
 90
        0
176
     1
 62
    18
420
        0
176
     1
 90
       50
176
     1
 90
        3
176
     1
 62
     5
420
      255
176
     1
290
     0
176
     1
 90
       50
176
     1
 90
       50
176
     1
 90
       50
176
     1
290
     0
176
     1
 90
       50
176
     1
 62
   256
176
     0
 40
1.0
176
     0
 90
        2
176
     1
  1
strokes_ogs.tif
176
     1
290
     0
176
     1
 40
1.0
176
     1
 40
1.0
176
     1
  0
VISUALSTYLE
  5
36
102
{ACAD_REACTORS
330
2A
102
}
330
2A
100
AcDbVisualStyle
  2
Brighten
 70
    12
177
     3
291
     1
 70
    58
 90
        2
176
     1
 90
        2
176
     1
 90
        0
176
     1
 90
        0
176
     1
 40
0.6
176
     1
 40
30.0
176
     1
 62
     7
420
 16777215
176
     1
 90
        1
176
     1
 90
        4
176
     1
 62
     7
176
     1
 62
   257
176
     1
 90
        1
176
     1
 90
        1
176
     1
 40
1.0
176
     1
 90
        8
176
     1
 62
     7
176
     1
 40
1.0
176
     1
 90
        1
176
     1
 90
        6
176
     1
 90
        2
176
     1
 62
     7
176
     1
 90
        5
176
     1
 90
        0
176
     1
 90
        0
176
     1
290
     0
176
     1
 90
        1
176
     1
 40
50.0
176
     1
 90
        0
176
     1
290
     0
176
     1
290
     1
176
     1
290
     1
176
     1
290
     0
176
     1
290
     0
176
     1
290
     0
176
     1
290
     0
176
     1
290
     0
176
     1
290
     0
176
     1
 90
       50
176
     1
 40
0.0
176
     1
 40
1.0
176
     1
 90
        0
176
     1
 62
    18
420
        0
176
     1
 90
       50
176
     1
 90
        3
176
     1
 62
     5
420
      255
176
     1
290
     0
176
     1
 90
       50
176
     1
 90
       50
176
     1
 90
       50
176
     1
290
     0
176
     1
 90
       50
176
     1
 62
   256
176
     0
 40
1.0
176
     0
 90
        2
176
     1
  1
strokes_ogs.tif
176
     1
290
     0
176
     1
 40
1.0
176
     1
 40
1.0
176
     1
  0
VISUALSTYLE
  5
3A
102
{ACAD_REACTORS
330
2A
102
}
330
2A
100
AcDbVisualStyle
  2
ColorChange
 70
    16
177
     3
291
     1
 70
    58
 90
        2
176
     1
 90
        2
176
     1
 90
        3
176
     1
 90
        0
176
     1
 40
0.6
176
     1
 40
30.0
176
     1
 62
     8
420
  8421504
176
     1
 90
        1
176
     1
 90
        4
176
     1
 62
     7
176
     1
 62
   257
176
     1
 90
        1
176
     1
 90
        1
176
     1
 40
1.0
176
     1
 90
        8
176
     1
 62
     8
420
  8421504
176
     1
 40
1.0
176
     1
 90
        1
176
     1
 90
        6
176
     1
 90
        2
176
     1
 62
     7
176
     1
 90
        5
176
     1
 90
        0
176
     1
 90
        0
176
     1
290
     0
176
     1
 90
        1
176
     1
 40
0.0
176
     1
 90
        0
176
     1
290
     0
176
     1
290
     1
176
     1
290
     1
176
     1
290
     0
176
     1
290
     0
176
     1
290
     0
176
     1
290
     0
176
     1
290
     0
176
     1
290
     0
176
     1
 90
       50
176
     1
 40
0.0
176
     1
 40
1.0
176
     1
 90
        0
176
     1
 62
    18
420
        0
176
     1
 90
       50
176
     1
 90
        3
176
     1
 62
     5
420
      255
176
     1
290
     0
176
     1
 90
       50
176
     1
 90
       50
176
     1
 90
       50
176
     1
290
     0
176
     1
 90
       50
176
     1
 62
   256
176
     0
 40
1.0
176
     0
 90
        2
176
     1
  1
strokes_ogs.tif
176
     1
290
     0
176
     1
 40
1.0
176
     1
 40
1.0
176
     1
  0
VISUALSTYLE
  5
34
102
{ACAD_REACTORS
330
2A
102
}
330
2A
100
AcDbVisualStyle
  2
Conceptual
 70
     9
177
     3
291
     0
 70
    58
 90
        3
176
     1
 90
        2
176
     1
 90
        0
176
     1
 90
        0
176
     1
 40
0.6
176
     1
 40
30.0
176
     1
 62
     7
420
 16777215
176
     1
 90
        2
176
     1
 90
        2
176
     1
 62
     7
176
     1
 62
   257
176
     1
 90
        1
176
     1
 90
        1
176
     1
 40
179.0
176
     1
 90
        8
176
     1
 62
     7
176
     1
 40
1.0
176
     1
 90
        1
176
     1
 90
        6
176
     1
 90
        2
176
     1
 62
     7
176
     1
 90
        3
176
     1
 90
        0
176
     1
 90
        0
176
     1
290
     0
176
     1
 90
        1
176
     1
 40
0.0
176
     1
 90
        0
176
     1
290
     0
176
     1
290
     1
176
     1
290
     1
176
     1
290
     0
176
     1
290
     0
176
     1
290
     0
176
     1
290
     0
176
     1
290
     0
176
     1
290
     0
176
     1
 90
       50
176
     1
 40
0.0
176
     1
 40
1.0
176
     1
 90
        0
176
     1
 62
    18
420
        0
176
     1
 90
       50
176
     1
 90
        3
176
     1
 62
     5
420
      255
176
     1
290
     0
176
     1
 90
       50
176
     1
 90
       50
176
     1
 90
       50
176
     1
290
     0
176
     1
 90
       50
176
     1
 62
   256
176
     0
 40
1.0
176
     0
 90
        2
176
     1
  1
strokes_ogs.tif
176
     1
290
     0
176
     1
 40
1.0
176
     1
 40
1.0
176
     1
  0
VISUALSTYLE
  5
35
102
{ACAD_REACTORS
330
2A
102
}
330
2A
100
AcDbVisualStyle
  2
Dim
 70
    11
177
     3
291
     1
 70
    58
 90
        2
176
     1
 90
        2
176
     1
 90
        0
176
     1
 90
        0
176
     1
 40
0.6
176
     1
 40
30.0
176
     1
 62
     7
420
 16777215
176
     1
 90
        1
176
     1
 90
        4
176
     1
 62
     7
176
     1
 62
   257
176
     1
 90
        1
176
     1
 90
        1
176
     1
 40
1.0
176
     1
 90
        8
176
     1
 62
     7
176
     1
 40
1.0
176
     1
 90
        1
176
     1
 90
        6
176
     1
 90
        2
176
     1
 62
     7
176
     1
 90
        5
176
     1
 90
        0
176
     1
 90
        0
176
     1
290
     0
176
     1
 90
        1
176
     1
 40
-50.0
176
     1
 90
        0
176
     1
290
     0
176
     1
290
     1
176
     1
290
     1
176
     1
290
     0
176
     1
290
     0
176
     1
290
     0
176
     1
290
     0
176
     1
290
     0
176
     1
290
     0
176
     1
 90
       50
176
     1
 40
0.0
176
     1
 40
1.0
176
     1
 90
        0
176
     1
 62
    18
420
        0
176
     1
 90
       50
176
     1
 90
        3
176
     1
 62
     5
420
      255
176
     1
290
     0
176
     1
 90
       50
176
     1
 90
       50
176
     1
 90
       50
176
     1
290
     0
176
     1
 90
       50
176
     1
 62
   256
176
     0
 40
1.0
176
     0
 90
        2
176
     1
  1
strokes_ogs.tif
176
     1
290
     0
176
     1
 40
1.0
176
     1
 40
1.0
176
     1
  0
VISUALSTYLE
  5
3D
102
{ACAD_REACTORS
330
2A
102
}
330
2A
100
AcDbVisualStyle
  2
EdgeColorOff
 70
    22
177
     3
291
     1
 70
    58
 90
        2
176
     0
 90
        2
176
     0
 90
        0
176
     0
 90
        0
176
     0
 40
0.6
176
     0
 40
30.0
176
     0
 62
     7
420
 16777215
176
     0
 90
        1
176
     0
 90
        4
176
     0
 62
     7
176
     0
 62
   257
176
     0
 90
        1
176
     0
 90
        1
176
     0
 40
1.0
176
     0
 90
        8
176
     2
 62
     7
176
     0
 40
1.0
176
     0
 90
        1
176
     0
 90
        6
176
     0
 90
        2
176
     0
 62
     7
176
     0
 90
        5
176
     0
 90
        0
176
     0
 90
        0
176
     0
290
     0
176
     0
 90
        1
176
     0
 40
0.0
176
     0
 90
        0
176
     0
290
     0
176
     0
290
     1
176
     0
290
     1
176
     0
290
     0
176
     0
290
     0
176
     0
290
     0
176
     0
290
     0
176
     0
290
     0
176
     0
290
     0
176
     0
 90
       50
176
     0
 40
0.0
176
     0
 40
1.0
176
     0
 90
        0
176
     0
 62
    18
420
        0
176
     0
 90
       50
176
     0
 90
        3
176
     0
 62
     5
420
      255
176
     0
290
     0
176
     0
 90
       50
176
     0
 90
       50
176
     0
 90
       50
176
     0
290
     0
176
     0
 90
       50
176
     0
 62
   256
176
     0
 40
1.0
176
     0
 90
        2
176
     0
  1
strokes_ogs.tif
176
     0
290
     0
176
     0
 40
1.0
176
     0
 40
1.0
176
     0
  0
VISUALSTYLE
  5
39
102
{ACAD_REACTORS
330
2A
102
}
330
2A
100
AcDbVisualStyle
  2
Facepattern
 70
    15
177
     3
291
     1
 70
    58
 90
        2
176
     1
 90
        2
176
     1
 90
        0
176
     1
 90
        0
176
     1
 40
0.6
176
     1
 40
30.0
176
     1
 62
     7
420
 16777215
176
     1
 90
        1
176
     1
 90
        4
176
     1
 62
     7
176
     1
 62
   257
176
     1
 90
        1
176
     1
 90
        1
176
     1
 40
1.0
176
     1
 90
        8
176
     1
 62
     7
176
     1
 40
1.0
176
     1
 90
        1
176
     1
 90
        6
176
     1
 90
        2
176
     1
 62
     7
176
     1
 90
        5
176
     1
 90
        0
176
     1
 90
        0
176
     1
290
     0
176
     1
 90
        1
176
     1
 40
0.0
176
     1
 90
        0
176
     1
290
     0
176
     1
290
     1
176
     1
290
     1
176
     1
290
     0
176
     1
290
     0
176
     1
290
     0
176
     1
290
     0
176
     1
290
     0
176
     1
290
     0
176
     1
 90
       50
176
     1
 40
0.0
176
     1
 40
1.0
176
     1
 90
        0
176
     1
 62
    18
420
        0
176
     1
 90
       50
176
     1
 90
        3
176
     1
 62
     5
420
      255
176
     1
290
     0
176
     1
 90
       50
176
     1
 90
       50
176
     1
 90
       50
176
     1
290
     0
176
     1
 90
       50
176
     1
 62
   256
176
     0
 40
1.0
176
     0
 90
        2
176
     1
  1
strokes_ogs.tif
176
     1
290
     0
176
     1
 40
1.0
176
     1
 40
1.0
176
     1
  0
VISUALSTYLE
  5
2B
102
{ACAD_REACTORS
330
2A
102
}
330
2A
100
AcDbVisualStyle
  2
Flat
 70
     0
177
     3
291
     1
 70
    58
 90
        2
176
     1
 90
        1
176
     1
 90
        1
176
     1
 90
        2
176
     1
 40
0.6
176
     1
 40
30.0
176
     1
 62
     7
420
 16777215
176
     1
 90
        0
176
     1
 90
        0
176
     1
 62
     7
176
     1
 62
   257
176
     1
 90
        1
176
     1
 90
        1
176
     1
 40
1.0
176
     1
 90
        8
176
     1
 62
     7
176
     1
 40
1.0
176
     1
 90
        1
176
     1
 90
        6
176
     1
 90
        2
176
     1
 62
     7
176
     1
 90
        5
176
     1
 90
        0
176
     1
 90
        0
176
     1
290
     0
176
     1
 90
       13
176
     1
 40
0.0
176
     1
 90
        0
176
     1
290
     0
176
     1
290
     1
176
     1
290
     1
176
     1
290
     0
176
     1
290
     0
176
     1
290
     0
176
     1
290
     0
176
     1
290
     0
176
     1
290
     0
176
     1
 90
       50
176
     1
 40
0.0
176
     1
 40
1.0
176
     1
 90
        0
176
     1
 62
    18
420
        0
176
     1
 90
       50
176
     1
 90
        3
176
     1
 62
     5
420
      255
176
     1
290
     0
176
     1
 90
       50
176
     1
 90
       50
176
     1
 90
       50
176
     1
290
     0
176
     1
 90
       50
176
     1
 62
   256
176
     0
 40
1.0
176
     0
 90
        2
176
     1
  1
strokes_ogs.tif
176
     1
290
     0
176
     1
 40
1.0
176
     1
 40
1.0
176
     1
  0
VISUALSTYLE
  5
2C
102
{ACAD_REACTORS
330
2A
102
}
330
2A
100
AcDbVisualStyle
  2
FlatWithEdges
 70
     1
177
     3
291
     1
 70
    58
 90
        2
176
     1
 90
        1
176
     1
 90
        1
176
     1
 90
        2
176
     1
 40
0.6
176
     1
 40
30.0
176
     1
 62
     7
420
 16777215
176
     1
 90
        1
176
     1
 90
        0
176
     1
 62
     7
176
     1
 62
   257
176
     1
 90
        1
176
     1
 90
        1
176
     1
 40
1.0
176
     1
 90
        0
176
     1
 62
   257
176
     1
 40
1.0
176
     1
 90
        1
176
     1
 90
        6
176
     1
 90
        2
176
     1
 62
     7
176
     1
 90
        5
176
     1
 90
        0
176
     1
 90
        0
176
     1
290
     0
176
     1
 90
       13
176
     1
 40
0.0
176
     1
 90
        0
176
     1
290
     0
176
     1
290
     1
176
     1
290
     1
176
     1
290
     0
176
     1
290
     0
176
     1
290
     0
176
     1
290
     0
176
     1
290
     0
176
     1
290
     0
176
     1
 90
       50
176
     1
 40
0.0
176
     1
 40
1.0
176
     1
 90
        0
176
     1
 62
    18
420
        0
176
     1
 90
       50
176
     1
 90
        3
176
     1
 62
     5
420
      255
176
     1
290
     0
176
     1
 90
       50
176
     1
 90
       50
176
     1
 90
       50
176
     1
290
     0
176
     1
 90
       50
176
     1
 62
   256
176
     0
 40
1.0
176
     0
 90
        2
176
     1
  1
strokes_ogs.tif
176
     1
290
     0
176
     1
 40
1.0
176
     1
 40
1.0
176
     1
  0
VISUALSTYLE
  5
2D
102
{ACAD_REACTORS
330
2A
102
}
330
2A
100
AcDbVisualStyle
  2
Gouraud
 70
     2
177
     3
291
     1
 70
    58
 90
        2
176
     1
 90
        2
176
     1
 90
        1
176
     1
 90
        2
176
     1
 40
0.6
176
     1
 40
30.0
176
     1
 62
     7
420
 16777215
176
     1
 90
        0
176
     1
 90
        0
176
     1
 62
     7
176
     1
 62
   257
176
     1
 90
        1
176
     1
 90
        1
176
     1
 40
1.0
176
     1
 90
        0
176
     1
 62
     7
176
     1
 40
1.0
176
     1
 90
        1
176
     1
 90
        6
176
     1
 90
        2
176
     1
 62
     7
176
     1
 90
        5
176
     1
 90
        0
176
     1
 90
        0
176
     1
290
     0
176
     1
 90
       13
176
     1
 40
0.0
176
     1
 90
        0
176
     1
290
     0
176
     1
290
     1
176
     1
290
     1
176
     1
290
     0
176
     1
290
     0
176
     1
290
     0
176
     1
290
     0
176
     1
290
     0
176
     1
290
     0
176
     1
 90
       50
176
     1
 40
0.0
176
     1
 40
1.0
176
     1
 90
        0
176
     1
 62
    18
420
        0
176
     1
 90
       50
176
     1
 90
        3
176
     1
 62
     5
420
      255
176
     1
290
     0
176
     1
 90
       50
176
     1
 90
       50
176
     1
 90
       50
176
     1
290
     0
176
     1
 90
       50
176
     1
 62
   256
176
     0
 40
1.0
176
     0
 90
        2
176
     1
  1
strokes_ogs.tif
176
     1
290
     0
176
     1
 40
1.0
176
     1
 40
1.0
176
     1
  0
VISUALSTYLE
  5
2E
102
{ACAD_REACTORS
330
2A
102
}
330
2A
100
AcDbVisualStyle
  2
GouraudWithEdges
 70
     3
177
     3
291
     1
 70
    58
 90
        2
176
     1
 90
        2
176
     1
 90
        1
176
     1
 90
        2
176
     1
 40
0.6
176
     1
 40
30.0
176
     1
 62
     7
420
 16777215
176
     1
 90
        1
176
     1
 90
        0
176
     1
 62
     7
176
     1
 62
   257
176
     1
 90
        1
176
     1
 90
        1
176
     1
 40
1.0
176
     1
 90
        0
176
     1
 62
   257
176
     1
 40
1.0
176
     1
 90
        1
176
     1
 90
        6
176
     1
 90
        2
176
     1
 62
     7
176
     1
 90
        5
176
     1
 90
        0
176
     1
 90
        0
176
     1
290
     0
176
     1
 90
       13
176
     1
 40
0.0
176
     1
 90
        0
176
     1
290
     0
176
     1
290
     1
176
     1
290
     1
176
     1
290
     0
176
     1
290
     0
176
     1
290
     0
176
     1
290
     0
176
     1
290
     0
176
     1
290
     0
176
     1
 90
       50
176
     1
 40
0.0
176
     1
 40
1.0
176
     1
 90
        0
176
     1
 62
    18
420
        0
176
     1
 90
       50
176
     1
 90
        3
176
     1
 62
     5
420
      255
176
     1
290
     0
176
     1
 90
       50
176
     1
 90
       50
176
     1
 90
       50
176
     1
290
     0
176
     1
 90
       50
176
     1
 62
   256
176
     0
 40
1.0
176
     0
 90
        2
176
     1
  1
strokes_ogs.tif
176
     1
290
     0
176
     1
 40
1.0
176
     1
 40
1.0
176
     1
  0
VISUALSTYLE
  5
31
102
{ACAD_REACTORS
330
2A
102
}
330
2A
100
AcDbVisualStyle
  2
Hidden
 70
     6
177
     3
291
     0
 70
    58
 90
        1
176
     1
 90
        2
176
     1
 90
        2
176
     1
 90
        0
176
     1
 40
0.6
176
     1
 40
30.0
176
     1
 62
     7
420
 16777215
176
     1
 90
        2
176
     1
 90
        2
176
     1
 62
     7
176
     1
 62
   257
176
     1
 90
        2
176
     1
 90
        1
176
     1
 40
40.0
176
     1
 90
        0
176
     1
 62
   257
176
     1
 40
1.0
176
     1
 90
        1
176
     1
 90
        6
176
     1
 90
        2
176
     1
 62
     7
176
     1
 90
        3
176
     1
 90
        0
176
     1
 90
        0
176
     1
290
     0
176
     1
 90
        1
176
     1
 40
0.0
176
     1
 90
        0
176
     1
290
     0
176
     1
290
     1
176
     1
290
     1
176
     1
290
     0
176
     1
290
     0
176
     1
290
     0
176
     1
290
     0
176
     1
290
     0
176
     1
290
     0
176
     1
 90
       50
176
     1
 40
0.0
176
     1
 40
1.0
176
     1
 90
        0
176
     1
 62
    18
420
        0
176
     1
 90
       50
176
     1
 90
        3
176
     1
 62
     5
420
      255
176
     1
290
     0
176
     1
 90
       50
176
     1
 90
       50
176
     1
 90
       50
176
     1
290
     0
176
     1
 90
       50
176
     1
 62
   256
176
     0
 40
1.0
176
     0
 90
        2
176
     1
  1
strokes_ogs.tif
176
     1
290
     0
176
     1
 40
1.0
176
     1
 40
1.0
176
     1
  0
VISUALSTYLE
  5
3B
102
{ACAD_REACTORS
330
2A
102
}
330
2A
100
AcDbVisualStyle
  2
JitterOff
 70
    20
177
     3
291
     1
 70
    58
 90
        2
176
     0
 90
        2
176
     0
 90
        0
176
     0
 90
        0
176
     0
 40
0.6
176
     0
 40
30.0
176
     0
 62
     7
420
 16777215
176
     0
 90
        1
176
     0
 90
        4
176
     0
 62
     7
176
     0
 62
   257
176
     0
 90
        1
176
     0
 90
        1
176
     0
 40
1.0
176
     0
 90
       10
176
     2
 62
     7
176
     0
 40
1.0
176
     0
 90
        1
176
     0
 90
        6
176
     0
 90
        2
176
     0
 62
     7
176
     0
 90
        5
176
     0
 90
        0
176
     0
 90
        0
176
     0
290
     0
176
     0
 90
        1
176
     0
 40
0.0
176
     0
 90
        0
176
     0
290
     0
176
     0
290
     1
176
     0
290
     1
176
     0
290
     0
176
     0
290
     0
176
     0
290
     0
176
     0
290
     0
176
     0
290
     0
176
     0
290
     0
176
     0
 90
       50
176
     0
 40
0.0
176
     0
 40
1.0
176
     0
 90
        0
176
     0
 62
    18
420
        0
176
     0
 90
       50
176
     0
 90
        3
176
     0
 62
     5
420
      255
176
     0
290
     0
176
     0
 90
       50
176
     0
 90
       50
176
     0
 90
       50
176
     0
290
     0
176
     0
 90
       50
176
     0
 62
   256
176
     0
 40
1.0
176
     0
 90
        2
176
     0
  1
strokes_ogs.tif
176
     0
290
     0
176
     0
 40
1.0
176
     0
 40
1.0
176
     0
  0
VISUALSTYLE
  5
38
102
{ACAD_REACTORS
330
2A
102
}
330
2A
100
AcDbVisualStyle
  2
Linepattern
 70
    14
177
     3
291
     1
 70
    58
 90
        2
176
     1
 90
        2
176
     1
 90
        0
176
     1
 90
        0
176
     1
 40
0.6
176
     1
 40
30.0
176
     1
 62
     7
420
 16777215
176
     1
 90
        1
176
     1
 90
        4
176
     1
 62
     7
176
     1
 62
   257
176
     1
 90
        7
176
     1
 90
        7
176
     1
 40
1.0
176
     1
 90
        8
176
     1
 62
     7
176
     1
 40
1.0
176
     1
 90
        1
176
     1
 90
        6
176
     1
 90
        2
176
     1
 62
     7
176
     1
 90
        5
176
     1
 90
        0
176
     1
 90
        0
176
     1
290
     0
176
     1
 90
        1
176
     1
 40
0.0
176
     1
 90
        0
176
     1
290
     0
176
     1
290
     1
176
     1
290
     1
176
     1
290
     0
176
     1
290
     0
176
     1
290
     0
176
     1
290
     0
176
     1
290
     0
176
     1
290
     0
176
     1
 90
       50
176
     1
 40
0.0
176
     1
 40
1.0
176
     1
 90
        0
176
     1
 62
    18
420
        0
176
     1
 90
       50
176
     1
 90
        3
176
     1
 62
     5
420
      255
176
     1
290
     0
176
     1
 90
       50
176
     1
 90
       50
176
     1
 90
       50
176
     1
290
     0
176
     1
 90
       50
176
     1
 62
   256
176
     0
 40
1.0
176
     0
 90
        2
176
     1
  1
strokes_ogs.tif
176
     1
290
     0
176
     1
 40
1.0
176
     1
 40
1.0
176
     1
  0
VISUALSTYLE
  5
3C
102
{ACAD_REACTORS
330
2A
102
}
330
2A
100
AcDbVisualStyle
  2
OverhangOff
 70
    21
177
     3
291
     1
 70
    58
 90
        2
176
     0
 90
        2
176
     0
 90
        0
176
     0
 90
        0
176
     0
 40
0.6
176
     0
 40
30.0
176
     0
 62
     7
420
 16777215
176
     0
 90
        1
176
     0
 90
        4
176
     0
 62
     7
176
     0
 62
   257
176
     0
 90
        1
176
     0
 90
        1
176
     0
 40
1.0
176
     0
 90
        9
176
     2
 62
     7
176
     0
 40
1.0
176
     0
 90
        1
176
     0
 90
        6
176
     0
 90
        2
176
     0
 62
     7
176
     0
 90
        5
176
     0
 90
        0
176
     0
 90
        0
176
     0
290
     0
176
     0
 90
        1
176
     0
 40
0.0
176
     0
 90
        0
176
     0
290
     0
176
     0
290
     1
176
     0
290
     1
176
     0
290
     0
176
     0
290
     0
176
     0
290
     0
176
     0
290
     0
176
     0
290
     0
176
     0
290
     0
176
     0
 90
       50
176
     0
 40
0.0
176
     0
 40
1.0
176
     0
 90
        0
176
     0
 62
    18
420
        0
176
     0
 90
       50
176
     0
 90
        3
176
     0
 62
     5
420
      255
176
     0
290
     0
176
     0
 90
       50
176
     0
 90
       50
176
     0
 90
       50
176
     0
290
     0
176
     0
 90
       50
176
     0
 62
   256
176
     0
 40
1.0
176
     0
 90
        2
176
     0
  1
strokes_ogs.tif
176
     0
290
     0
176
     0
 40
1.0
176
     0
 40
1.0
176
     0
  0
VISUALSTYLE
  5
33
102
{ACAD_REACTORS
330
2A
102
}
330
2A
100
AcDbVisualStyle
  2
Realistic
 70
     8
177
     3
291
     0
 70
    58
 90
        2
176
     1
 90
        3
176
     1
 90
        0
176
     1
 90
        2
176
     1
 40
0.6
176
     1
 40
30.0
176
     1
 62
     7
420
 16777215
176
     1
 90
        0
176
     1
 90
        0
176
     1
 62
     7
176
     1
 62
   257
176
     1
 90
        1
176
     1
 90
        1
176
     1
 40
1.0
176
     1
 90
        8
176
     1
 62
   257
176
     1
 40
1.0
176
     1
 90
        1
176
     1
 90
        6
176
     1
 90
        2
176
     1
 62
     7
176
     1
 90
        3
176
     1
 90
        0
176
     1
 90
        0
176
     1
290
     0
176
     1
 90
       13
176
     1
 40
0.0
176
     1
 90
        0
176
     1
290
     0
176
     1
290
     1
176
     1
290
     1
176
     1
290
     0
176
     1
290
     0
176
     1
290
     0
176
     1
290
     0
176
     1
290
     0
176
     1
290
     0
176
     1
 90
       50
176
     1
 40
0.0
176
     1
 40
1.0
176
     1
 90
        0
176
     1
 62
    18
420
        0
176
     1
 90
       50
176
     1
 90
        3
176
     1
 62
     5
420
      255
176
     1
290
     0
176
     1
 90
       50
176
     1
 90
       50
176
     1
 90
       50
176
     1
290
     0
176
     1
 90
       50
176
     1
 62
   256
176
     0
 40
1.0
176
     0
 90
        2
176
     1
  1
strokes_ogs.tif
176
     1
290
     0
176
     1
 40
1.0
176
     1
 40
1.0
176
     1
  0
VISUALSTYLE
  5
42
102
{ACAD_REACTORS
330
2A
102
}
330
2A
100
AcDbVisualStyle
  2
Shaded
 70
    27
177
     3
291
     0
 70
    58
 90
        2
176
     1
 90
        2
176
     1
 90
        1
176
     1
 90
        2
176
     1
 40
0.6
176
     1
 40
30.0
176
     1
 62
     7
420
 16777215
176
     1
 90
        0
176
     1
 90
        4
176
     1
 62
     7
176
     1
 62
   257
176
     1
 90
        1
176
     1
 90
        1
176
     1
 40
1.0
176
     1
 90
        8
176
     1
 62
   257
176
     1
 40
1.0
176
     1
 90
        1
176
     1
 90
        6
176
     1
 90
        2
176
     1
 62
     8
420
  7895160
176
     1
 90
        3
176
     1
 90
        0
176
     1
 90
        0
176
     1
290
     0
176
     1
 90
        5
176
     1
 40
0.0
176
     1
 90
        0
176
     1
290
     0
176
     1
290
     1
176
     1
290
     1
176
     1
290
     0
176
     1
290
     0
176
     1
290
     0
176
     1
290
     0
176
     1
290
     0
176
     1
290
     0
176
     1
 90
       50
176
     1
 40
0.0
176
     1
 40
1.0
176
     1
 90
        0
176
     1
 62
    18
420
        0
176
     1
 90
       50
176
     1
 90
        3
176
     1
 62
     5
420
      255
176
     1
290
     0
176
     1
 90
       50
176
     1
 90
       50
176
     1
 90
       50
176
     1
290
     0
176
     1
 90
       50
176
     1
 62
   256
176
     0
 40
1.0
176
     0
 90
        2
176
     1
  1
strokes_ogs.tif
176
     1
290
     0
176
     1
 40
1.0
176
     1
 40
1.0
176
     1
  0
VISUALSTYLE
  5
41
102
{ACAD_REACTORS
330
2A
102
}
330
2A
100
AcDbVisualStyle
  2
Shaded with edges
 70
    26
177
     3
291
     0
 70
    58
 90
        2
176
     1
 90
        2
176
     1
 90
        1
176
     1
 90
        2
176
     1
 40
0.6
176
     1
 40
30.0
176
     1
 62
     7
420
 16777215
176
     1
 90
        1
176
     1
 90
       10
176
     1
 62
     7
176
     1
 62
   257
176
     1
 90
        2
176
     1
 90
        1
176
     1
 40
1.0
176
     1
 90
        8
176
     1
 62
   257
176
     1
 40
1.0
176
     1
 90
        1
176
     1
 90
        6
176
     1
 90
        2
176
     1
 62
     7
176
     1
 90
        3
176
     1
 90
        0
176
     1
 90
        0
176
     1
290
     0
176
     1
 90
        5
176
     1
 40
0.0
176
     1
 90
        0
176
     1
290
     0
176
     1
290
     1
176
     1
290
     1
176
     1
290
     0
176
     1
290
     0
176
     1
290
     0
176
     1
290
     0
176
     1
290
     0
176
     1
290
     0
176
     1
 90
       50
176
     1
 40
0.0
176
     1
 40
1.0
176
     1
 90
        0
176
     1
 62
    18
420
        0
176
     1
 90
       50
176
     1
 90
        3
176
     1
 62
     5
420
      255
176
     1
290
     0
176
     1
 90
       50
176
     1
 90
       50
176
     1
 90
       50
176
     1
290
     0
176
     1
 90
       50
176
     1
 62
   256
176
     0
 40
1.0
176
     0
 90
        2
176
     1
  1
strokes_ogs.tif
176
     1
290
     0
176
     1
 40
1.0
176
     1
 40
1.0
176
     1
  0
VISUALSTYLE
  5
3E
102
{ACAD_REACTORS
330
2A
102
}
330
2A
100
AcDbVisualStyle
  2
Shades of Gray
 70
    23
177
     3
291
     0
 70
    58
 90
        2
176
     1
 90
        2
176
     1
 90
        3
176
     1
 90
        0
176
     1
 40
0.6
176
     1
 40
30.0
176
     1
 62
     7
420
 16777215
176
     1
 90
        2
176
     1
 90
        2
176
     1
 62
     7
176
     1
 62
     7
176
     1
 90
        1
176
     1
 90
        1
176
     1
 40
40.0
176
     1
 90
        8
176
     1
 62
     7
176
     1
 40
1.0
176
     1
 90
        1
176
     1
 90
        6
176
     1
 90
        2
176
     1
 62
     7
176
     1
 90
        3
176
     1
 90
        0
176
     1
 90
        0
176
     1
290
     0
176
     1
 90
        1
176
     1
 40
0.0
176
     1
 90
        0
176
     1
290
     0
176
     1
290
     1
176
     1
290
     1
176
     1
290
     0
176
     1
290
     0
176
     1
290
     0
176
     1
290
     0
176
     1
290
     0
176
     1
290
     0
176
     1
 90
       50
176
     1
 40
0.0
176
     1
 40
1.0
176
     1
 90
        0
176
     1
 62
    18
420
        0
176
     1
 90
       50
176
     1
 90
        3
176
     1
 62
     5
420
      255
176
     1
290
     0
176
     1
 90
       50
176
     1
 90
       50
176
     1
 90
       50
176
     1
290
     0
176
     1
 90
       50
176
     1
 62
   256
176
     0
 40
1.0
176
     0
 90
        2
176
     1
  1
strokes_ogs.tif
176
     1
290
     0
176
     1
 40
1.0
176
     1
 40
1.0
176
     1
  0
VISUALSTYLE
  5
3F
102
{ACAD_REACTORS
330
2A
102
}
330
2A
100
AcDbVisualStyle
  2
Sketchy
 70
    24
177
     3
291
     0
 70
    58
 90
        1
176
     1
 90
        2
176
     1
 90
        2
176
     1
 90
        0
176
     1
 40
0.6
176
     1
 40
30.0
176
     1
 62
     7
420
 16777215
176
     1
 90
        2
176
     1
 90
        2
176
     1
 62
     7
176
     1
 62
     7
176
     1
 90
        1
176
     1
 90
        1
176
     1
 40
40.0
176
     1
 90
       11
176
     1
 62
     7
176
     1
 40
1.0
176
     1
 90
        1
176
     1
 90
        6
176
     1
 90
        2
176
     1
 62
     7
176
     1
 90
        6
176
     1
 90
        0
176
     1
 90
        0
176
     1
290
     0
176
     1
 90
        1
176
     1
 40
0.0
176
     1
 90
        0
176
     1
290
     0
176
     1
290
     1
176
     1
290
     1
176
     1
290
     0
176
     1
290
     0
176
     1
290
     0
176
     1
290
     0
176
     1
290
     0
176
     1
290
     0
176
     1
 90
       50
176
     1
 40
0.0
176
     1
 40
1.0
176
     1
 90
        0
176
     1
 62
    18
420
        0
176
     1
 90
       50
176
     1
 90
        3
176
     1
 62
     5
420
      255
176
     1
290
     0
176
     1
 90
       50
176
     1
 90
       50
176
     1
 90
       50
176
     1
290
     0
176
     1
 90
       50
176
     1
 62
   256
176
     0
 40
1.0
176
     0
 90
        2
176
     1
  1
strokes_ogs.tif
176
     1
290
     0
176
     1
 40
1.0
176
     1
 40
1.0
176
     1
  0
VISUALSTYLE
  5
37
102
{ACAD_REACTORS
330
2A
102
}
330
2A
100
AcDbVisualStyle
  2
Thicken
 70
    13
177
     3
291
     1
 70
    58
 90
        2
176
     1
 90
        2
176
     1
 90
        0
176
     1
 90
        0
176
     1
 40
0.6
176
     1
 40
30.0
176
     1
 62
     7
420
 16777215
176
     1
 90
        1
176
     1
 90
        4
176
     1
 62
     7
176
     1
 62
   257
176
     1
 90
        1
176
     1
 90
        1
176
     1
 40
1.0
176
     1
 90
       12
176
     1
 62
     7
176
     1
 40
1.0
176
     1
 90
        1
176
     1
 90
        6
176
     1
 90
        2
176
     1
 62
     7
176
     1
 90
        5
176
     1
 90
        0
176
     1
 90
        0
176
     1
290
     0
176
     1
 90
        1
176
     1
 40
0.0
176
     1
 90
        0
176
     1
290
     0
176
     1
290
     1
176
     1
290
     1
176
     1
290
     0
176
     1
290
     0
176
     1
290
     0
176
     1
290
     0
176
     1
290
     0
176
     1
290
     0
176
     1
 90
       50
176
     1
 40
0.0
176
     1
 40
1.0
176
     1
 90
        0
176
     1
 62
    18
420
        0
176
     1
 90
       50
176
     1
 90
        3
176
     1
 62
     5
420
      255
176
     1
290
     0
176
     1
 90
       50
176
     1
 90
       50
176
     1
 90
       50
176
     1
290
     0
176
     1
 90
       50
176
     1
 62
   256
176
     0
 40
1.0
176
     0
 90
        2
176
     1
  1
strokes_ogs.tif
176
     1
290
     0
176
     1
 40
1.0
176
     1
 40
1.0
176
     1
  0
VISUALSTYLE
  5
30
102
{ACAD_REACTORS
330
2A
102
}
330
2A
100
AcDbVisualStyle
  2
Wireframe
 70
     5
177
     3
291
     0
 70
    58
 90
        0
176
     1
 90
        2
176
     1
 90
        0
176
     1
 90
        0
176
     1
 40
0.6
176
     1
 40
30.0
176
     1
 62
     7
420
 16777215
176
     1
 90
        1
176
     1
 90
        4
176
     1
 62
     7
176
     1
 62
   257
176
     1
 90
        1
176
     1
 90
        1
176
     1
 40
1.0
176
     1
 90
        0
176
     1
 62
   257
176
     1
 40
1.0
176
     1
 90
        1
176
     1
 90
        6
176
     1
 90
        2
176
     1
 62
     7
176
     1
 90
        3
176
     1
 90
        0
176
     1
 90
        0
176
     1
290
     0
176
     1
 90
        1
176
     1
 40
0.0
176
     1
 90
        0
176
     1
290
     0
176
     1
290
     1
176
     1
290
     1
176
     1
290
     0
176
     1
290
     0
176
     1
290
     0
176
     1
290
     0
176
     1
290
     0
176
     1
290
     0
176
     1
 90
       50
176
     1
 40
0.0
176
     1
 40
1.0
176
     1
 90
        0
176
     1
 62
    18
420
        0
176
     1
 90
       50
176
     1
 90
        3
176
     1
 62
     5
420
      255
176
     1
290
     0
176
     1
 90
       50
176
     1
 90
       50
176
     1
 90
       50
176
     1
290
     0
176
     1
 90
       50
176
     1
 62
   256
176
     0
 40
1.0
176
     0
 90
        2
176
     1
  1
strokes_ogs.tif
176
     1
290
     0
176
     1
 40
1.0
176
     1
 40
1.0
176
     1
  0
VISUALSTYLE
  5
40
102
{ACAD_REACTORS
330
2A
102
}
330
2A
100
AcDbVisualStyle
  2
X-Ray
 70
    25
177
     3
291
     0
 70
    58
 90
        2
176
     1
 90
        2
176
     1
 90
        1
176
     1
 90
        1
176
     1
 40
0.5
176
     1
 40
30.0
176
     1
 62
     7
420
 16777215
176
     1
 90
        1
176
     1
 90
        0
176
     1
 62
     7
176
     1
 62
   257
176
     1
 90
        1
176
     1
 90
        1
176
     1
 40
1.0
176
     1
 90
        8
176
     1
 62
     7
176
     1
 40
1.0
176
     1
 90
        1
176
     1
 90
        6
176
     1
 90
        2
176
     1
 62
     7
176
     1
 90
        3
176
     1
 90
        0
176
     1
 90
        0
176
     1
290
     0
176
     1
 90
       13
176
     1
 40
0.0
176
     1
 90
        0
176
     1
290
     0
176
     1
290
     1
176
     1
290
     1
176
     1
290
     0
176
     1
290
     0
176
     1
290
     0
176
     1
290
     0
176
     1
290
     0
176
     1
290
     0
176
     1
 90
       50
176
     1
 40
0.0
176
     1
 40
1.0
176
     1
 90
        0
176
     1
 62
    18
420
        0
176
     1
 90
       50
176
     1
 90
        3
176
     1
 62
     5
420
      255
176
     1
290
     0
176
     1
 90
       50
176
     1
 90
       50
176
     1
 90
       50
176
     1
290
     0
176
     1
 90
       50
176
     1
 62
   256
176
     0
 40
1.0
176
     0
 90
        2
176
     1
  1
strokes_ogs.tif
176
     1
290
     0
176
     1
 40
1.0
176
     1
 40
1.0
176
     1
  0
DICTIONARYVAR
  5
542
102
{ACAD_REACTORS
330
541
102
}
330
541
100
DictionaryVariables
280
     0
  1
1:1
  0
DICTIONARYVAR
  5
54B
102
{ACAD_REACTORS
330
541
102
}
330
541
100
DictionaryVariables
280
     0
  1
3.500000
  0
DICTIONARYVAR
  5
54C
102
{ACAD_REACTORS
330
541
102
}
330
541
100
DictionaryVariables
280
     0
  1
acadiso.lin
  0
DICTIONARYVAR
  5
547
102
{ACAD_REACTORS
330
541
102
}
330
541
100
DictionaryVariables
280
     0
  1
Standard
  0
DICTIONARYVAR
  5
546
102
{ACAD_REACTORS
330
541
102
}
330
541
100
DictionaryVariables
280
     0
  1
Standard
  0
DICTIONARYVAR
  5
54A
102
{ACAD_REACTORS
330
541
102
}
330
541
100
DictionaryVariables
280
     0
  1
0
  0
DICTIONARY
  5
543
330
5A
100
AcDbDictionary
280
     1
281
     1
  3
ACAD_ROUNDTRIP_2008_TABLESTYLE_CELLSTYLEMAP
360
544
  0
CELLSTYLEMAP
  5
544
102
{ACAD_REACTORS
330
543
102
}
330
543
100
AcDbCellStyleMap
 90
        3
300
CELLSTYLE
  1
TABLEFORMAT_BEGIN
 90
        5
170
     1
 91
        0
 92
    32768
 62
   257
 93
        1
300
CONTENTFORMAT
  1
CONTENTFORMAT_BEGIN
 90
        0
 91
        0
 92
        4
 93
        0
300

 40
0.0
140
1.0
 94
        5
 62
     0
340
11
144
6.0
309
CONTENTFORMAT_END
171
     1
301
MARGIN
  1
CELLMARGIN_BEGIN
 40
1.5
 40
1.5
 40
1.5
 40
1.5
 40
1.5
 40
1.5
309
CELLMARGIN_END
 94
        6
 95
        1
302
GRIDFORMAT
  1
GRIDFORMAT_BEGIN
 90
        0
 91
        1
 62
     0
 92
       -2
340
14
 93
        0
 40
0.045
309
GRIDFORMAT_END
 95
        2
302
GRIDFORMAT
  1
GRIDFORMAT_BEGIN
 90
        0
 91
        1
 62
     0
 92
       -2
340
14
 93
        0
 40
0.045
309
GRIDFORMAT_END
 95
        4
302
GRIDFORMAT
  1
GRIDFORMAT_BEGIN
 90
        0
 91
        1
 62
     0
 92
       -2
340
14
 93
        0
 40
0.045
309
GRIDFORMAT_END
 95
        8
302
GRIDFORMAT
  1
GRIDFORMAT_BEGIN
 90
        0
 91
        1
 62
     0
 92
       -2
340
14
 93
        0
 40
0.045
309
GRIDFORMAT_END
 95
       16
302
GRIDFORMAT
  1
GRIDFORMAT_BEGIN
 90
        0
 91
        1
 62
     0
 92
       -2
340
14
 93
        0
 40
0.045
309
GRIDFORMAT_END
 95
       32
302
GRIDFORMAT
  1
GRIDFORMAT_BEGIN
 90
        0
 91
        1
 62
     0
 92
       -2
340
14
 93
        0
 40
0.045
309
GRIDFORMAT_END
309
TABLEFORMAT_END
  1
CELLSTYLE_BEGIN
 90
        1
 91
        1
300
_TITLE
309
CELLSTYLE_END
300
CELLSTYLE
  1
TABLEFORMAT_BEGIN
 90
        5
170
     1
 91
        0
 92
        0
 62
   257
 93
        1
300
CONTENTFORMAT
  1
CONTENTFORMAT_BEGIN
 90
        0
 91
        0
 92
        4
 93
        0
300

 40
0.0
140
1.0
 94
        5
 62
     0
340
11
144
4.5
309
CONTENTFORMAT_END
171
     1
301
MARGIN
  1
CELLMARGIN_BEGIN
 40
1.5
 40
1.5
 40
1.5
 40
1.5
 40
1.5
 40
1.5
309
CELLMARGIN_END
 94
        6
 95
        1
302
GRIDFORMAT
  1
GRIDFORMAT_BEGIN
 90
        0
 91
        1
 62
     0
 92
       -2
340
14
 93
        0
 40
0.045
309
GRIDFORMAT_END
 95
        2
302
GRIDFORMAT
  1
GRIDFORMAT_BEGIN
 90
        0
 91
        1
 62
     0
 92
       -2
340
14
 93
        0
 40
0.045
309
GRIDFORMAT_END
 95
        4
302
GRIDFORMAT
  1
GRIDFORMAT_BEGIN
 90
        0
 91
        1
 62
     0
 92
       -2
340
14
 93
        0
 40
0.045
309
GRIDFORMAT_END
 95
        8
302
GRIDFORMAT
  1
GRIDFORMAT_BEGIN
 90
        0
 91
        1
 62
     0
 92
       -2
340
14
 93
        0
 40
0.045
309
GRIDFORMAT_END
 95
       16
302
GRIDFORMAT
  1
GRIDFORMAT_BEGIN
 90
        0
 91
        1
 62
     0
 92
       -2
340
14
 93
        0
 40
0.045
309
GRIDFORMAT_END
 95
       32
302
GRIDFORMAT
  1
GRIDFORMAT_BEGIN
 90
        0
 91
        1
 62
     0
 92
       -2
340
14
 93
        0
 40
0.045
309
GRIDFORMAT_END
309
TABLEFORMAT_END
  1
CELLSTYLE_BEGIN
 90
        2
 91
        1
300
_HEADER
309
CELLSTYLE_END
300
CELLSTYLE
  1
TABLEFORMAT_BEGIN
 90
        5
170
     1
 91
        0
 92
        0
 62
   257
 93
        1
300
CONTENTFORMAT
  1
CONTENTFORMAT_BEGIN
 90
        0
 91
        0
 92
        4
 93
        0
300

 40
0.0
140
1.0
 94
        2
 62
     0
340
11
144
4.5
309
CONTENTFORMAT_END
171
     1
301
MARGIN
  1
CELLMARGIN_BEGIN
 40
1.5
 40
1.5
 40
1.5
 40
1.5
 40
1.5
 40
1.5
309
CELLMARGIN_END
 94
        6
 95
        1
302
GRIDFORMAT
  1
GRIDFORMAT_BEGIN
 90
        0
 91
        1
 62
     0
 92
       -2
340
14
 93
        0
 40
0.045
309
GRIDFORMAT_END
 95
        2
302
GRIDFORMAT
  1
GRIDFORMAT_BEGIN
 90
        0
 91
        1
 62
     0
 92
       -2
340
14
 93
        0
 40
0.045
309
GRIDFORMAT_END
 95
        4
302
GRIDFORMAT
  1
GRIDFORMAT_BEGIN
 90
        0
 91
        1
 62
     0
 92
       -2
340
14
 93
        0
 40
0.045
309
GRIDFORMAT_END
 95
        8
302
GRIDFORMAT
  1
GRIDFORMAT_BEGIN
 90
        0
 91
        1
 62
     0
 92
       -2
340
14
 93
        0
 40
0.045
309
GRIDFORMAT_END
 95
       16
302
GRIDFORMAT
  1
GRIDFORMAT_BEGIN
 90
        0
 91
        1
 62
     0
 92
       -2
340
14
 93
        0
 40
0.045
309
GRIDFORMAT_END
 95
       32
302
GRIDFORMAT
  1
GRIDFORMAT_BEGIN
 90
        0
 91
        1
 62
     0
 92
       -2
340
14
 93
        0
 40
0.045
309
GRIDFORMAT_END
309
TABLEFORMAT_END
  1
CELLSTYLE_BEGIN
 90
        3
 91
        2
300
_DATA
309
CELLSTYLE_END
  0
ENDSEC
  0
SECTION
  2
THUMBNAILIMAGE
 90
   263208
310
28000000000200000002000001000800000000000000000000000000000000000000000000000000FFFFFF00FF000000FFFF000000FF000000FFFF000000FF00FF00FF000000000080808000C0C0C000FF000000FF7F7F00A5000000A55252007F0000007F3F3F004C0000004C2626002600000026131300FF3F0000FF9F7F
310
00A5290000A56752007F1F00007F4F3F004C1300004C2F26002609000026171300FF7F0000FFBF7F00A5520000A57C52007F3F00007F5F3F004C2600004C39260026130000261C1300FFBF0000FFDF7F00A57C0000A59152007F5F00007F6F3F004C3900004C422600261C000026211300FFFF0000FFFF7F00A5A50000A5A5
310
52007F7F00007F7F3F004C4C00004C4C26002626000026261300BFFF0000DFFF7F007CA5000091A552005F7F00006F7F3F00394C0000424C26001C260000212613007FFF0000BFFF7F0052A500007CA552003F7F00005F7F3F00264C0000394C2600132600001C2613003FFF00009FFF7F0029A5000067A552001F7F00004F
310
7F3F00134C00002F4C2600092600001726130000FF00007FFF7F0000A5000052A55200007F00003F7F3F00004C0000264C2600002600001326130000FF3F007FFF9F0000A5290052A56700007F1F003F7F4F00004C1300264C2F00002609001326170000FF7F007FFFBF0000A5520052A57C00007F3F003F7F5F00004C2600
310
264C39000026130013261C0000FFBF007FFFDF0000A57C0052A59100007F5F003F7F6F00004C3900264C420000261C001326210000FFFF007FFFFF0000A5A50052A5A500007F7F003F7F7F00004C4C00264C4C00002626001326260000BFFF007FDFFF00007CA5005291A500005F7F003F6F7F0000394C0026424C00001C26
310
0013212600007FFF007FBFFF000052A500527CA500003F7F003F5F7F0000264C0026394C0000132600131C2600003FFF007F9FFF000029A5005267A500001F7F003F4F7F0000134C00262F4C0000092600131726000000FF007F7FFF000000A5005252A50000007F003F3F7F0000004C0026264C0000002600131326003F00
310
FF009F7FFF002900A5006752A5001F007F004F3F7F0013004C002F264C0009002600171326007F00FF00BF7FFF005200A5007C52A5003F007F005F3F7F0026004C0039264C00130026001C132600BF00FF00DF7FFF007C00A5009152A5005F007F006F3F7F0039004C0042264C001C00260021132600FF00FF00FF7FFF00A5
310
00A500A552A5007F007F007F3F7F004C004C004C264C002600260026132600FF00BF00FF7FDF00A5007C00A55291007F005F007F3F6F004C0039004C26420026001C0026132100FF007F00FF7FBF00A5005200A5527C007F003F007F3F5F004C0026004C2639002600130026131C00FF003F00FF7F9F00A5002900A5526700
310
7F001F007F3F4F004C0013004C262F002600090026131700000000002D2D2D005B5B5B0089898900B7B7B700B3B3B30000000000000000000000000000000000000000000000000000000000000000000000000000000000000000000000000000000000000000000000000000000000000000000000000000000000000000
310
00000000000000000000000000000000000000000000000000000000000000000000000000000000000000000000000000000000000000000000000000000000000000000000000000000000000000000000000000000000000000000000000000000000000000000000000000000000000000000000000000000000000000
310
00000000000000000000000000000000000000000000000000000000000000000000000000000000000000000000000000000000000000000000000000000000000000000000000000000000000000000000000000000000000000000000000000000000000000000000000000000000000000000000000000000000000000
310
00000000000000000000000000000000000000000000000000000000000000000000000000000000000000000000000000000000000000000000000000000000000000000000000000000000000000000000000000000000000000000000000000000000000000000000000000000000000000000000000000000000000000
310
00000000000000000000000000000000000000000000000000000000000000000000000000000000000000000000000000000000000000000000000000000000000000000000000000000000000000000000000000000000000000000000000000000000000000000000000000000000000000000000000000000000000000
310
00000000000000000000000000000000000000000000000000000000000000000000000000000000000000000000000000000000000000000000000000000000000000000000000000000000000000000000000000000000000000000000000000000000000000000000000000000000000000000000000000000000000000
310
00000000000000000000000000000000000000000000000000000000000000000000000000000000000000000000000000000000000000000000000000000000000000000000000000000000000000000000000000000000000000000000000000000000000000000000000000000000000000000000000000000000000000
310
00000000000000000000000000000000000000000000000000000000000000000000000000000000000000000000000000000000000000000000000000000000000000000000000000000000000000000000000000000000000000000000000000000000000000000000000000000000000000000000000000000000000000
310
00000000000000000000000000000000000000000000000000000000000000000000000000000000000000000000000000000000000000000000000000000000000000000000000000000000000000000000000000000000000000000000000000000000000000000000000000000000000000000000000000000000000000
310
00000000000000000000000000000000000000000000000000000000000000000000000000000000000000000000000000000000000000000000000000000000000000000000000000000000000000000000000000000000000000000000000000000000000000000000000000000000000000000000000000000000000000
310
00000000000000000000000000000000000000000000000000000000000000000000000000000000000000000000000000000000000000000000000000000000000000000000000000000000000000000000000000000000000000000000000000000000000000000000000000000000000000000000000000000000000000
310
00000000000000000000000000000000000000000000000000000000000000000000000000000000000000000000000000000000000000000000000000000000000000000000000000000000000000000000000000000000000000000000000000000000000000000000000000000000000000000000000000000000000000
310
00000000000000000000000000000000000000000000000000000000000000000000000000000000000000000000000000000000000000000000000000000000000000000000000000000000000000000000000000000000000000000000000000000000000000000000000000000000000000000000000000000000000000
310
00000000000000000000000000000000000000000000000000000000000000000000000000000000000000000000000000000000000000000000000000000000000000000000000000000000000000000000000000000000000000000000000000000000000000000000000000000000000000000000000000000000000000
310
00000000000000000000000000000000000000000000000000000000000000000000000000000000000000000000000000000000000000000000000000000000000000000000000000000000000000000000000000000000000000000000000000000000000000000000000000000000000000000000000000000000000000
310
00000000000000000000000000000000000000000000000000000000000000000000000000000000000000000000000000000000000000000000000000000000000000000000000000000000000000000000000000000000000000000000000000000000000000000000000000000000000000000000000000000000000000
310
00000000000000000000000000000000000000000000000000000000000000000000000000000000000000000000000000000000000000000000000000000000000000000000000000000000000000000000000000000000000000000000000000000000000000000000000000000000000000000000000000000000000000
310
00000000000000000000000000000000000000000000000000000000000000000000000000000000000000000000000000000000000000000000000000000000000000000000000000000000000000000000000000000000000000000000000000000000000000000000000000000000000000000000000000000000000000
310
00000000000000000000000000000000000000000000000000000000000000000000000000000000000000000000000000000000000000000000000000000000000000000000000000000000000000000000000000000000000000000000000000000000000000000000000000000000000000000000000000000000000000
310
00000000000000000000000000000000000000000000000000000000000000000000000000000000000000000000000000000000000000000000000000000000000000000000000000000000000000000000000000000000000000000000000000000000000000000000000000000000000000000000000000000000000000
310
00000000000000000000000000000000000000000000000000000000000000000000000000000000000000000000000000000000000000000000000000000000000000000000000000000000000000000000000000000000000000000000000000000000000000000000000000000000000000000000000000000000000000
310
00000000000000000000000000000000000000000000000000000000000000000000000000000000000000000000000000000000000000000000000000000000000000000000000000000000000000000000000000000000000000000000000000000000000000000000000000000000000000000000000000000000000000
310
00000000000000000000000000000000000000000000000000000000000000000000000000000000000000000000000000000000000000000000000000000000000000000000000000000000000000000000000000000000000000000000000000000000000000000000000000000000000000000000000000000000000000
310
00000000000000000000000000000000000000000000000000000000000000000000000000000000000000000000000000000000000000000000000000000000000000000000000000000000000000000000000000000000000000000000000000000000000000000000000000000000000000000000000000000000000000
310
00000000000000000000000000000000000000000000000000000000000000000000000000000000000000000000000000000000000000000000000000000000000000000000000000000000000000000000000000000000000000000000000000000000000000000000000000000000000000000000000000000000000000
310
00000000000000000000000000000000000000000000000000000000000000000000000000000000000000000000000000000000000000000000000000000000000000000000000000000000000000000000000000000000000000000000000000000000000000000000000000000000000000000000000000000000000000
310
00000000000000000000000000000000000000000000000000000000000000000000000000000000000000000000000000000000000000000000000000000000000000000000000000000000000000000000000000000000000000000000000000000000000000000000000000000000000000000000000000000000000000
310
00000000000000000000000000000000000000000000000000000000000000000000000000000000000000000000000000000000000000000000000000000000000000000000000000000000000000000000000000000000000000000000000000000000000000000000000000000000000000000000000000000000000000
310
00000000000000000000000000000000000000000000000000000000000000000000000000000000000000000000000000000000000000000000000000000000000000000000000000000000000000000000000000000000000000000000000000000000000000000000000000000000000000000000000000000000000000
310
00000000000000000000000000000000000000000000000000000000000000000000000000000000000000000000000000000000000000000000000000000000000000000000000000000000000000000000000000000000000000000000000000000000000000000000000000000000000000000000000000000000000000
310
00000000000000000000000000000000000000000000000000000000000000000000000000000000000000000000000000000000000000000000000000000000000000000000000000000000000000000000000000000000000000000000000000000000000000000000000000000000000000000000000000000000000000
310
00000000000000000000000000000000000000000000000000000000000000000000000000000000000000000000000000000000000000000000000000000000000000000000000000000000000000000000000000000000000000000000000000000000000000000000000000000000000000000000000000000000000000
310
00000000000000000000000000000000000000000000000000000000000000000000000000000000000000000000000000000000000000000000000000000000000000000000000000000000000000000000000000000000000000000000000000000000000000000000000000000000000000000000000000000000000000
310
00000000000000000000000000000000000000000000000000000000000000000000000000000000000000000000000000000000000000000000000000000000000000000000000000000000000000000000000000000000000000000000000000000000000000000000000000000000000000000000000000000000000000
310
00000000000000000000000000000000000000000000000000000000000000000000000000000000000000000000000000000000000000000000000000000000000000000000000000000000000000000000000000000000000000000000000000000000000000000000000000000000000000000000000000000000000000
310
00000000000000000000000000000000000000000000000000000000000000000000000000000000000000000000000000000000000000000000000000000000000000000000000000000000000000000000000000000000000000000000000000000000000000000000000000000000000000000000000000000000000000
310
00000000000000000000000000000000000000000000000000000000000000000000000000000000000000000000000000000000000000000000000000000000000000000000000000000000000000000000000000000000000000000000000000000000000000000000000000000000000000000000000000000000000000
310
00000000000000000000000000000000000000000000000000000000000000000000000000000000000000000000000000000000000000000000000000000000000000000000000000000000000000000000000000000000000000000000000000000000000000000000000000000000000000000000000000000000000000
310
00000000000000000000000000000000000000000000000000000000000000000000000000000000000000000000000000000000000000000000000000000000000000000000000000000000000000000000000000000000000000000000000000000000000000000000000000000000000000000000000000000000000000
310
00000000000000000000000000000000000000000000000000000000000000000000000000000000000000000000000000000000000000000000000000000000000000000000000000000000000000000000000000000000000000000000000000000000000000000000000000000000000000000000000000000000000000
310
00000000000000000000000000000000000000000000000000000000000000000000000000000000000000000000000000000000000000000000000000000000000000000000000000000000000000000000000000000000000000000000000000000000000000000000000000000000000000000000000000000000000000
310
00000000000000000000000000000000000000000000000000000000000000000000000000000000000000000000000000000000000000000000000000000000000000000000000000000000000000000000000000000000000000000000000000000000000000000000000000000000000000000000000000000000000000
310
00000000000000000000000000000000000000000000000000000000000000000000000000000000000000000000000000000000000000000000000000000000000000000000000000000000000000000000000000000000000000000000000000000000000000000000000000000000000000000000000000000000000000
310
00000000000000000000000000000000000000000000000000000000000000000000000000000000000000000000000000000000000000000000000000000000000000000000000000000000000000000000000000000000000000000000000000000000000000000000000000000000000000000000000000000000000000
310
00000000000000000000000000000000000000000000000000000000000000000000000000000000000000000000000000000000000000000000000000000000000000000000000000000000000000000000000000000000000000000000000000000000000000000000000000000000000000000000000000000000000000
310
00000000000000000000000000000000000000000000000000000000000000000000000000000000000000000000000000000000000000000000000000000000000000000000000000000000000000000000000000000000000000000000000000000000000000000000000000000000000000000000000000000000000000
310
00000000000000000000000000000000000000000000000000000000000000000000000000000000000000000000000000000000000000000000000000000000000000000000000000000000000000000000000000000000000000000000000000000000000000000000000000000000000000000000000000000000000000
310
00000000000000000000000000000000000000000000000000000000000000000000000000000000000000000000000000000000000000000000000000000000000000000000000000000000000000000000000000000000000000000000000000000000000000000000000000000000000000000000000000000000000000
310
00000000000000000000000000000000000000000000000000000000000000000000000000000000000000000000000000000000000000000000000000000000000000000000000000000000000000000000000000000000000000000000000000000000000000000000000000000000000000000000000000000000000000
310
00000000000000000000000000000000000000000000000000000000000000000000000000000000000000000000000000000000000000000000000000000000000000000000000000000000000000000000000000000000000000000000000000000000000000000000000000000000000000000000000000000000000000
310
00000000000000000000000000000000000000000000000000000000000000000000000000000000000000000000000000000000000000000000000000000000000000000000000000000000000000000000000000000000000000000000000000000000000000000000000000000000000000000000000000000000000000
310
00000000000000000000000000000000000000000000000000000000000000000000000000000000000000000000000000000000000000000000000000000000000000000000000000000000000000000000000000000000000000000000000000000000000000000000000000000000000000000000000000000000000000
310
00000000000000000000000000000000000000000000000000000000000000000000000000000000000000000000000000000000000000000000000000000000000000000000000000000000000000000000000000000000000000000000000000000000000000000000000000000000000000000000000000000000000000
310
00000000000000000000000000000000000000000000000000000000000000000000000000000000000000000000000000000000000000000000000000000000000000000000000000000000000000000000000000000000000000000000000000000000000000000000000000000000000000000000000000000000000000
310
00000000000000000000000000000000000000000000000000000000000000000000000000000000000000000000000000000000000000000000000000000000000000000000000000000000000000000000000000000000000000000000000000000000000000000000000000000000000000000000000000000000000000
310
00000000000000000000000000000000000000000000000000000000000000000000000000000000000000000000000000000000000000000000000000000000000000000000000000000000000000000000000000000000000000000000000000000000000000000000000000000000000000000000000000000000000000
310
00000000000000000000000000000000000000000000000000000000000000000000000000000000000000000000000000000000000000000000000000000000000000000000000000000000000000000000000000000000000000000000000000000000000000000000000000000000000000000000000000000000000000
310
00000000000000000000000000000000000000000000000000000000000000000000000000000000000000000000000000000000000000000000000000000000000000000000000000000000000000000000000000000000000000000000000000000000000000000000000000000000000000000000000000000000000000
310
00000000000000000000000000000000000000000000000000000000000000000000000000000000000000000000000000000000000000000000000000000000000000000000000000000000000000000000000000000000000000000000000000000000000000000000000000000000000000000000000000000000000000
310
00000000000000000000000000000000000000000000000000000000000000000000000000000000000000000000000000000000000000000000000000000000000000000000000000000000000000000000000000000000000000000000000000000000000000000000000000000000000000000000000000000000000000
310
00000000000000000000000000000000000000000000000000000000000000000000000000000000000000000000000000000000000000000000000000000000000000000000000000000000000000000000000000000000000000000000000000000000000000000000000000000000000000000000000000000000000000
310
00000000000000000000000000000000000000000000000000000000000000000000000000000000000000000000000000000000000000000000000000000000000000000000000000000000000000000000000000000000000000000000000000000000000000000000000000000000000000000000000000000000000000
310
00000000000000000000000000000000000000000000000000000000000000000000000000000000000000000000000000000000000000000000000000000000000000000000000000000000000000000000000000000000000000000000000000000000000000000000000000000000000000000000000000000000000000
310
00000000000000000000000000000000000000000000000000000000000000000000000000000000000000000000000000000000000000000000000000000000000000000000000000000000000000000000000000000000000000000000000000000000000000000000000000000000000000000000000000000000000000
310
00000000000000000000000000000000000000000000000000000000000000000000000000000000000000000000000000000000000000000000000000000000000000000000000000000000000000000000000000000000000000000000000000000000000000000000000000000000000000000000000000000000000000
310
00000000000000000000000000000000000000000000000000000000000000000000000000000000000000000000000000000000000000000000000000000000000000000000000000000000000000000000000000000000000000000000000000000000000000000000000000000000000000000000000000000000000000
310
00000000000000000000000000000000000000000000000000000000000000000000000000000000000000000000000000000000000000000000000000000000000000000000000000000000000000000000000000000000000000000000000000000000000000000000000000000000000000000000000000000000000000
310
00000000000000000000000000000000000000000000000000000000000000000000000000000000000000000000000000000000000000000000000000000000000000000000000000000000000000000000000000000000000000000000000000000000000000000000000000000000000000000000000000000000000000
310
00000000000000000000000000000000000000000000000000000000000000000000000000000000000000000000000000000000000000000000000000000000000000000000000000000000000000000000000000000000000000000000000000000000000000000000000000000000000000000000000000000000000000
310
00000000000000000000000000000000000000000000000000000000000000000000000000000000000000000000000000000000000000000000000000000000000000000000000000000000000000000000000000000000000000000000000000000000000000000000000000000000000000000000000000000000000000
310
00000000000000000000000000000000000000000000000000000000000000000000000000000000000000000000000000000000000000000000000000000000000000000000000000000000000000000000000000000000000000000000000000000000000000000000000000000000000000000000000000000000000000
310
00000000000000000000000000000000000000000000000000000000000000000000000000000000000000000000000000000000000000000000000000000000000000000000000000000000000000000000000000000000000000000000000000000000000000000000000000000000000000000000000000000000000000
310
00000000000000000000000000000000000000000000000000000000000000000000000000000000000000000000000000000000000000000000000000000000000000000000000000000000000000000000000000000000000000000000000000000000000000000000000000000000000000000000000000000000000000
310
00000000000000000000000000000000000000000000000000000000000000000000000000000000000000000000000000000000000000000000000000000000000000000000000000000000000000000000000000000000000000000000000000000000000000000000000000000000000000000000000000000000000000
310
00000000000000000000000000000000000000000000000000000000000000000000000000000000000000000000000000000000000000000000000000000000000000000000000000000000000000000000000000000000000000000000000000000000000000000000000000000000000000000000000000000000000000
310
00000000000000000000000000000000000000000000000000000000000000000000000000000000000000000000000000000000000000000000000000000000000000000000000000000000000000000000000000000000000000000000000000000000000000000000000000000000000000000000000000000000000000
310
00000000000000000000000000000000000000000000000000000000000000000000000000000000000000000000000000000000000000000000000000000000000000000000000000000000000000000000000000000000000000000000000000000000000000000000000000000000000000000000000000000000000000
310
00000000000000000000000000000000000000000000000000000000000000000000000000000000000000000000000000000000000000000000000000000000000000000000000000000000000000000000000000000000000000000000000000000000000000000000000000000000000000000000000000000000000000
310
00000000000000000000000000000000000000000000000000000000000000000000000000000000000000000000000000000000000000000000000000000000000000000000000000000000000000000000000000000000000000000000000000000000000000000000000000000000000000000000000000000000000000
310
00000000000000000000000000000000000000000000000000000000000000000000000000000000000000000000000000000000000000000000000000000000000000000000000000000000000000000000000000000000000000000000000000000000000000000000000000000000000000000000000000000000000000
310
00000000000000000000000000000000000000000000000000000000000000000000000000000000000000000000000000000000000000000000000000000000000000000000000000000000000000000000000000000000000000000000000000000000000000000000000000000000000000000000000000000000000000
310
00000000000000000000000000000000000000000000000000000000000000000000000000000000000000000000000000000000000000000000000000000000000000000000000000000000000000000000000000000000000000000000000000000000000000000000000000000000000000000000000000000000000000
310
00000000000000000000000000000000000000000000000000000000000000000000000000000000000000000000000000000000000000000000000000000000000000000000000000000000000000000000000000000000000000000000000000000000000000000000000000000000000000000000000000000000000000
310
00000000000000000000000000000000000000000000000000000000000000000000000000000000000000000000000000000000000000000000000000000000000000000000000000000000000000000000000000000000000000000000000000000000000000000000000000000000000000000000000000000000000000
310
00000000000000000000000000000000000000000000000000000000000000000000000000000000000000000000000000000000000000000000000000000000000000000000000000000000000000000000000000000000000000000000000000000000000000000000000000000000000000000000000000000000000000
310
00000000000000000000000000000000000000000000000000000000000000000000000000000000000000000000000000000000000000000000000000000000000000000000000000000000000000000000000000000000000000000000000000000000000000000000000000000000000000000000000000000000000000
310
00000000000000000000000000000000000000000000000000000000000000000000000000000000000000000000000000000000000000000000000000000000000000000000000000000000000000000000000000000000000000000000000000000000000000000000000000000000000000000000000000000000000000
310
00000000000000000000000000000000000000000000000000000000000000000000000000000000000000000000000000000000000000000000000000000000000000000000000000000000000000000000000000000000000000000000000000000000000000000000000000000000000000000000000000000000000000
310
00000000000000000000000000000000000000000000000000000000000000000000000000000000000000000000000000000000000000000000000000000000000000000000000000000000000000000000000000000000000000000000000000000000000000000000000000000000000000000000000000000000000000
310
00000000000000000000000000000000000000000000000000000000000000000000000000000000000000000000000000000000000000000000000000000000000000000000000000000000000000000000000000000000000000000000000000000000000000000000000000000000000000000000000000000000000000
310
00000000000000000000000000000000000000000000000000000000000000000000000000000000000000000000000000000000000000000000000000000000000000000000000000000000000000000000000000000000000000000000000000000000000000000000000000000000000000000000000000000000000000
310
00000000000000000000000000000000000000000000000000000000000000000000000000000000000000000000000000000000000000000000000000000000000000000000000000000000000000000000000000000000000000000000000000000000000000000000000000000000000000000000000000000000000000
310
00000000000000000000000000000000000000000000000000000000000000000000000000000000000000000000000000000000000000000000000000000000000000000000000000000000000000000000000000000000000000000000000000000000000000000000000000000000000000000000000000000000000000
310
00000000000000000000000000000000000000000000000000000000000000000000000000000000000000000000000000000000000000000000000000000000000000000000000000000000000000000000000000000000000000000000000000000000000000000000000000000000000000000000000000000000000000
310
00000000000000000000000000000000000000000000000000000000000000000000000000000000000000000000000000000000000000000000000000000000000000000000000000000000000000000000000000000000000000000000000000000000000000000000000000000000000000000000000000000000000000
310
00000000000000000000000000000000000000000000000000000000000000000000000000000000000000000000000000000000000000000000000000000000000000000000000000000000000000000000000000000000000000000000000000000000000000000000000000000000000000000000000000000000000000
310
00000000000000000000000000000000000000000000000000000000000000000000000000000000000000000000000000000000000000000000000000000000000000000000000000000000000000000000000000000000000000000000000000000000000000000000000000000000000000000000000000000000000000
310
00000000000000000000000000000000000000000000000000000000000000000000000000000000000000000000000000000000000000000000000000000000000000000000000000000000000000000000000000000000000000000000000000000000000000000000000000000000000000000000000000000000000000
310
00000000000000000000000000000000000000000000000000000000000000000000000000000000000000000000000000000000000000000000000000000000000000000000000000000000000000000000000000000000000000000000000000000000000000000000000000000000000000000000000000000000000000
310
00000000000000000000000000000000000000000000000000000000000000000000000000000000000000000000000000000000000000000000000000000000000000000000000000000000000000000000000000000000000000000000000000000000000000000000000000000000000000000000000000000000000000
310
00000000000000000000000000000000000000000000000000000000000000000000000000000000000000000000000000000000000000000000000000000000000000000000000000000000000000000000000000000000000000000000000000000000000000000000000000000000000000000000000000000000000000
310
00000000000000000000000000000000000000000000000000000000000000000000000000000000000000000000000000000000000000000000000000000000000000000000000000000000000000000000000000000000000000000000000000000000000000000000000000000000000000000000000000000000000000
310
00000000000000000000000000000000000000000000000000000000000000000000000000000000000000000000000000000000000000000000000000000000000000000000000000000000000000000000000000000000000000000000000000000000000000000000000000000000000000000000000000000000000000
310
00000000000000000000000000000000000000000000000000000000000000000000000000000000000000000000000000000000000000000000000000000000000000000000000000000000000000000000000000000000000000000000000000000000000000000000000000000000000000000000000000000000000000
310
00000000000000000000000000000000000000000000000000000000000000000000000000000000000000000000000000000000000000000000000000000000000000000000000000000000000000000000000000000000000000000000000000000000000000000000000000000000000000000000000000000000000000
310
00000000000000000000000000000000000000000000000000000000000000000000000000000000000000000000000000000000000000000000000000000000000000000000000000000000000000000000000000000000000000000000000000000000000000000000000000000000000000000000000000000000000000
310
00000000000000000000000000000000000000000000000000000000000000000000000000000000000000000000000000000000000000000000000000000000000000000000000000000000000000000000000000000000000000000000000000000000000000000000000000000000000000000000000000000000000000
310
00000000000000000000000000000000000000000000000000000000000000000000000000000000000000000000000000000000000000000000000000000000000000000000000000000000000000000000000000000000000000000000000000000000000000000000000000000000000000000000000000000000000000
310
00000000000000000000000000000000000000000000000000000000000000000000000000000000000000000000000000000000000000000000000000000000000000000000000000000000000000000000000000000000000000000000000000000000000000000000000000000000000000000000000000000000000000
310
00000000000000000000000000000000000000000000000000000000000000000000000000000000000000000000000000000000000000000000000000000000000000000000000000000000000000000000000000000000000000000000000000000000000000000000000000000000000000000000000000000000000000
310
00000000000000000000000000000000000000000000000000000000000000000000000000000000000000000000000000000000000000000000000000000000000000000000000000000000000000000000000000000000000000000000000000000000000000000000000000000000000000000000000000000000000000
310
00000000000000000000000000000000000000000000000000000000000000000000000000000000000000000000000000000000000000000000000000000000000000000000000000000000000000000000000000000000000000000000000000000000000000000000000000000000000000000000000000000000000000
310
00000000000000000000000000000000000000000000000000000000000000000000000000000000000000000000000000000000000000000000000000000000000000000000000000000000000000000000000000000000000000000000000000000000000000000000000000000000000000000000000000000000000000
310
00000000000000000000000000000000000000000000000000000000000000000000000000000000000000000000000000000000000000000000000000000000000000000000000000000000000000000000000000000000000000000000000000000000000000000000000000000000000000000000000000000000000000
310
00000000000000000000000000000000000000000000000000000000000000000000000000000000000000000000000000000000000000000000000000000000000000000000000000000000000000000000000000000000000000000000000000000000000000000000000000000000000000000000000000000000000000
310
00000000000000000000000000000000000000000000000000000000000000000000000000000000000000000000000000000000000000000000000000000000000000000000000000000000000000000000000000000000000000000000000000000000000000000000000000000000000000000000000000000000000000
310
00000000000000000000000000000000000000000000000000000000000000000000000000000000000000000000000000000000000000000000000000000000000000000000000000000000000000000000000000000000000000000000000000000000000000000000000000000000000000000000000000000000000000
310
00000000000000000000000000000000000000000000000000000000000000000000000000000000000000000000000000000000000000000000000000000000000000000000000000000000000000000000000000000000000000000000000000000000000000000000000000000000000000000000000000000000000000
310
00000000000000000000000000000000000000000000000000000000000000000000000000000000000000000000000000000000000000000000000000000000000000000000000000000000000000000000000000000000000000000000000000000000000000000000000000000000000000000000000000000000000000
310
00000000000000000000000000000000000000000000000000000000000000000000000000000000000000000000000000000000000000000000000000000000000000000000000000000000000000000000000000000000000000000000000000000000000000000000000000000000000000000000000000000000000000
310
00000000000000000000000000000000000000000000000000000000000000000000000000000000000000000000000000000000000000000000000000000000000000000000000000000000000000000000000000000000000000000000000000000000000000000000000000000000000000000000000000000000000000
310
00000000000000000000000000000000000000000000000000000000000000000000000000000000000000000000000000000000000000000000000000000000000000000000000000000000000000000000000000000000000000000000000000000000000000000000000000000000000000000000000000000000000000
310
00000000000000000000000000000000000000000000000000000000000000000000000000000000000000000000000000000000000000000000000000000000000000000000000000000000000000000000000000000000000000000000000000000000000000000000000000000000000000000000000000000000000000
310
00000000000000000000000000000000000000000000000000000000000000000000000000000000000000000000000000000000000000000000000000000000000000000000000000000000000000000000000000000000000000000000000000000000000000000000000000000000000000000000000000000000000000
310
00000000000000000000000000000000000000000000000000000000000000000000000000000000000000000000000000000000000000000000000000000000000000000000000000000000000000000000000000000000000000000000000000000000000000000000000000000000000000000000000000000000000000
310
00000000000000000000000000000000000000000000000000000000000000000000000000000000000000000000000000000000000000000000000000000000000000000000000000000000000000000000000000000000000000000000000000000000000000000000000000000000000000000000000000000000000000
310
00000000000000000000000000000000000000000000000000000000000000000000000000000000000000000000000000000000000000000000000000000000000000000000000000000000000000000000000000000000000000000000000000000000000000000000000000000000000000000000000000000000000000
310
00000000000000000000000000000000000000000000000000000000000000000000000000000000000000000000000000000000000000000000000000000000000000000000000000000000000000000000000000000000000000000000000000000000000000000000000000000000000000000000000000000000000000
310
00000000000000000000000000000000000000000000000000000000000000000000000000000000000000000000000000000000000000000000000000000000000000000000000000000000000000000000000000000000000000000000000000000000000000000000000000000000000000000000000000000000000000
310
00000000000000000000000000000000000000000000000000000000000000000000000000000000000000000000000000000000000000000000000000000000000000000000000000000000000000000000000000000000000000000000000000000000000000000000000000000000000000000000000000000000000000
310
00000000000000000000000000000000000000000000000000000000000000000000000000000000000000000000000000000000000000000000000000000000000000000000000000000000000000000000000000000000000000000000000000000000000000000000000000000000000000000000000000000000000000
310
00000000000000000000000000000000000000000000000000000000000000000000000000000000000000000000000000000000000000000000000000000000000000000000000000000000000000000000000000000000000000000000000000000000000000000000000000000000000000000000000000000000000000
310
00000000000000000000000000000000000000000000000000000000000000000000000000000000000000000000000000000000000000000000000000000000000000000000000000000000000000000000000000000000000000000000000000000000000000000000000000000000000000000000000000000000000000
310
00000000000000000000000000000000000000000000000000000000000000000000000000000000000000000000000000000000000000000000000000000000000000000000000000000000000000000000000000000000000000000000000000000000000000000000000000000000000000000000000000000000000000
310
00000000000000000000000000000000000000000000000000000000000000000000000000000000000000000000000000000000000000000000000000000000000000000000000000000000000000000000000000000000000000000000000000000000000000000000000000000000000000000000000000000000000000
310
00000000000000000000000000000000000000000000000000000000000000000000000000000000000000000000000000000000000000000000000000000000000000000000000000000000000000000000000000000000000000000000000000000000000000000000000000000000000000000000000000000000000000
310
00000000000000000000000000000000000000000000000000000000000000000000000000000000000000000000000000000000000000000000000000000000000000000000000000000000000000000000000000000000000000000000000000000000000000000000000000000000000000000000000000000000000000
310
00000000000000000000000000000000000000000000000000000000000000000000000000000000000000000000000000000000000000000000000000000000000000000000000000000000000000000000000000000000000000000000000000000000000000000000000000000000000000000000000000000000000000
310
00000000000000000000000000000000000000000000000000000000000000000000000000000000000000000000000000000000000000000000000000000000000000000000000000000000000000000000000000000000000000000000000000000000000000000000000000000000000000000000000000000000000000
310
00000000000000000000000000000000000000000000000000000000000000000000000000000000000000000000000000000000000000000000000000000000000000000000000000000000000000000000000000000000000000000000000000000000000000000000000000000000000000000000000000000000000000
310
00000000000000000000000000000000000000000000000000000000000000000000000000000000000000000000000000000000000000000000000000000000000000000000000000000000000000000000000000000000000000000000000000000000000000000000000000000000000000000000000000000000000000
310
00000000000000000000000000000000000000000000000000000000000000000000000000000000000000000000000000000000000000000000000000000000000000000000000000000000000000000000000000000000000000000000000000000000000000000000000000000000000000000000000000000000000000
310
00000000000000000000000000000000000000000000000000000000000000000000000000000000000000000000000000000000000000000000000000000000000000000000000000000000000000000000000000000000000000000000000000000000000000000000000000000000000000000000000000000000000000
310
00000000000000000000000000000000000000000000000000000000000000000000000000000000000000000000000000000000000000000000000000000000000000000000000000000000000000000000000000000000000000000000000000000000000000000000000000000000000000000000000000000000000000
310
00000000000000000000000000000000000000000000000000000000000000000000000000000000000000000000000000000000000000000000000000000000000000000000000000000000000000000000000000000000000000000000000000000000000000000000000000000000000000000000000000000000000000
310
00000000000000000000000000000000000000000000000000000000000000000000000000000000000000000000000000000000000000000000000000000000000000000000000000000000000000000000000000000000000000000000000000000000000000000000000000000000000000000000000000000000000000
310
00000000000000000000000000000000000000000000000000000000000000000000000000000000000000000000000000000000000000000000000000000000000000000000000000000000000000000000000000000000000000000000000000000000000000000000000000000000000000000000000000000000000000
310
00000000000000000000000000000000000000000000000000000000000000000000000000000000000000000000000000000000000000000000000000000000000000000000000000000000000000000000000000000000000000000000000000000000000000000000000000000000000000000000000000000000000000
310
00000000000000000000000000000000000000000000000000000000000000000000000000000000000000000000000000000000000000000000000000000000000000000000000000000000000000000000000000000000000000000000000000000000000000000000000000000000000000000000000000000000000000
310
00000000000000000000000000000000000000000000000000000000000000000000000000000000000000000000000000000000000000000000000000000000000000000000000000000000000000000000000000000000000000000000000000000000000000000000000000000000000000000000000000000000000000
310
00000000000000000000000000000000000000000000000000000000000000000000000000000000000000000000000000000000000000000000000000000000000000000000000000000000000000000000000000000000000000000000000000000000000000000000000000000000000000000000000000000000000000
310
00000000000000000000000000000000000000000000000000000000000000000000000000000000000000000000000000000000000000000000000000000000000000000000000000000000000000000000000000000000000000000000000000000000000000000000000000000000000000000000000000000000000000
310
00000000000000000000000000000000000000000000000000000000000000000000000000000000000000000000000000000000000000000000000000000000000000000000000000000000000000000000000000000000000000000000000000000000000000000000000000000000000000000000000000000000000000
310
00000000000000000000000000000000000000000000000000000000000000000000000000000000000000000000000000000000000000000000000000000000000000000000000000000000000000000000000000000000000000000000000000000000000000000000000000000000000000000000000000000000000000
310
00000000000000000000000000000000000000000000000000000000000000000000000000000000000000000000000000000000000000000000000000000000000000000000000000000000000000000000000000000000000000000000000000000000000000000000000000000000000000000000000000000000000000
310
00000000000000000000000000000000000000000000000000000000000000000000000000000000000000000000000000000000000000000000000000000000000000000000000000000000000000000000000000000000000000000000000000000000000000000000000000000000000000000000000000000000000000
310
00000000000000000000000000000000000000000000000000000000000000000000000000000000000000000000000000000000000000000000000000000000000000000000000000000000000000000000000000000000000000000000000000000000000000000000000000000000000000000000000000000000000000
310
00000000000000000000000000000000000000000000000000000000000000000000000000000000000000000000000000000000000000000000000000000000000000000000000000000000000000000000000000000000000000000000000000000000000000000000000000000000000000000000000000000000000000
310
00000000000000000000000000000000000000000000000000000000000000000000000000000000000000000000000000000000000000000000000000000000000000000000000000000000000000000000000000000000000000000000000000000000000000000000000000000000000000000000000000000000000000
310
00000000000000000000000000000000000000000000000000000000000000000000000000000000000000000000000000000000000000000000000000000000000000000000000000000000000000000000000000000000000000000000000000000000000000000000000000000000000000000000000000000000000000
310
00000000000000000000000000000000000000000000000000000000000000000000000000000000000000000000000000000000000000000000000000000000000000000000000000000000000000000000000000000000000000000000000000000000000000000000000000000000000000000000000000000000000000
310
00000000000000000000000000000000000000000000000000000000000000000000000000000000000000000000000000000000000000000000000000000000000000000000000000000000000000000000000000000000000000000000000000000000000000000000000000000000000000000000000000000000000000
310
00000000000000000000000000000000000000000000000000000000000000000000000000000000000000000000000000000000000000000000000000000000000000000000000000000000000000000000000000000000000000000000000000000000000000000000000000000000000000000000000000000000000000
310
00000000000000000000000000000000000000000000000000000000000000000000000000000000000000000000000000000000000000000000000000000000000000000000000000000000000000000000000000000000000000000000000000000000000000000000000000000000000000000000000000000000000000
310
00000000000000000000000000000000000000000000000000000000000000000000000000000000000000000000000000000000000000000000000000000000000000000000000000000000000000000000000000000000000000000000000000000000000000000000000000000000000000000000000000000000000000
310
00000000000000000000000000000000000000000000000000000000000000000000000000000000000000000000000000000000000000000000000000000000000000000000000000000000000000000000000000000000000000000000000000000000000000000000000000000000000000000000000000000000000000
310
00000000000000000000000000000000000000000000000000000000000000000000000000000000000000000000000000000000000000000000000000000000000000000000000000000000000000000000000000000000000000000000000000000000000000000000000000000000000000000000000000000000000000
310
00000000000000000000000000000000000000000000000000000000000000000000000000000000000000000000000000000000000000000000000000000000000000000000000000000000000000000000000000000000000000000000000000000000000000000000000000000000000000000000000000000000000000
310
00000000000000000000000000000000000000000000000000000000000000000000000000000000000000000000000000000000000000000000000000000000000000000000000000000000000000000000000000000000000000000000000000000000000000000000000000000000000000000000000000000000000000
310
00000000000000000000000000000000000000000000000000000000000000000000000000000000000000000000000000000000000000000000000000000000000000000000000000000000000000000000000000000000000000000000000000000000000000000000000000000000000000000000000000000000000000
310
00000000000000000000000000000000000000000000000000000000000000000000000000000000000000000000000000000000000000000000000000000000000000000000000000000000000000000000000000000000000000000000000000000000000000000000000000000000000000000000000000000000000000
310
00000000000000000000000000000000000000000000000000000000000000000000000000000000000000000000000000000000000000000000000000000000000000000000000000000000000000000000000000000000000000000000000000000000000000000000000000000000000000000000000000000000000000
310
00000000000000000000000000000000000000000000000000000000000000000000000000000000000000000000000000000000000000000000000000000000000000000000000000000000000000000000000000000000000000000000000000000000000000000000000000000000000000000000000000000000000000
310
00000000000000000000000000000000000000000000000000000000000000000000000000000000000000000000000000000000000000000000000000000000000000000000000000000000000000000000000000000000000000000000000000000000000000000000000000000000000000000000000000000000000000
310
00000000000000000000000000000000000000000000000000000000000000000000000000000000000000000000000000000000000000000000000000000000000000000000000000000000000000000000000000000000000000000000000000000000000000000000000000000000000000000000000000000000000000
310
00000000000000000000000000000000000000000000000000000000000000000000000000000000000000000000000000000000000000000000000000000000000000000000000000000000000000000000000000000000000000000000000000000000000000000000000000000000000000000000000000000000000000
310
00000000000000000000000000000000000000000000000000000000000000000000000000000000000000000000000000000000000000000000000000000000000000000000000000000000000000000000000000000000000000000000000000000000000000000000000000000000000000000000000000000000000000
310
00000000000000000000000000000000000000000000000000000000000000000000000000000000000000000000000000000000000000000000000000000000000000000000000000000000000000000000000000000000000000000000000000000000000000000000000000000000000000000000000000000000000000
310
00000000000000000000000000000000000000000000000000000000000000000000000000000000000000000000000000000000000000000000000000000000000000000000000000000000000000000000000000000000000000000000000000000000000000000000000000000000000000000000000000000000000000
310
00000000000000000000000000000000000000000000000000000000000000000000000000000000000000000000000000000000000000000000000000000000000000000000000000000000000000000000000000000000000000000000000000000000000000000000000000000000000000000000000000000000000000
310
00000000000000000000000000000000000000000000000000000000000000000000000000000000000000000000000000000000000000000000000000000000000000000000000000000000000000000000000000000000000000000000000000000000000000000000000000000000000000000000000000000000000000
310
00000000000000000000000000000000000000000000000000000000000000000000000000000000000000000000000000000000000000000000000000000000000000000000000000000000000000000000000000000000000000000000000000000000000000000000000000000000000000000000000000000000000000
310
00000000000000000000000000000000000000000000000000000000000000000000000000000000000000000000000000000000000000000000000000000000000000000000000000000000000000000000000000000000000000000000000000000000000000000000000000000000000000000000000000000000000000
310
00000000000000000000000000000000000000000000000000000000000000000000000000000000000000000000000000000000000000000000000000000000000000000000000000000000000000000000000000000000000000000000000000000000000000000000000000000000000000000000000000000000000000
310
00000000000000000000000000000000000000000000000000000000000000000000000000000000000000000000000000000000000000000000000000000000000000000000000000000000000000000000000000000000000000000000000000000000000000000000000000000000000000000000000000000000000000
310
00000000000000000000000000000000000000000000000000000000000000000000000000000000000000000000000000000000000000000000000000000000000000000000000000000000000000000000000000000000000000000000000000000000000000000000000000000000000000000000000000000000000000
310
00000000000000000000000000000000000000000000000000000000000000000000000000000000000000000000000000000000000000000000000000000000000000000000000000000000000000000000000000000000000000000000000000000000000000000000000000000000000000000000000000000000000000
310
00000000000000000000000000000000000000000000000000000000000000000000000000000000000000000000000000000000000000000000000000000000000000000000000000000000000000000000000000000000000000000000000000000000000000000000000000000000000000000000000000000000000000
310
00000000000000000000000000000000000000000000000000000000000000000000000000000000000000000000000000000000000000000000000000000000000000000000000000000000000000000000000000000000000000000000000000000000000000000000000000000000000000000000000000000000000000
310
00000000000000000000000000000000000000000000000000000000000000000000000000000000000000000000000000000000000000000000000000000000000000000000000000000000000000000000000000000000000000000000000000000000000000000000000000000000000000000000000000000000000000
310
00000000000000000000000000000000000000000000000000000000000000000000000000000000000000000000000000000000000000000000000000000000000000000000000000000000000000000000000000000000000000000000000000000000000000000000000000000000000000000000000000000000000000
310
00000000000000000000000000000000000000000000000000000000000000000000000000000000000000000000000000000000000000000000000000000000000000000000000000000000000000000000000000000000000000000000000000000000000000000000000000000000000000000000000000000000000000
310
00000000000000000000000000000000000000000000000000000000000000000000000000000000000000000000000000000000000000000000000000000000000000000000000000000000000000000000000000000000000000000000000000000000000000000000000000000000000000000000000000000000000000
310
00000000000000000000000000000000000000000000000000000000000000000000000000000000000000000000000000000000000000000000000000000000000000000000000000000000000000000000000000000000000000000000000000000000000000000000000000000000000000000000000000000000000000
310
00000000000000000000000000000000000000000000000000000000000000000000000000000000000000000000000000000000000000000000000000000000000000000000000000000000000000000000000000000000000000000000000000000000000000000000000000000000000000000000000000000000000000
310
00000000000000000000000000000000000000000000000000000000000000000000000000000000000000000000000000000000000000000000000000000000000000000000000000000000000000000000000000000000000000000000000000000000000000000000000000000000000000000000000000000000000000
310
00000000000000000000000000000000000000000000000000000000000000000000000000000000000000000000000000000000000000000000000000000000000000000000000000000000000000000000000000000000000000000000000000000000000000000000000000000000000000000000000000000000000000
310
00000000000000000000000000000000000000000000000000000000000000000000000000000000000000000000000000000000000000000000000000000000000000000000000000000000000000000000000000000000000000000000000000000000000000000000000000000000000000000000000000000000000000
310
00000000000000000000000000000000000000000000000000000000000000000000000000000000000000000000000000000000000000000000000000000000000000000000000000000000000000000000000000000000000000000000000000000000000000000000000000000000000000000000000000000000000000
310
00000000000000000000000000000000000000000000000000000000000000000000000000000000000000000000000000000000000000000000000000000000000000000000000000000000000000000000000000000000000000000000000000000000000000000000000000000000000000000000000000000000000000
310
00000000000000000000000000000000000000000000000000000000000000000000000000000000000000000000000000000000000000000000000000000000000000000000000000000000000000000000000000000000000000000000000000000000000000000000000000000000000000000000000000000000000000
310
00000000000000000000000000000000000000000000000000000000000000000000000000000000000000000000000000000000000000000000000000000000000000000000000000000000000000000000000000000000000000000000000000000000000000000000000000000000000000000000000000000000000000
310
00000000000000000000000000000000000000000000000000000000000000000000000000000000000000000000000000000000000000000000000000000000000000000000000000000000000000000000000000000000000000000000000000000000000000000000000000000000000000000000000000000000000000
310
00000000000000000000000000000000000000000000000000000000000000000000000000000000000000000000000000000000000000000000000000000000000000000000000000000000000000000000000000000000000000000000000000000000000000000000000000000000000000000000000000000000000000
310
00000000000000000000000000000000000000000000000000000000000000000000000000000000000000000000000000000000000000000000000000000000000000000000000000000000000000000000000000000000000000000000000000000000000000000000000000000000000000000000000000000000000000
310
00000000000000000000000000000000000000000000000000000000000000000000000000000000000000000000000000000000000000000000000000000000000000000000000000000000000000000000000000000000000000000000000000000000000000000000000000000000000000000000000000000000000000
310
00000000000000000000000000000000000000000000000000000000000000000000000000000000000000000000000000000000000000000000000000000000000000000000000000000000000000000000000000000000000000000000000000000000000000000000000000000000000000000000000000000000000000
310
00000000000000000000000000000000000000000000000000000000000000000000000000000000000000000000000000000000000000000000000000000000000000000000000000000000000000000000000000000000000000000000000000000000000000000000000000000000000000000000000000000000000000
310
00000000000000000000000000000000000000000000000000000000000000000000000000000000000000000000000000000000000000000000000000000000000000000000000000000000000000000000000000000000000000000000000000000000000000000000000000000000000000000000000000000000000000
310
00000000000000000000000000000000000000000000000000000000000000000000000000000000000000000000000000000000000000000000000000000000000000000000000000000000000000000000000000000000000000000000000000000000000000000000000000000000000000000000000000000000000000
310
00000000000000000000000000000000000000000000000000000000000000000000000000000000000000000000000000000000000000000000000000000000000000000000000000000000000000000000000000000000000000000000000000000000000000000000000000000000000000000000000000000000000000
310
00000000000000000000000000000000000000000000000000000000000000000000000000000000000000000000000000000000000000000000000000000000000000000000000000000000000000000000000000000000000000000000000000000000000000000000000000000000000000000000000000000000000000
310
00000000000000000000000000000000000000000000000000000000000000000000000000000000000000000000000000000000000000000000000000000000000000000000000000000000000000000000000000000000000000000000000000000000000000000000000000000000000000000000000000000000000000
310
00000000000000000000000000000000000000000000000000000000000000000000000000000000000000000000000000000000000000000000000000000000000000000000000000000000000000000000000000000000000000000000000000000000000000000000000000000000000000000000000000000000000000
310
00000000000000000000000000000000000000000000000000000000000000000000000000000000000000000000000000000000000000000000000000000000000000000000000000000000000000000000000000000000000000000000000000000000000000000000000000000000000000000000000000000000000000
310
00000000000000000000000000000000000000000000000000000000000000000000000000000000000000000000000000000000000000000000000000000000000000000000000000000000000000000000000000000000000000000000000000000000000000000000000000000000000000000000000000000000000000
310
00000000000000000000000000000000000000000000000000000000000000000000000000000000000000000000000000000000000000000000000000000000000000000000000000000000000000000000000000000000000000000000000000000000000000000000000000000000000000000000000000000000000000
310
00000000000000000000000000000000000000000000000000000000000000000000000000000000000000000000000000000000000000000000000000000000000000000000000000000000000000000000000000000000000000000000000000000000000000000000000000000000000000000000000000000000000000
310
00000000000000000000000000000000000000000000000000000000000000000000000000000000000000000000000000000000000000000000000000000000000000000000000000000000000000000000000000000000000000000000000000000000000000000000000000000000000000000000000000000000000000
310
00000000000000000000000000000000000000000000000000000000000000000000000000000000000000000000000000000000000000000000000000000000000000000000000000000000000000000000000000000000000000000000000000000000000000000000000000000000000000000000000000000000000000
310
00000000000000000000000000000000000000000000000000000000000000000000000000000000000000000000000000000000000000000000000000000000000000000000000000000000000000000000000000000000000000000000000000000000000000000000000000000000000000000000000000000000000000
310
00000000000000000000000000000000000000000000000000000000000000000000000000000000000000000000000000000000000000000000000000000000000000000000000000000000000000000000000000000000000000000000000000000000000000000000000000000000000000000000000000000000000000
310
00000000000000000000000000000000000000000000000000000000000000000000000000000000000000000000000000000000000000000000000000000000000000000000000000000000000000000000000000000000000000000000000000000000000000000000000000000000000000000000000000000000000000
310
00000000000000000000000000000000000000000000000000000000000000000000000000000000000000000000000000000000000000000000000000000000000000000000000000000000000000000000000000000000000000000000000000000000000000000000000000000000000000000000000000000000000000
310
00000000000000000000000000000000000000000000000000000000000000000000000000000000000000000000000000000000000000000000000000000000000000000000000000000000000000000000000000000000000000000000000000000000000000000000000000000000000000000000000000000000000000
310
00000000000000000000000000000000000000000000000000000000000000000000000000000000000000000000000000000000000000000000000000000000000000000000000000000000000000000000000000000000000000000000000000000000000000000000000000000000000000000000000000000000000000
310
00000000000000000000000000000000000000000000000000000000000000000000000000000000000000000000000000000000000000000000000000000000000000000000000000000000000000000000000000000000000000000000000000000000000000000000000000000000000000000000000000000000000000
310
00000000000000000000000000000000000000000000000000000000000000000000000000000000000000000000000000000000000000000000000000000000000000000000000000000000000000000000000000000000000000000000000000000000000000000000000000000000000000000000000000000000000000
310
00000000000000000000000000000000000000000000000000000000000000000000000000000000000000000000000000000000000000000000000000000000000000000000000000000000000000000000000000000000000000000000000000000000000000000000000000000000000000000000000000000000000000
310
00000000000000000000000000000000000000000000000000000000000000000000000000000000000000000000000000000000000000000000000000000000000000000000000000000000000000000000000000000000000000000000000000000000000000000000000000000000000000000000000000000000000000
310
00000000000000000000000000000000000000000000000000000000000000000000000000000000000000000000000000000000000000000000000000000000000000000000000000000000000000000000000000000000000000000000000000000000000000000000000000000000000000000000000000000000000000
310
00000000000000000000000000000000000000000000000000000000000000000000000000000000000000000000000000000000000000000000000000000000000000000000000000000000000000000000000000000000000000000000000000000000000000000000000000000000000000000000000000000000000000
310
00000000000000000000000000000000000000000000000000000000000000000000000000000000000000000000000000000000000000000000000000000000000000000000000000000000000000000000000000000000000000000000000000000000000000000000000000000000000000000000000000000000000000
310
00000000000000000000000000000000000000000000000000000000000000000000000000000000000000000000000000000000000000000000000000000000000000000000000000000000000000000000000000000000000000000000000000000000000000000000000000000000000000000000000000000000000000
310
00000000000000000000000000000000000000000000000000000000000000000000000000000000000000000000000000000000000000000000000000000000000000000000000000000000000000000000000000000000000000000000000000000000000000000000000000000000000000000000000000000000000000
310
00000000000000000000000000000000000000000000000000000000000000000000000000000000000000000000000000000000000000000000000000000000000000000000000000000000000000000000000000000000000000000000000000000000000000000000000000000000000000000000000000000000000000
310
00000000000000000000000000000000000000000000000000000000000000000000000000000000000000000000000000000000000000000000000000000000000000000000000000000000000000000000000000000000000000000000000000000000000000000000000000000000000000000000000000000000000000
310
00000000000000000000000000000000000000000000000000000000000000000000000000000000000000000000000000000000000000000000000000000000000000000000000000000000000000000000000000000000000000000000000000000000000000000000000000000000000000000000000000000000000000
310
00000000000000000000000000000000000000000000000000000000000000000000000000000000000000000000000000000000000000000000000000000000000000000000000000000000000000000000000000000000000000000000000000000000000000000000000000000000000000000000000000000000000000
310
00000000000000000000000000000000000000000000000000000000000000000000000000000000000000000000000000000000000000000000000000000000000000000000000000000000000000000000000000000000000000000000000000000000000000000000000000000000000000000000000000000000000000
310
00000000000000000000000000000000000000000000000000000000000000000000000000000000000000000000000000000000000000000000000000000000000000000000000000000000000000000000000000000000000000000000000000000000000000000000000000000000000000000000000000000000000000
310
00000000000000000000000000000000000000000000000000000000000000000000000000000000000000000000000000000000000000000000000000000000000000000000000000000000000000000000000000000000000000000000000000000000000000000000000000000000000000000000000000000000000000
310
00000000000000000000000000000000000000000000000000000000000000000000000000000000000000000000000000000000000000000000000000000000000000000000000000000000000000000000000000000000000000000000000000000000000000000000000000000000000000000000000000000000000000
310
00000000000000000000000000000000000000000000000000000000000000000000000000000000000000000000000000000000000000000000000000000000000000000000000000000000000000000000000000000000000000000000000000000000000000000000000000000000000000000000000000000000000000
310
00000000000000000000000000000000000000000000000000000000000000000000000000000000000000000000000000000000000000000000000000000000000000000000000000000000000000000000000000000000000000000000000000000000000000000000000000000000000000000000000000000000000000
310
00000000000000000000000000000000000000000000000000000000000000000000000000000000000000000000000000000000000000000000000000000000000000000000000000000000000000000000000000000000000000000000000000000000000000000000000000000000000000000000000000000000000000
310
00000000000000000000000000000000000000000000000000000000000000000000000000000000000000000000000000000000000000000000000000000000000000000000000000000000000000000000000000000000000000000000000000000000000000000000000000000000000000000000000000000000000000
310
00000000000000000000000000000000000000000000000000000000000000000000000000000000000000000000000000000000000000000000000000000000000000000000000000000000000000000000000000000000000000000000000000000000000000000000000000000000000000000000000000000000000000
310
00000000000000000000000000000000000000000000000000000000000000000000000000000000000000000000000000000000000000000000000000000000000000000000000000000000000000000000000000000000000000000000000000000000000000000000000000000000000000000000000000000000000000
310
00000000000000000000000000000000000000000000000000000000000000000000000000000000000000000000000000000000000000000000000000000000000000000000000000000000000000000000000000000000000000000000000000000000000000000000000000000000000000000000000000000000000000
310
00000000000000000000000000000000000000000000000000000000000000000000000000000000000000000000000000000000000000000000000000000000000000000000000000000000000000000000000000000000000000000000000000000000000000000000000000000000000000000000000000000000000000
310
00000000000000000000000000000000000000000000000000000000000000000000000000000000000000000000000000000000000000000000000000000000000000000000000000000000000000000000000000000000000000000000000000000000000000000000000000000000000000000000000000000000000000
310
00000000000000000000000000000000000000000000000000000000000000000000000000000000000000000000000000000000000000000000000000000000000000000000000000000000000000000000000000000000000000000000000000000000000000000000000000000000000000000000000000000000000000
310
00000000000000000000000000000000000000000000000000000000000000000000000000000000000000000000000000000000000000000000000000000000000000000000000000000000000000000000000000000000000000000000000000000000000000000000000000000000000000000000000000000000000000
310
00000000000000000000000000000000000000000000000000000000000000000000000000000000000000000000000000000000000000000000000000000000000000000000000000000000000000000000000000000000000000000000000000000000000000000000000000000000000000000000000000000000000000
310
00000000000000000000000000000000000000000000000000000000000000000000000000000000000000000000000000000000000000000000000000000000000000000000000000000000000000000000000000000000000000000000000000000000000000000000000000000000000000000000000000000000000000
310
00000000000000000000000000000000000000000000000000000000000000000000000000000000000000000000000000000000000000000000000000000000000000000000000000000000000000000000000000000000000000000000000000000000000000000000000000000000000000000000000000000000000000
310
00000000000000000000000000000000000000000000000000000000000000000000000000000000000000000000000000000000000000000000000000000000000000000000000000000000000000000000000000000000000000000000000000000000000000000000000000000000000000000000000000000000000000
310
00000000000000000000000000000000000000000000000000000000000000000000000000000000000000000000000000000000000000000000000000000000000000000000000000000000000000000000000000000000000000000000000000000000000000000000000000000000000000000000000000000000000000
310
00000000000000000000000000000000000000000000000000000000000000000000000000000000000000000000000000000000000000000000000000000000000000000000000000000000000000000000000000000000000000000000000000000000000000000000000000000000000000000000000000000000000000
310
00000000000000000000000000000000000000000000000000000000000000000000000000000000000000000000000000000000000000000000000000000000000000000000000000000000000000000000000000000000000000000000000000000000000000000000000000000000000000000000000000000000000000
310
00000000000000000000000000000000000000000000000000000000000000000000000000000000000000000000000000000000000000000000000000000000000000000000000000000000000000000000000000000000000000000000000000000000000000000000000000000000000000000000000000000000000000
310
00000000000000000000000000000000000000000000000000000000000000000000000000000000000000000000000000000000000000000000000000000000000000000000000000000000000000000000000000000000000000000000000000000000000000000000000000000000000000000000000000000000000000
310
00000000000000000000000000000000000000000000000000000000000000000000000000000000000000000000000000000000000000000000000000000000000000000000000000000000000000000000000000000000000000000000000000000000000000000000000000000000000000000000000000000000000000
310
00000000000000000000000000000000000000000000000000000000000000000000000000000000000000000000000000000000000000000000000000000000000000000000000000000000000000000000000000000000000000000000000000000000000000000000000000000000000000000000000000000000000000
310
00000000000000000000000000000000000000000000000000000000000000000000000000000000000000000000000000000000000000000000000000000000000000000000000000000000000000000000000000000000000000000000000000000000000000000000000000000000000000000000000000000000000000
310
00000000000000000000000000000000000000000000000000000000000000000000000000000000000000000000000000000000000000000000000000000000000000000000000000000000000000000000000000000000000000000000000000000000000000000000000000000000000000000000000000000000000000
310
00000000000000000000000000000000000000000000000000000000000000000000000000000000000000000000000000000000000000000000000000000000000000000000000000000000000000000000000000000000000000000000000000000000000000000000000000000000000000000000000000000000000000
310
00000000000000000000000000000000000000000000000000000000000000000000000000000000000000000000000000000000000000000000000000000000000000000000000000000000000000000000000000000000000000000000000000000000000000000000000000000000000000000000000000000000000000
310
00000000000000000000000000000000000000000000000000000000000000000000000000000000000000000000000000000000000000000000000000000000000000000000000000000000000000000000000000000000000000000000000000000000000000000000000000000000000000000000000000000000000000
310
00000000000000000000000000000000000000000000000000000000000000000000000000000000000000000000000000000000000000000000000000000000000000000000000000000000000000000000000000000000000000000000000000000000000000000000000000000000000000000000000000000000000000
310
00000000000000000000000000000000000000000000000000000000000000000000000000000000000000000000000000000000000000000000000000000000000000000000000000000000000000000000000000000000000000000000000000000000000000000000000000000000000000000000000000000000000000
310
00000000000000000000000000000000000000000000000000000000000000000000000000000000000000000000000000000000000000000000000000000000000000000000000000000000000000000000000000000000000000000000000000000000000000000000000000000000000000000000000000000000000000
310
00000000000000000000000000000000000000000000000000000000000000000000000000000000000000000000000000000000000000000000000000000000000000000000000000000000000000000000000000000000000000000000000000000000000000000000000000000000000000000000000000000000000000
310
00000000000000000000000000000000000000000000000000000000000000000000000000000000000000000000000000000000000000000000000000000000000000000000000000000000000000000000000000000000000000000000000000000000000000000000000000000000000000000000000000000000000000
310
00000000000000000000000000000000000000000000000000000000000000000000000000000000000000000000000000000000000000000000000000000000000000000000000000000000000000000000000000000000000000000000000000000000000000000000000000000000000000000000000000000000000000
310
00000000000000000000000000000000000000000000000000000000000000000000000000000000000000000000000000000000000000000000000000000000000000000000000000000000000000000000000000000000000000000000000000000000000000000000000000000000000000000000000000000000000000
310
00000000000000000000000000000000000000000000000000000000000000000000000000000000000000000000000000000000000000000000000000000000000000000000000000000000000000000000000000000000000000000000000000000000000000000000000000000000000000000000000000000000000000
310
00000000000000000000000000000000000000000000000000000000000000000000000000000000000000000000000000000000000000000000000000000000000000000000000000000000000000000000000000000000000000000000000000000000000000000000000000000000000000000000000000000000000000
310
00000000000000000000000000000000000000000000000000000000000000000000000000000000000000000000000000000000000000000000000000000000000000000000000000000000000000000000000000000000000000000000000000000000000000000000000000000000000000000000000000000000000000
310
00000000000000000000000000000000000000000000000000000000000000000000000000000000000000000000000000000000000000000000000000000000000000000000000000000000000000000000000000000000000000000000000000000000000000000000000000000000000000000000000000000000000000
310
00000000000000000000000000000000000000000000000000000000000000000000000000000000000000000000000000000000000000000000000000000000000000000000000000000000000000000000000000000000000000000000000000000000000000000000000000000000000000000000000000000000000000
310
00000000000000000000000000000000000000000000000000000000000000000000000000000000000000000000000000000000000000000000000000000000000000000000000000000000000000000000000000000000000000000000000000000000000000000000000000000000000000000000000000000000000000
310
00000000000000000000000000000000000000000000000000000000000000000000000000000000000000000000000000000000000000000000000000000000000000000000000000000000000000000000000000000000000000000000000000000000000000000000000000000000000000000000000000000000000000
310
00000000000000000000000000000000000000000000000000000000000000000000000000000000000000000000000000000000000000000000000000000000000000000000000000000000000000000000000000000000000000000000000000000000000000000000000000000000000000000000000000000000000000
310
00000000000000000000000000000000000000000000000000000000000000000000000000000000000000000000000000000000000000000000000000000000000000000000000000000000000000000000000000000000000000000000000000000000000000000000000000000000000000000000000000000000000000
310
00000000000000000000000000000000000000000000000000000000000000000000000000000000000000000000000000000000000000000000000000000000000000000000000000000000000000000000000000000000000000000000000000000000000000000000000000000000000000000000000000000000000000
310
00000000000000000000000000000000000000000000000000000000000000000000000000000000000000000000000000000000000000000000000000000000000000000000000000000000000000000000000000000000000000000000000000000000000000000000000000000000000000000000000000000000000000
310
00000000000000000000000000000000000000000000000000000000000000000000000000000000000000000000000000000000000000000000000000000000000000000000000000000000000000000000000000000000000000000000000000000000000000000000000000001E1E1E1E1E1E1E1E1E00000000001E1E1E
310
1E1E1E1E1E00000000001E1E1E1E1E1E1E1E1E1E1E00000000001E1E1E1E1E1E1E1E1E1E1E00000000001E1E1E1E1E1E1E1E00000000001E1E1E1E1E1E1E1E1E000000000000000000000000000000000000000000000000000000000000000000000000000000000000000000000000000000000000000000000000000000
310
00000000000000000000000000000000000000000000000000000000000000000000000000000000000000000000000000000000000000000000000000000000000000000000000000000000000000000000000000000000000000000000000000000000000000000000000000000000000000000000000000000000000000
310
00000000000000000000000000000000000000000000000000000000000000000000000000000000000000000000000000000000000000000000000000000000000000000000000000000000000000000000000000000000000000000000000000000000000000000000000000000000000000000000000000000000000000
310
0000000000000000000000000000000000000000000000000000000000000000000000000000000000000000000000000000000000000000000000000000000000000000000000000000000000000000000000000000000000000000000000000000000000000000000000000000000000001E000000000000001E00000000
310
001E0000000000001E00000000001E0000000000000000001E00000000001E0000000000000000001E00000000001E0000000000001E00000000001E000000000000001E0000000000000000000000000000000000000000000000000000000000000000000000000000000000000000000000000000000000000000000000
310
00000000000000000000000000000000000000000000000000000000000000000000000000000000000000000000000000000000000000000000000000000000000000000000000000000000000000000000000000000000000000000000000000000000000000000000000000000000000000000000000000000000000000
310
00000000000000000000000000000000000000000000000000000000000000000000000000000000000000000000000000000000000000000000000000000000000000000000000000000000000000000000000000000000000000000000000000000000000000000000000000000000000000000000000000000000000000
310
000000000000000000000000000000000000000000000000000000000000000000000000000000000000000000000000000000000000000000000000000000000000000000000000000000000000000000000000000000000000000000000000000000000000000000000000000000000000000000001E000000000000001E
310
1E1E1E1E1E1E0000000000001E1E1E1E1E1E1E0000000000000000001E1E1E1E1E1E1E0000000000000000001E1E1E1E1E1E1E0000000000001E1E1E1E1E1E1E000000000000001E00000000000000000000000000000000000000000000000000000000000000000000000000000000000000000000000000000000000000
310
00000000000000000000000000000000000000000000000000000000000000000000000000000000000000000000000000000000000000000000000000000000000000000000000000000000000000000000000000000000000000000000000000000000000000000000000000000000000000000000000000000000000000
310
00000000000000000000000000000000000000000000000000000000000000000000000000000000000000000000000000000000000000000000000000000000000000000000000000000000000000000000000000000000000000000000000000000000000000000000000000000000000000000000000000000000000000
310
00000000000000000000000000000000000000000000000000000000000000000000000000000000000000000000000000000000000000000000000000000000000000000000000000000000000000000000000000000000000000000000000000000000000000000000000000000000000000000000000000001E00000000
310
0000000000000000000000000000000000000000000000000000000000000000000000000000000000000000000000000000000000000000000000000000000000000000000000000000001E000000000000000000000000000000000000000000000000000000000000000000000000000000000000000000000000000000
310
00000000000000000000000000000000000000000000000000000000000000000000000000000000000000000000000000000000000000000000000000000000000000000000000000000000000000000000000000000000000000000000000000000000000000000000000000000000000000000000000000000000000000
310
00000000000000000000000000000000000000000000000000000000000000000000000000000000000000000000000000000000000000000000000000000000000000000000000000000000000000000000000000000000000000000000000000000000000000000000000000000000000000000000000000000000000000
310
0000000000000000000000000000000000000000000000000000000000000000000000000000000000000000000000000000000000000000000000000000000000000000000000000000000000000000000000000000000000000000000000000000000000000000000000000000000000000000000000000000000000001E
310
000000000000000000000000000000000000000000000000000000000000000000000000000000000000000000000000000000000000000000000000000000000000000000000000000000000000001E0000000000000000000000000000000000000000000000000000000000000000000000000000000000000000000000
310
00000000000000000000000000000000000000000000000000000000000000000000000000000000000000000000000000000000000000000000000000000000000000000000000000000000000000000000000000000000000000000000000000000000000000000000000000000000000000000000000000000000000000
310
00000000000000000000000000000000000000000000000000000000000000000000000000000000000000000000000000000000000000000000000000000000000000000000000000000000000000000000000000000000000000000000000000000000000000000000000000000000000000000000000000000000000000
310
00000000000000000000000000000000000000000000000000000000000000000000000000000000000000000000000000000000000000000000000000000000000000000000000000000000000000000000000000000000000000000000000000000000000000000000000000000000000000000000000000000000000000
310
0000001E1E1E0000000000000000000000000000000000000000000000000000000000000000000000000000000000000000000000000000000000000000000000000000000000000000000000000000001E1E1E00000000000000000000000000000000000000000000000000000000000000000000000000000000000000
310
00000000000000000000000000000000000000000000000000000000000000000000000000000000000000000000000000000000000000000000000000000000000000000000000000000000000000000000000000000000000000000000000000000000000000000000000000000000000000000000000000000000000000
310
00000000000000000000000000000000000000000000000000000000000000000000000000000000000000000000000000000000000000000000000000000000000000000000000000000000000000000000000000000000000000000000000000000000000000000000000000000000000000000000000000000000000000
310
00000000000000000000000000000000000000000000000000000000000000000000000000000000000000000000000000000000000000000000000000000000000000000000000000000000000000000000000000000000000000000000000000000000000000000000000000000000000000000000000000000000000000
310
0000000007070707071E0707070707070707070707070707070707070707070707070707070707070707070707070707070707070707070707070707070707070707070707070707070707070707070707070707071E0707070707070700000000000000000000000000000000000000000000000000000000000000000000
310
00000000000000000000000000000000000000000000000000000000000000000000000000000000000000000000000000000000000000000000000000000000000000000000000000000000000000000000000000000000000000000000000000000000000000000000000000000000000000000000000000000000000000
310
00000000000000000000000000000000000000000000000000000000000000000000000000000000000000000000000000000000000000000000000000000000000000000000000000000000000000000000000000000000000000000000000000000000000000000000000000000000000000000000000000000000000000
310
00000000000000000000000000000000000000000000000000000000000000000000000000000000000000000000000000000000000000000000000000000000000000000000000000000000000000000000000000000000000000000000000000000000000000000000000000000000000000000000000000000000000000
310
000000000000000007000000001E0000000000000000000000000000000000000000000000000000000000000000000000000000000000000000000000000000000000000000000000000000000000000000000000000000001E00000000000007000000000000000000000000000000000000000000000000000000000000
310
00000000000000000000000000000000000000000000000000000000000000000000000000000000000000000000000000000000000000000000000000000000000000000000000000000000000000000000000000000000000000000000000000000000000000000000000000000000000000000000000000000000000000
310
00000000000000000000000000000000000000000000000000000000000000000000000000000000000000000000000000000000000000000000000000000000000000000000000000000000000000000000000000000000000000000000000000000000000000000000000000000000000000000000000000000000000000
310
00000000000000000000000000000000000000000000000000000000000000000000000000000000000000000000000000000000000000000000000000000000000000000000000000000000000000000000000000000000000000000000000000000000000000000000000000000000000000000000000000000000000000
310
00000000000000000000000007000000001E0000000000000000000000000000000000000000000000000000000000000000000000000000000000000009070700000000000000000000000000000000000000000000000000000000001E000000000000070000000000000000000000000000000000000000000000000000
310
00000000000000000000000000000000000000000000000000000000000000000000000000000000000000000000000000000000000000000000000000000000000000000000000000000000000000000000000000000000000000000000000000000000000000000000000000000000000000000000000000000000000000
310
00000000000000000000000000000000000000000000000000000000000000000000000000000000000000000000000000000000000000000000000000000000000000000000000000000000000000000000000000000000000000000000000000000000000000000000000000000000000000000000000000000000000000
310
00000000000000000000000000000000000000000000000000000000000000000000000000000000000000000000000000000000000000000000000000000000000000000000000000000000000000000000000000000000000000000000000000000000000000000000000000000000000000000000000000000000000000
310
0000000000000000000000000000000007000000001E0000000000000000000000000000000000000000000000000000000000000000000000000000000000070707FD07070700000000FC00FD00FD0000000000000000000000000000000000001E0000000000000700000000000000000000000000000000000000000000
310
00000000000000000000000000000000000000000000000000000000000000000000000000000000000000000000000000000000000000000000000000000000000000000000000000000000000000000000000000000000000000000000000000000000000000000000000000000000000000000000000000000000000000
310
00000000000000000000000000000000000000000000000000000000000000000000000000000000000000000000000000000000000000000000000000000000000000000000000000000000000000000000000000000000000000000000000000000000000000000000000000000000000000000000000000000000000000
310
00000000000000000000000000000000000000000000000000000000000000000000000000000000000000000000000000000000000000000000000000000000000000000000000000000000000000000000000000000000000000000000000000000000000000000000000000000000000000000000000000000000000000
310
000000000000000000000000000000000000000007000000001E0000000000000000000000000000000000000000FDFF00001C0000001D00000000000000000007070707000000000000FB0700000000090009FF00000000000000000000000000000000001E00000000000007000000000000000000000000000000000000
310
00000000000000000000000000000000000000000000000000000000000000000000000000000000000000000000000000000000000000000000000000000000000000000000000000000000000000000000000000000000000000000000000000000000000000000000000000000000000000000000000000000000000000
310
00000000000000000000000000000000000000000000000000000000000000000000000000000000000000000000000000000000000000000000000000000000000000000000000000000000000000000000000000000000000000000000000000000000000000000000000000000000000000000000000000000000000000
310
00000000000000000000000000000000000000000000000000000000000000000000000000000000000000000000000000000000000000000000000000000000000000000000000000000000000000000000000000000000000000000000000000000000000000000000000000000000000000000000000000000000000000
310
0000000000000000000000000000000000000000000000000700001E1E1E00000000000000000000000000000000000000000000FC07000000000000000000000000070707090000FD0009FC00130000000707000000000000000000000007000000000000000000001E1E1E00000000070000000000000000000000000000
310
00000000000000000000000000000000000000000000000000000000000000000000000000000000000000000000000000000000000000000000000000000000000000000000000000000000000000000000000000000000000000000000000000000000000000000000000000000000000000000000000000000000000000
310
00000000000000000000000000000000000000000000000000000000000000000000000000000000000000000000000000000000000000000000000000000000000000000000000000000000000000000000000000000000000000000000000000000000000000000000000000000000000000000000000000000000000000
310
00000000000000000000000000000000000000000000000000000000000000000000000000000000000000000000000000000000000000000000000000000000000000000000000000000000000000000000000000000000000000000000000000000000000000000000000000000000000000000000000000000000000000
310
000000000000000000000000000000000000000000000000000000000700001E00000000000000000000000000000000000000000007000000FE00070007000000000007070707000008000700130007000000000000000707000000090000000700000000000000000000000000001E000000000700000000000000000000
310
00000000000000000000000000000000000000000000000000000000000000000000000000000000000000000000000000000000000000000000000000000000000000000000000000000000000000000000000000000000000000000000000000000000000000000000000000000000000000000000000000000000000000
310
00000000000000000000000000000000000000000000000000000000000000000000000000000000000000000000000000000000000000000000000000000000000000000000000000000000000000000000000000000000000000000000000000000000000000000000000000000000000000000000000000000000000000
310
00000000000000000000000000000000000000000000000000000000000000000000000000000000000000000000000000000000000000000000000000000000000000000000000000000000000000000000000000000000000000000000000000000000000000000000000000000000000000000000000000000000000000
310
00000000000000000000000000000000000000000000000000000000000000000700001E0000000000000000000000000000000000000000070000000000000000000000070707070000000000000900000000070000000000000000000807FF0000FE080000FF0000000000000000000000001E0000000007000000000000
310
00000000000000000000000000000000000000000000000000000000000000000000000000000000000000000000000000000000000000000000000000000000000000000000000000000000000000000000000000000000000000000000000000000000000000000000000000000000000000000000000000000000000000
310
00000000000000000000000000000000000000000000000000000000000000000000000000000000000000000000000000000000000000000000000000000000000000000000000000000000000000000000000000000000000000000000000000000000000000000000000000000000000000000000000000000000000000
310
00000000000000000000000000000000000000000000000000000000000000000000000000000000000000000000000000000000000000000000000000000000000000000000000000000000000000000000000000000000000000000000000000000000000000000000000000000000000000000000000000000000000000
310
0000000000000000000000000000000000000000000000000000000000000000000000000700001E000000000000000000000000000007000007000000070909FC008B00008907070700000000000000000000000000000700000000000000000000000007FC00000800000000000000000000000000001E00000000070000
310
00000000000000000000000000000000000000000000000000000000000000000000000000000000000000000000000000000000000000000000000000000000000000000000000000000000000000000000000000000000000000000000000000000000000000000000000000000000000000000000000000000000000000
310
00000000000000000000000000000000000000000000000000000000000000000000000000000000000000000000000000000000000000000000000000000000000000000000000000000000000000000000000000000000000000000000000000000000000000000000000000000000000000000000000000000000000000
310
00000000000000000000000000000000000000000000000000000000000000000000000000000000000000000000000000000000000000000000000000000000000000000000000000000000000000000000000000000000000000000000000000000000000000000000000000000000000000000000000000000000000000
310
000000000000000000000000000000000000000000000000000000000000000000000000000000000700001E00000000000000000000000000000000FE1C00000700000000070007070707000000000000000000000900080000000000070000000000000000000000000007000013FC00000000000000000000001E000000
310
00070000000000000000000000000000000000000000000000000000000000000000000000000000000000000000000000000000000000000000000000000000000000000000000000000000000000000000000000000000000000000000000000000000000000000000000000000000000000000000000000000000000000
310
00000000000000000000000000000000000000000000000000000000000000000000000000000000000000000000000000000000000000000000000000000000000000000000000000000000000000000000000000000000000000000000000000000000000000000000000000000000000000000000000000000000000000
310
00000000000000000000000000000000000000000000000000000000000000000000000000000000000000000000000000000000000000000000000000000000000000000000000000000000000000000000000000000000000000000000000000000000000000000000000000000000000000000000000000000000000000
310
00000000000000000000000000000000000000000000000000000000000000000000000000000000000000000700001E00000000000000000000000000930000000000070000FC00080707070000FF000000000000000000000000000000070000070000000000000000000000070007FF0000001D00000000000000000000
310
1E000000000700000000000000000000000000000000000000000000000000000000000000000000000000000000000000000000000000000000000000000000000000000000000000000000000000000000000000000000000000000000000000000000000000000000000000000000000000000000000000000000000000
310
00000000000000000000000000000000000000000000000000000000000000000000000000000000000000000000000000000000000000000000000000000000000000000000000000000000000000000000000000000000000000000000000000000000000000000000000000000000000000000000000000000000000000
310
00000000000000000000000000000000000000000000000000000000000000000000000000000000000000000000000000000000000000000000000000000000000000000000000000000000000000000000000000000000000000000000000000000000000000000000000000000000000000000000000000000000000000
310
0000000000000000000000000000000000000000000000000000000000000000000000000000000000000000000000000700001E00000000000000000000000000000900000000000000070707000093000000000000000000000000000000FC0000070007090000000000000000000000000013FFFD00FE0000FD00000000
310
000000001E0000000007000000000000000000000000000000000000000000000000000000000000000000000000000000000000000000000000000000000000000000000000000000000000000000000000000000000000000000000000000000000000000000000000000000000000000000000000000000000000000000
310
00000000000000000000000000000000000000000000000000000000000000000000000000000000000000000000000000000000000000000000000000000000000000000000000000000000000000000000000000000000000000000000000000000000000000000000000000000000000000000000000000000000000000
310
00000000000000000000000000000000000000000000000000000000000000000000000000000000000000000000000000000000000000000000000000000000000000000000000000000000000000000000000000000000000000000000000000000000000000000000000000000000000000000000000000000000000000
310
000000000000000000000000000000000000000000000000000000000000000000000000000000000000000000000000000000000700001E1E1E000000000000000000FF0000FD000000000707079300000000FD000000000000000000000000000000070000000000000907000000000000000009FC000000000009000800
310
0000000000001E1E1E00000000070000000000000000000000000000000000000000000000000000000000000000000000000000000000000000000000000000000000000000000000000000000000000000000000000000000000000000000000000000000000000000000000000000000000000000000000000000000000
310
00000000000000000000000000000000000000000000000000000000000000000000000000000000000000000000000000000000000000000000000000000000000000000000000000000000000000000000000000000000000000000000000000000000000000000000000000000000000000000000000000000000000000
310
00000000000000000000000000000000000000000000000000000000000000000000000000000000000000000000000000000000000000000000000000000000000000000000000000000000000000000000000000000000000000000000000000000000000000000000000000000000000000000000000000000000000000
310
000000000000000000000000000000000000000000000000000000000000000000000000000000000000000000000000000000000000000007000000001E000000000000000000FD000000000707070700000000000000000000000000000000000000FD070000000000000000000000001C00000000FDFF0007070707FF00
310
000000000000000000001E0000000000000700000000000000000000000000000000000000000000000000000000000000000000000000000000000000000000000000000000000000000000000000000000000000000000000000000000000000000000000000000000000000000000000000000000000000000000000000
310
00000000000000000000000000000000000000000000000000000000000000000000000000000000000000000000000000000000000000000000000000000000000000000000000000000000000000000000000000000000000000000000000000000000000000000000000000000000000000000000000000000000000000
310
00000000000000000000000000000000000000000000000000000000000000000000000000000000000000000000000000000000000000000000000000000000000000000000000000000000000000000000000000000000000000000000000000000000000000000000000000000000000000000000000000000000000000
310
00000000000000000000000000000000000000000000000000000000000000000000000000000000000000000000000000000000000000000000000007000000001E000000000000000000000000070707FC000000000000000000000000000000000000001307000000000000000000000000000000000007001D00000007
310
0000FC07070000000000000000001E00000000000007000000000000000000000000000000000000000000000000000000000000000000000000000000000000000000000000000000000000000000000000000000000000000000000000000000000000000000000000000000000000000000000000000000000000000000
310
00000000000000000000000000000000000000000000000000000000000000000000000000000000000000000000000000000000000000000000000000000000000000000000000000000000000000000000000000000000000000000000000000000000000000000000000000000000000000000000000000000000000000
310
00000000000000000000000000000000000000000000000000000000000000000000000000000000000000000000000000000000000000000000000000000000000000000000000000000000000000000000000000000000000000000000000000000000000000000000000000000000000000000000000000000000000000
310
0000000000000000000000000000000000000000000000000000000000000000000000000000000000000000000000000000000000000000000000000000000007000000001E00000000000000000007070707000000000000000000000000000000000000000707000000000700000800FE00000000000000000000000907
310
0009000700000707070707FB0000000000001E000000000000070000000000000000000000000000000000000000000000000000000000000000000000000000000000000000000000000000000000000000000000000000000000000000000000000000000000000000000000000000000000000000000000000000000000
310
00000000000000000000000000000000000000000000000000000000000000000000000000000000000000000000000000000000000000000000000000000000000000000000000000000000000000000000000000000000000000000000000000000000000000000000000000000000000000000000000000000000000000
310
00000000000000000000000000000000000000000000000000000000000000000000000000000000000000000000000000000000000000000000000000000000000000000000000000000000000000000000000000000000000000000000000000000000000000000000000000000000000000000000000000000000000000
310
000000000000000000000000000000000000000000000000000000000000000000000000000000000000000000000000000000000000000000000000000000000000000007000000001E0000000000001307070700000000000000000000000000000000000000071C00000000000700000008000900000907001300000000
310
000000000007000708000707070707070000000000001E0000000000000700000000000000000000000000000000000000000000000000000000000000000000000000000000000000000000000000000000000000000000000000000000000000000000000000000000000000000000000000000000000000000000000000
310
00000000000000000000000000000000000000000000000000000000000000000000000000000000000000000000000000000000000000000000000000000000000000000000000000000000000000000000000000000000000000000000000000000000000000000000000000000000000000000000000000000000000000
310
00000000000000000000000000000000000000000000000000000000000000000000000000000000000000000000000000000000000000000000000000000000000000000000000000000000000000000000000000000000000000000000000000000000000000000000000000000000000000000000000000000000000000
310
00000000000000000000000000000000000000000000000000000000000000000000000000000000000000000000000000000000000000000000000000000000000000000000000007000000001E000000000000000007009500000000000000000000000000000007070000000000FD07FC0000009500000000000000FC00
310
070000000000000000FB070700001D00000707070000000000001E00000000000007000000000000000000000000000000000000000000000000000000000000000000000000000000000000000000000000000000000000000000000000000000000000000000000000000000000000000000000000000000000000000000
310
00000000000000000000000000000000000000000000000000000000000000000000000000000000000000000000000000000000000000000000000000000000000000000000000000000000000000000000000000000000000000000000000000000000000000000000000000000000000000000000000000000000000000
310
00000000000000000000000000000000000000000000000000000000000000000000000000000000000000000000000000000000000000000000000000000000000000000000000000000000000000000000000000000000000000000000000000000000000000000000000000000000000000000000000000000000000000
310
0000000000000000000000000000000000000000000000000000000000000000000000000000000000000000000000000000000000000000000000000000000000000000000000000000000007000000001E000000000000000007000000000000000000000000000007070000000000000000000000000000000000000000
310
000007070707071C00000707070000070000000000FD00070000000000001E000000000000070000000000000000000000000000000000000000000000000000000000000000000000000000000000000000000000000000000000000000000000000000000000000000000000000000000000000000000000000000000000
310
00000000000000000000000000000000000000000000000000000000000000000000000000000000000000000000000000000000000000000000000000000000000000000000000000000000000000000000000000000000000000000000000000000000000000000000000000000000000000000000000000000000000000
310
00000000000000000000000000000000000000000000000000000000000000000000000000000000000000000000000000000000000000000000000000000000000000000000000000000000000000000000000000000000000000000000000000000000000000000000000000000000000000000000000000000000000000
310
000000000000000000000000000000000000000000000000000000000000000000000000000000000000000000000000000000000000000000000000000000000000000000000000000000000000000007000000001E0000000000000000070000000000000000000000000700000000000000000000070707090813000000
310
130000000000130000000007070707070707000000000000000000000000000000001E0000000000000700000000000000000000000000000000000000000000000000000000000000000000000000000000000000000000000000000000000000000000000000000000000000000000000000000000000000000000000000
310
00000000000000000000000000000000000000000000000000000000000000000000000000000000000000000000000000000000000000000000000000000000000000000000000000000000000000000000000000000000000000000000000000000000000000000000000000000000000000000000000000000000000000
310
00000000000000000000000000000000000000000000000000000000000000000000000000000000000000000000000000000000000000000000000000000000000000000000000000000000000000000000000000000000000000000000000000000000000000000000000000000000000000000000000000000000000000
310
00000000000000000000000000000000000000000000000000000000000000000000000000000000000000000000000000000000000000000000000000000000000000000000000000000000000000000000000007000000001E00000000000000000700000000FF0000000907000000000000000000000000000000000907
310
0900000013090007FF000700FB0707070707070707FB000007000000000000000000000000001E00000000000007000000000000000000000000000000000000000000000000000000000000000000000000000000000000000000000000000000000000000000000000000000000000000000000000000000000000000000
310
00000000000000000000000000000000000000000000000000000000000000000000000000000000000000000000000000000000000000000000000000000000000000000000000000000000000000000000000000000000000000000000000000000000000000000000000000000000000000000000000000000000000000
310
00000000000000000000000000000000000000000000000000000000000000000000000000000000000000000000000000000000000000000000000000000000000000000000000000000000000000000000000000000000000000000000000000000000000000000000000000000000000000000000000000000000000000
310
0000000000000000000000000000000000000000000000000000000000000000000000000000000000000000000000000000000000000000000000000000000000000000000000000000000000000000000000000000000007000000001E0000000000000000070009008B00FD070000FC0000000000000000000000000000
310
000000000007070700070013000707FF00070707079300000907000000000700000000000000000000001E000000000000070000000000000000000000000000000000000000000000000000000000000000000000000000000000000000000000000000000000000000000000000000000000000000000000000000000000
310
00000000000000000000000000000000000000000000000000000000000000000000000000000000000000000000000000000000000000000000000000000000000000000000000000000000000000000000000000000000000000000000000000000000000000000000000000000000000000000000000000000000000000
310
00000000000000000000000000000000000000000000000000000000000000000000000000000000000000000000000000000000000000000000000000000000000000000000000000000000000000000000000000000000000000000000000000000000000000000000000000000000000000000000000000000000000000
310
00000000000000000000000000000000000000000000000000000000000000000000000000000000000000000000000000000000000000000000000000000000000000000000000000000000000000000000000000000000000000000700001E1E1E000000000000000007000000070000070000FD00000000000000000000
310
00000000000000070000FF07000700000700000900000000000700000007000007000000950700000000000000001E1E1E000000000700000000000000000000000000000000000000000000000000000000000000000000000000000000000000000000000000000000000000000000000000000000000000000000000000
310
00000000000000000000000000000000000000000000000000000000000000000000000000000000000000000000000000000000000000000000000000000000000000000000000000000000000000000000000000000000000000000000000000000000000000000000000000000000000000000000000000000000000000
310
00000000000000000000000000000000000000000000000000000000000000000000000000000000000000000000000000000000000000000000000000000000000000000000000000000000000000000000000000000000000000000000000000000000000000000000000000000000000000000000000000000000000000
310
0000000000000000000000000000000000000000000000000000000000000000000000000000000000000000000000000000000000000000000000000000000000000000000000000000000000000000000000000000000000000000000000000700001E000000000000000000000707000000090000000000000000000000
310
000000000000000000000800090713000707070007070000FF07000000078BFCFC00000000000000FC00000700000000000000001E0000000007000000000000000000000000000000000000000000000000000000000000000000000000000000000000000000000000000000000000000000000000000000000000000000
310
00000000000000000000000000000000000000000000000000000000000000000000000000000000000000000000000000000000000000000000000000000000000000000000000000000000000000000000000000000000000000000000000000000000000000000000000000000000000000000000000000000000000000
310
00000000000000000000000000000000000000000000000000000000000000000000000000000000000000000000000000000000000000000000000000000000000000000000000000000000000000000000000000000000000000000000000000000000000000000000000000000000000000000000000000000000000000
310
000000000000000000000000000000000000000000000000000000000000000000000000000000000000000000000000000000000000000000000000000000000000000000000000000000000000000000000000000000000000000000000000000000000700001E0000000000000000000000070793000000000000000000
310
000000000000FF00000000000007000700001307071D00000907070000FD9300270707071D00000700FB0000000000FE00000000000000001E00000000070000000000000000000000000000000000000000000000000000000000000000000000000000000000000000000000000000000000000000000000000000000000
310
00000000000000000000000000000000000000000000000000000000000000000000000000000000000000000000000000000000000000000000000000000000000000000000000000000000000000000000000000000000000000000000000000000000000000000000000000000000000000000000000000000000000000
310
00000000000000000000000000000000000000000000000000000000000000000000000000000000000000000000000000000000000000000000000000000000000000000000000000000000000000000000000000000000000000000000000000000000000000000000000000000000000000000000000000000000000000
310
00000000000000000000000000000000000000000000000000000000000000000000000000000000000000000000000000000000000000000000000000000000000000000000000000000000000000000000000000000000000000000000000000000000000000000700001E00000000000000000000000000000007070000
310
0000000000000000FD0000000027070707000000000000000007000007130709000000000707070707070707FB0007000000070000000000000000001E000000000700000000000000000000000000000000000000000000000000000000000000000000000000000000000000000000000000000000000000000000000000
310
00000000000000000000000000000000000000000000000000000000000000000000000000000000000000000000000000000000000000000000000000000000000000000000000000000000000000000000000000000000000000000000000000000000000000000000000000000000000000000000000000000000000000
310
00000000000000000000000000000000000000000000000000000000000000000000000000000000000000000000000000000000000000000000000000000000000000000000000000000000000000000000000000000000000000000000000000000000000000000000000000000000000000000000000000000000000000
310
0000000000000000000000000000000000000000000000000000000000000000000000000000000000000000000000000000000000000000000000000000000000000000000000000000000000000000000000000000000000000000000000000000000000000000000000000700001E000000000000000000000000000000
310
0000000707FD00000007000000090707000000FD070000000000070700000707FD000713070000000000000707070707000000000707270000000000000000001E0000000007000000000000000000000000000000000000000000000000000000000000000000000000000000000000000000000000000000000000000000
310
00000000000000000000000000000000000000000000000000000000000000000000000000000000000000000000000000000000000000000000000000000000000000000000000000000000000000000000000000000000000000000000000000000000000000000000000000000000000000000000000000000000000000
310
00000000000000000000000000000000000000000000000000000000000000000000000000000000000000000000000000000000000000000000000000000000000000000000000000000000000000000000000000000000000000000000000000000000000000000000000000000000000000000000000000000000000000
310
000000000000000000000000000000000000000000000000000000000000000000000000000000000000000000000000000000000000000000000000000000000000000000000000000000000000000000000000000000000000000000000000000000000000000000000000000000000700001E0000000000000000000000
310
0000FE00000000000000FD07070007070000000000090007000000090000FB000000000809070707070000000000000007FF0007070800000000000000000000000000001E00000000070000000000000000000000000000000000000000000000000000000000000000000000000000000000000000000000000000000000
310
00000000000000000000000000000000000000000000000000000000000000000000000000000000000000000000000000000000000000000000000000000000000000000000000000000000000000000000000000000000000000000000000000000000000000000000000000000000000000000000000000000000000000
310
00000000000000000000000000000000000000000000000000000000000000000000000000000000000000000000000000000000000000000000000000000000000000000000000000000000000000000000000000000000000000000000000000000000000000000000000000000000000000000000000000000000000000
310
00000000000000000000000000000000000000000000000000000000000000000000000000000000000000000000000000000000000000000000000000000000000000000000000000000000000000000000000000000000000000000000000000000000000000000000000000000000000000000700001E1E1E0000000000
310
000000000000FD00000009000000000000000000000000070000070000000000000700000000070007070707090000000000000007FF070013070707070700000000000000001E1E1E000000000700000000000000000000000000000000000000000000000000000000000000000000000000000000000000000000000000
310
00000000000000000000000000000000000000000000000000000000000000000000000000000000000000000000000000000000000000000000000000000000000000000000000000000000000000000000000000000000000000000000000000000000000000000000000000000000000000000000000000000000000000
310
00000000000000000000000000000000000000000000000000000000000000000000000000000000000000000000000000000000000000000000000000000000000000000000000000000000000000000000000000000000000000000000000000000000000000000000000000000000000000000000000000000000000000
310
00000000000000000000000000000000000000000000000000000000000000000000000000000000000000000000000000000000000000000000000000000000000000000000000000000000000000000000000000000000000000000000000000000000000000000000000000000000000000000000000007000000001E00
310
00000000000000000000000700001D09000000000000000000000000000007000000000000000700000007000000000707070707080000FC0707070000000007070707000000000000001E00000000000007000000000000000000000000000000000000000000000000000000000000000000000000000000000000000000
310
00000000000000000000000000000000000000000000000000000000000000000000000000000000000000000000000000000000000000000000000000000000000000000000000000000000000000000000000000000000000000000000000000000000000000000000000000000000000000000000000000000000000000
310
00000000000000000000000000000000000000000000000000000000000000000000000000000000000000000000000000000000000000000000000000000000000000000000000000000000000000000000000000000000000000000000000000000000000000000000000000000000000000000000000000000000000000
310
00000000000000000000000000000000000000000000000000000000000000000000000000000000000000000000000000000000000000000000000000000000000000000000000000000000000000000000000000000000000000000000000000000000000000000000000000000000000000000000000000000000070000
310
00001E0000000000000000000009000000FBFC00080000000000000000070000000700000000000000FC0000000000FF0000000707070007070700000000000700000007070707000000000000001E000000000000070000000000000000000000000000000000000000000000000000000000000000000000000000000000
310
00000000000000000000000000000000000000000000000000000000000000000000000000000000000000000000000000000000000000000000000000000000000000000000000000000000000000000000000000000000000000000000000000000000000000000000000000000000000000000000000000000000000000
310
00000000000000000000000000000000000000000000000000000000000000000000000000000000000000000000000000000000000000000000000000000000000000000000000000000000000000000000000000000000000000000000000000000000000000000000000000000000000000000000000000000000000000
310
00000000000000000000000000000000000000000000000000000000000000000000000000000000000000000000000000000000000000000000000000000000000000000000000000000000000000000000000000000000000000000000000000000000000000000000000000000000000000000000000000000000000000
310
0007000000001E000000000000000000000000000009FD00130000FC00000009000000000700000000000000000000000000FBFF00000007070793070000FB000000000000000007070707000000000000001E0000000000000700000000000000000000000000000000000000000000000000000000000000000000000000
310
00000000000000000000000000000000000000000000000000000000000000000000000000000000000000000000000000000000000000000000000000000000000000000000000000000000000000000000000000000000000000000000000000000000000000000000000000000000000000000000000000000000000000
310
00000000000000000000000000000000000000000000000000000000000000000000000000000000000000000000000000000000000000000000000000000000000000000000000000000000000000000000000000000000000000000000000000000000000000000000000000000000000000000000000000000000000000
310
00000000000000000000000000000000000000000000000000000000000000000000000000000000000000000000000000000000000000000000000000000000000000000000000000000000000000000000000000000000000000000000000000000000000000000000000000000000000000000000000000000000000000
310
000000000007000000001E000000000000000000000093000000000009FC000000000007000000FC0000000000FF00000000071D0707000000000007078B0707000000000000070000000007070707000000000000001E00000000000007000000000000000000000000000000000000000000000000000000000000000000
310
00000000000000000000000000000000000000000000000000000000000000000000000000000000000000000000000000000000000000000000000000000000000000000000000000000000000000000000000000000000000000000000000000000000000000000000000000000000000000000000000000000000000000
310
00000000000000000000000000000000000000000000000000000000000000000000000000000000000000000000000000000000000000000000000000000000000000000000000000000000000000000000000000000000000000000000000000000000000000000000000000000000000000000000000000000000000000
310
00000000000000000000000000000000000000000000000000000000000000000000000000000000000000000000000000000000000000000000000000000000000000000000000000000000000000000000000000000000000000000000000000000000000000000000000000000000000000000000000000000000000000
310
00000000000000000007000000001E00000000000000000000000000000000FF00000000000000FB00000000070700000000000000130700000700000000000707000707070000000095070707FB0907070707000000000000001E000000000000070000000000000000000000000000000000000000000000000000000000
310
00000000000000000000000000000000000000000000000000000000000000000000000000000000000000000000000000000000000000000000000000000000000000000000000000000000000000000000000000000000000000000000000000000000000000000000000000000000000000000000000000000000000000
310
00000000000000000000000000000000000000000000000000000000000000000000000000000000000000000000000000000000000000000000000000000000000000000000000000000000000000000000000000000000000000000000000000000000000000000000000000000000000000000000000000000000000000
310
00000000000000000000000000000000000000000000000000000000000000000000000000000000000000000000000000000000000000000000000000000000000000000000000000000000000000000000000000000000000000000000000000000000000000000000000000000000000000000000000000000000000000
310
0000000000000000000000000007000000001E00000000000000000000000000000000FF00000000000000000000000000008B0000000000000800FC0000070000000007070700079D070707090000FDFC000007000007000000000000001E0000000000000700000000000000000000000000000000000000000000000000
310
00000000000000000000000000000000000000000000000000000000000000000000000000000000000000000000000000000000000000000000000000000000000000000000000000000000000000000000000000000000000000000000000000000000000000000000000000000000000000000000000000000000000000
310
00000000000000000000000000000000000000000000000000000000000000000000000000000000000000000000000000000000000000000000000000000000000000000000000000000000000000000000000000000000000000000000000000000000000000000000000000000000000000000000000000000000000000
310
00000000000000000000000000000000000000000000000000000000000000000000000000000000000000000000000000000000000000000000000000000000000000000000000000000000000000000000000000000000000000000000000000000000000000000000000000000000000000000000000000000000000000
310
000000000000000000000000000000000007000000001E000000000000000000000000000000930000000000000000070000000000FF0000000000000007080000FB0900000000070707000709FDFD00001D07078B000700000000000000000000001E00000000000007000000000000000000000000000000000000000000
310
00000000000000000000000000000000000000000000000000000000000000000000000000000000000000000000000000000000000000000000000000000000000000000000000000000000000000000000000000000000000000000000000000000000000000000000000000000000000000000000000000000000000000
310
00000000000000000000000000000000000000000000000000000000000000000000000000000000000000000000000000000000000000000000000000000000000000000000000000000000000000000000000000000000000000000000000000000000000000000000000000000000000000000000000000000000000000
310
00000000000000000000000000000000000000000000000000000000000000000000000000000000000000000000000000000000000000000000000000000000000000000000000000000000000000000000000000000000000000000000000000000000000000000000000000000000000000000000000000000000000000
310
00000000000000000000000000000000000000000007000000001E00000000000000000000000000000000000000000000000700000000FD00000000000000000007070007070000000000070707000000FD0708079500070000FB00000000000000000000001E000000000000070000000000000000000000000000000000
310
00000000000000000000000000000000000000000000000000000000000000000000000000000000000000000000000000000000000000000000000000000000000000000000000000000000000000000000000000000000000000000000000000000000000000000000000000000000000000000000000000000000000000
310
00000000000000000000000000000000000000000000000000000000000000000000000000000000000000000000000000000000000000000000000000000000000000000000000000000000000000000000000000000000000000000000000000000000000000000000000000000000000000000000000000000000000000
310
00000000000000000000000000000000000000000000000000000000000000000000000000000000000000000000000000000000000000000000000000000000000000000000000000000000000000000000000000000000000000000000000000000000000000000000000000000000000000000000000000000000000000
310
0000000000000000000000000000000000000000000000000007000000001E0000000000000000000000000000000000000000000013000000001C0000000000000000000007000009070000000000070707070707000000079F000700000800000000000000000000001E0000000000000700000000000000000000000000
310
00000000000000000000000000000000000000000000000000000000000000000000000000000000000000000000000000000000000000000000000000000000000000000000000000000000000000000000000000000000000000000000000000000000000000000000000000000000000000000000000000000000000000
310
00000000000000000000000000000000000000000000000000000000000000000000000000000000000000000000000000000000000000000000000000000000000000000000000000000000000000000000000000000000000000000000000000000000000000000000000000000000000000000000000000000000000000
310
00000000000000000000000000000000000000000000000000000000000000000000000000000000000000000000000000000000000000000000000000000000000000000000000000000000000000000000000000000000000000000000000000000000000000000000000000000000000000000000000000000000000000
310
00000000000000000000000000000000000000000000000000000000000700001E1E1E0000000000000000000000000000000000000000000000000000FB000000000000000000000000000707070000000007070707000000000000FD00000700000000000000000000000000001E1E1E0000000007000000000000000000
310
00000000000000000000000000000000000000000000000000000000000000000000000000000000000000000000000000000000000000000000000000000000000000000000000000000000000000000000000000000000000000000000000000000000000000000000000000000000000000000000000000000000000000
310
00000000000000000000000000000000000000000000000000000000000000000000000000000000000000000000000000000000000000000000000000000000000000000000000000000000000000000000000000000000000000000000000000000000000000000000000000000000000000000000000000000000000000
310
00000000000000000000000000000000000000000000000000000000000000000000000000000000000000000000000000000000000000000000000000000000000000000000000000000000000000000000000000000000000000000000000000000000000000000000000000000000000000000000000000000000000000
310
0000000000000000000000000000000000000000000000000000000000000000000700001E000000000000000000000000000000000000000000000000FC0007FD070000000000000000000000000000000007000709FD0707FC07000000000007070007000900000000000000000000000000001E00000000070000000000
310
00000000000000000000000000000000000000000000000000000000000000000000000000000000000000000000000000000000000000000000000000000000000000000000000000000000000000000000000000000000000000000000000000000000000000000000000000000000000000000000000000000000000000
310
00000000000000000000000000000000000000000000000000000000000000000000000000000000000000000000000000000000000000000000000000000000000000000000000000000000000000000000000000000000000000000000000000000000000000000000000000000000000000000000000000000000000000
310
00000000000000000000000000000000000000000000000000000000000000000000000000000000000000000000000000000000000000000000000000000000000000000000000000000000000000000000000000000000000000000000000000000000000000000000000000000000000000000000000000000000000000
310
000000000000000000000000000000000000000000000000000000000000000000000000000700001E0000000000000000000000000000000000000000000000070700000000000000000000000000000000000000000013000000FE0700000000000000FB070007079F00000000000000000000000000001E000000000700
310
00000000000000000000000000000000000000000000000000000000000000000000000000000000000000000000000000000000000000000000000000000000000000000000000000000000000000000000000000000000000000000000000000000000000000000000000000000000000000000000000000000000000000
310
00000000000000000000000000000000000000000000000000000000000000000000000000000000000000000000000000000000000000000000000000000000000000000000000000000000000000000000000000000000000000000000000000000000000000000000000000000000000000000000000000000000000000
310
00000000000000000000000000000000000000000000000000000000000000000000000000000000000000000000000000000000000000000000000000000000000000000000000000000000000000000000000000000000000000000000000000000000000000000000000000000000000000000000000000000000000000
310
00000000000000000000000000000000000000000000000000000000000000000000000000000000000700001E000000000000000000000000000000000000000000000707000000000000000000000000000000000000000000000000000000070700000000000000070000000000000000000000000000000000001E0000
310
00000700000000000000000000000000000000000000000000000000000000000000000000000000000000000000000000000000000000000000000000000000000000000000000000000000000000000000000000000000000000000000000000000000000000000000000000000000000000000000000000000000000000
310
00000000000000000000000000000000000000000000000000000000000000000000000000000000000000000000000000000000000000000000000000000000000000000000000000000000000000000000000000000000000000000000000000000000000000000000000000000000000000000000000000000000000000
310
00000000000000000000000000000000000000000000000000000000000000000000000000000000000000000000000000000000000000000000000000000000000000000000000000000000000000000000000000000000000000000000000000000000000000000000000000000000000000000000000000000000000000
310
0000000000000000000000000000000000000000000000000000000000000000000000000000000000000000000700001E0000000000000000000000000000000000000000000000000000000000000000000000000000000000000000000000070000130707070707080000001C0700000000000000000000000000000000
310
001E0000000007000000000000000000000000000000000000000000000000000000000000000000000000000000000000000000000000000000000000000000000000000000000000000000000000000000000000000000000000000000000000000000000000000000000000000000000000000000000000000000000000
310
00000000000000000000000000000000000000000000000000000000000000000000000000000000000000000000000000000000000000000000000000000000000000000000000000000000000000000000000000000000000000000000000000000000000000000000000000000000000000000000000000000000000000
310
00000000000000000000000000000000000000000000000000000000000000000000000000000000000000000000000000000000000000000000000000000000000000000000000000000000000000000000000000000000000000000000000000000000000000000000000000000000000000000000000000000000000000
310
000000000000000000000000000000000000000000000000000000000000000000000000000000000000000000000000000700001E00000000000000000000000000000000000000000000000000000000000000000000000000000000000000000000000707000000FD090089070707070700000000000000000000000000
310
00000000001E00000000070000000000000000000000000000000000000000000000000000000000000000000000000000000000000000000000000000000000000000000000000000000000000000000000000000000000000000000000000000000000000000000000000000000000000000000000000000000000000000
310
00000000000000000000000000000000000000000000000000000000000000000000000000000000000000000000000000000000000000000000000000000000000000000000000000000000000000000000000000000000000000000000000000000000000000000000000000000000000000000000000000000000000000
310
00000000000000000000000000000000000000000000000000000000000000000000000000000000000000000000000000000000000000000000000000000000000000000000000000000000000000000000000000000000000000000000000000000000000000000000000000000000000000000000000000000000000000
310
00000000000000000000000000000000000000000000000000000000000000000000000000000000000000000000000000000000000700001E1E1E0000000000000000000000000000000000000000000000000000000000000000000000000000000000000000000000000007070700000013000707000000000000000000
310
000000000000001E1E1E000000000700000000000000000000000000000000000000000000000000000000000000000000000000000000000000000000000000000000000000000000000000000000000000000000000000000000000000000000000000000000000000000000000000000000000000000000000000000000
310
00000000000000000000000000000000000000000000000000000000000000000000000000000000000000000000000000000000000000000000000000000000000000000000000000000000000000000000000000000000000000000000000000000000000000000000000000000000000000000000000000000000000000
310
00000000000000000000000000000000000000000000000000000000000000000000000000000000000000000000000000000000000000000000000000000000000000000000000000000000000000000000000000000000000000000000000000000000000000000000000000000000000000000000000000000000000000
310
00000000000000000000000000000000000000000000000000000000000000000000000000000000000000000000000000000000000000000007000000001E00000000000000000000000000000000000000000000000000000000000000000000000000000000000000000000000000000000000000000000000000000000
310
00000000000000000000001E00000000000007000000000000000000000000000000000000000000000000000000000000000000000000000000000000000000000000000000000000000000000000000000000000000000000000000000000000000000000000000000000000000000000000000000000000000000000000
310
00000000000000000000000000000000000000000000000000000000000000000000000000000000000000000000000000000000000000000000000000000000000000000000000000000000000000000000000000000000000000000000000000000000000000000000000000000000000000000000000000000000000000
310
00000000000000000000000000000000000000000000000000000000000000000000000000000000000000000000000000000000000000000000000000000000000000000000000000000000000000000000000000000000000000000000000000000000000000000000000000000000000000000000000000000000000000
310
0000000000000000000000000000000000000000000000000000000000000000000000000000000000000000000000000000000000000000000000000007000000001E000000000000000000000000000000000000000000000000000000000000000000000000000000000000000000000000000000000000000000000000
310
0000000000000000000000000000001E000000000000070000000000000000000000000000000000000000000000000000000000000000000000000000000000000000000000000000000000000000000000000000000000000000000000000000000000000000000000000000000000000000000000000000000000000000
310
00000000000000000000000000000000000000000000000000000000000000000000000000000000000000000000000000000000000000000000000000000000000000000000000000000000000000000000000000000000000000000000000000000000000000000000000000000000000000000000000000000000000000
310
00000000000000000000000000000000000000000000000000000000000000000000000000000000000000000000000000000000000000000000000000000000000000000000000000000000000000000000000000000000000000000000000000000000000000000000000000000000000000000000000000000000000000
310
000000000000000000000000000000000000000000000000000000000000000000000000000000000000000000000000000000000000000000000000000000000007000000001E0000000000000000000000000000000000000000000000000000000000000000000000000000000000000000000000000000000000000000
310
000000000000000000000000000000000000001E0000000000000700000000000000000000000000000000000000000000000000000000000000000000000000000000000000000000000000000000000000000000000000000000000000000000000000000000000000000000000000000000000000000000000000000000
310
00000000000000000000000000000000000000000000000000000000000000000000000000000000000000000000000000000000000000000000000000000000000000000000000000000000000000000000000000000000000000000000000000000000000000000000000000000000000000000000000000000000000000
310
00000000000000000000000000000000000000000000000000000000000000000000000000000000000000000000000000000000000000000000000000000000000000000000000000000000000000000000000000000000000000000000000000000000000000000000000000000000000000000000000000000000000000
310
00000000000000000000000000000000000000000000000000000000000000000000000000000000000000000000000000000000000000000000000000000000000000000007000000001E00000000000000000000000000000000000000000000000000000000000000000000000000000000000000000000000000000000
310
00000000000000000000000000000000000000000000001E00000000000007000000000000000000000000000000000000000000000000000000000000000000000000000000000000000000000000000000000000000000000000000000000000000000000000000000000000000000000000000000000000000000000000
310
00000000000000000000000000000000000000000000000000000000000000000000000000000000000000000000000000000000000000000000000000000000000000000000000000000000000000000000000000000000000000000000000000000000000000000000000000000000000000000000000000000000000000
310
00000000000000000000000000000000000000000000000000000000000000000000000000000000000000000000000000000000000000000000000000000000000000000000000000000000000000000000000000000000000000000000000000000000000000000000000000000000000000000000000000000000000000
310
0000000000000000000000000000000000000000000000000000000000000000000000000000000000000000000000000000000000000000000000000000000000000000000000000007070707071E070707070707070707070707070707070707070707070707070707070707070707070707070707070707070707070707
310
0707070707070707070707070707070707070707070707070707071E070707070707070000000000000000000000000000000000000000000000000000000000000000000000000000000000000000000000000000000000000000000000000000000000000000000000000000000000000000000000000000000000000000
310
00000000000000000000000000000000000000000000000000000000000000000000000000000000000000000000000000000000000000000000000000000000000000000000000000000000000000000000000000000000000000000000000000000000000000000000000000000000000000000000000000000000000000
310
00000000000000000000000000000000000000000000000000000000000000000000000000000000000000000000000000000000000000000000000000000000000000000000000000000000000000000000000000000000000000000000000000000000000000000000000000000000000000000000000000000000000000
310
000000000000000000000000000000000000000000000000000000000000000000000000000000000000000000000000000000000000000000000000000000000000000000000000000000000000000000001E0000000000000000000000000000000000000000000000000000000000000000000000000000000000000000
310
000000000000000000000000000000000000000000000000000000000000001E0000000000000000000000000000000000000000000000000000000000000000000000000000000000000000000000000000000000000000000000000000000000000000000000000000000000000000000000000000000000000000000000
310
00000000000000000000000000000000000000000000000000000000000000000000000000000000000000000000000000000000000000000000000000000000000000000000000000000000000000000000000000000000000000000000000000000000000000000000000000000000000000000000000000000000000000
310
00000000000000000000000000000000000000000000000000000000000000000000000000000000000000000000000000000000000000000000000000000000000000000000000000000000000000000000000000000000000000000000000000000000000000000000000000000000000000000000000000000000000000
310
0000000000000000000000000000000000000000000000000000000000000000000000000000000000000000000000000000000000000000000000000000000000000000000000000000000000000000000000001E1E1E00000000000000000000000000000000000000000000000000000000000000000000000000000000
310
00000000000000000000000000000000000000000000000000000000000000000000001E1E1E0000000000000000000000000000000000000000000000000000000000000000000000000000000000000000000000000000000000000000000000000000000000000000000000000000000000000000000000000000000000
310
00000000000000000000000000000000000000000000000000000000000000000000000000000000000000000000000000000000000000000000000000000000000000000000000000000000000000000000000000000000000000000000000000000000000000000000000000000000000000000000000000000000000000
310
00000000000000000000000000000000000000000000000000000000000000000000000000000000000000000000000000000000000000000000000000000000000000000000000000000000000000000000000000000000000000000000000000000000000000000000000000000000000000000000000000000000000000
310
000000000000000000000000000000000000000000000000000000000000000000000000000000000000000000000000000000000000000000000000000000000000000000000000000000000000000000000000000000001E0000000000000000000000000000000000000000000000000000000000000000000000000000
310
00000000000000000000000000000000000000000000000000000000000000000000000000000000001E00000000000000000000000000000000000000000000000000000000000000000000000000000000000000000000000000000000000000000000000000000000000000000000000000000000000000000000000000
310
00000000000000000000000000000000000000000000000000000000000000000000000000000000000000000000000000000000000000000000000000000000000000000000000000000000000000000000000000000000000000000000000000000000000000000000000000000000000000000000000000000000000000
310
00000000000000000000000000000000000000000000000000000000000000000000000000000000000000000000000000000000000000000000000000000000000000000000000000000000000000000000000000000000000000000000000000000000000000000000000000000000000000000000000000000000000000
310
00000000000000000000000000000000000000000000000000000000000000000000000000000000000000000000000000000000000000000000000000000000000000000000000000000000000000000000000000000000000000001E00000000000000000000000000000000000000000000000000000000000000000000
310
0000000000000000000000000000000000000000000000000000000000000000000000000000000000000000001E000000000000000000000000000000000000000000000000000000000000000000000000000000000000000000000000000000000000000000000000000000000000000000000000000000000000000000
310
00000000000000000000000000000000000000000000000000000000000000000000000000000000000000000000000000000000000000000000000000000000000000000000000000000000000000000000000000000000000000000000000000000000000000000000000000000000000000000000000000000000000000
310
00000000000000000000000000000000000000000000000000000000000000000000000000000000000000000000000000000000000000000000000000000000000000000000000000000000000000000000000000000000000000000000000000000000000000000000000000000000000000000000000000000000000000
310
0000000000000000000000000000000000000000000000000000000000000000000000000000000000000000000000000000000000000000000000000000000000000000000000000000000000000000000000000000000000000000000000001E000000000000001E1E1E1E1E1E1E0000000000001E1E1E1E1E1E1E000000
310
0000000000001E1E1E1E1E1E1E0000000000000000001E1E1E1E1E1E1E0000000000001E1E1E1E1E1E1E000000000000001E0000000000000000000000000000000000000000000000000000000000000000000000000000000000000000000000000000000000000000000000000000000000000000000000000000000000
310
00000000000000000000000000000000000000000000000000000000000000000000000000000000000000000000000000000000000000000000000000000000000000000000000000000000000000000000000000000000000000000000000000000000000000000000000000000000000000000000000000000000000000
310
00000000000000000000000000000000000000000000000000000000000000000000000000000000000000000000000000000000000000000000000000000000000000000000000000000000000000000000000000000000000000000000000000000000000000000000000000000000000000000000000000000000000000
310
000000000000000000000000000000000000000000000000000000000000000000000000000000000000000000000000000000000000000000000000000000000000000000000000000000000000000000000000000000000000000000000000000000001E000000000000001E00000000001E0000000000001E0000000000
310
1E0000000000000000001E00000000001E0000000000000000001E00000000001E0000000000001E00000000001E000000000000001E00000000000000000000000000000000000000000000000000000000000000000000000000000000000000000000000000000000000000000000000000000000000000000000000000
310
00000000000000000000000000000000000000000000000000000000000000000000000000000000000000000000000000000000000000000000000000000000000000000000000000000000000000000000000000000000000000000000000000000000000000000000000000000000000000000000000000000000000000
310
00000000000000000000000000000000000000000000000000000000000000000000000000000000000000000000000000000000000000000000000000000000000000000000000000000000000000000000000000000000000000000000000000000000000000000000000000000000000000000000000000000000000000
310
00000000000000000000000000000000000000000000000000000000000000000000000000000000000000000000000000000000000000000000000000000000000000000000000000000000000000000000000000000000000000000000000000000000000000001E1E1E1E1E1E1E1E1E00000000001E1E1E1E1E1E1E1E00
310
000000001E1E1E1E1E1E1E1E1E1E1E00000000001E1E1E1E1E1E1E1E1E1E1E00000000001E1E1E1E1E1E1E1E00000000001E1E1E1E1E1E1E1E1E000000000000000000000000000000000000000000000000000000000000000000000000000000000000000000000000000000000000000000000000000000000000000000
310
00000000000000000000000000000000000000000000000000000000000000000000000000000000000000000000000000000000000000000000000000000000000000000000000000000000000000000000000000000000000000000000000000000000000000000000000000000000000000000000000000000000000000
310
00000000000000000000000000000000000000000000000000000000000000000000000000000000000000000000000000000000000000000000000000000000000000000000000000000000000000000000000000000000000000000000000000000000000000000000000000000000000000000000000000000000000000
310
00000000000000000000000000000000000000000000000000000000000000000000000000000000000000000000000000000000000000000000000000000000000000000000000000000000000000000000000000000000000000000000000000000000000000000000000000000000000000000000000000000000000000
310
00000000000000000000000000000000000000000000000000000000000000000000000000000000000000000000000000000000000000000000000000000000000000000000000000000000000000000000000000000000000000000000000000000000000000000000000000000000000000000000000000000000000000
310
00000000000000000000000000000000000000000000000000000000000000000000000000000000000000000000000000000000000000000000000000000000000000000000000000000000000000000000000000000000000000000000000000000000000000000000000000000000000000000000000000000000000000
310
00000000000000000000000000000000000000000000000000000000000000000000000000000000000000000000000000000000000000000000000000000000000000000000000000000000000000000000000000000000000000000000000000000000000000000000000000000000000000000000000000000000000000
310
00000000000000000000000000000000000000000000000000000000000000000000000000000000000000000000000000000000000000000000000000000000000000000000000000000000000000000000000000000000000000000000000000000000000000000000000000000000000000000000000000000000000000
310
00000000000000000000000000000000000000000000000000000000000000000000000000000000000000000000000000000000000000000000000000000000000000000000000000000000000000000000000000000000000000000000000000000000000000000000000000000000000000000000000000000000000000
310
00000000000000000000000000000000000000000000000000000000000000000000000000000000000000000000000000000000000000000000000000000000000000000000000000000000000000000000000000000000000000000000000000000000000000000000000000000000000000000000000000000000000000
310
00000000000000000000000000000000000000000000000000000000000000000000000000000000000000000000000000000000000000000000000000000000000000000000000000000000000000000000000000000000000000000000000000000000000000000000000000000000000000000000000000000000000000
310
00000000000000000000000000000000000000000000000000000000000000000000000000000000000000000000000000000000000000000000000000000000000000000000000000000000000000000000000000000000000000000000000000000000000000000000000000000000000000000000000000000000000000
310
00000000000000000000000000000000000000000000000000000000000000000000000000000000000000000000000000000000000000000000000000000000000000000000000000000000000000000000000000000000000000000000000000000000000000000000000000000000000000000000000000000000000000
310
00000000000000000000000000000000000000000000000000000000000000000000000000000000000000000000000000000000000000000000000000000000000000000000000000000000000000000000000000000000000000000000000000000000000000000000000000000000000000000000000000000000000000
310
00000000000000000000000000000000000000000000000000000000000000000000000000000000000000000000000000000000000000000000000000000000000000000000000000000000000000000000000000000000000000000000000000000000000000000000000000000000000000000000000000000000000000
310
00000000000000000000000000000000000000000000000000000000000000000000000000000000000000000000000000000000000000000000000000000000000000000000000000000000000000000000000000000000000000000000000000000000000000000000000000000000000000000000000000000000000000
310
00000000000000000000000000000000000000000000000000000000000000000000000000000000000000000000000000000000000000000000000000000000000000000000000000000000000000000000000000000000000000000000000000000000000000000000000000000000000000000000000000000000000000
310
00000000000000000000000000000000000000000000000000000000000000000000000000000000000000000000000000000000000000000000000000000000000000000000000000000000000000000000000000000000000000000000000000000000000000000000000000000000000000000000000000000000000000
310
00000000000000000000000000000000000000000000000000000000000000000000000000000000000000000000000000000000000000000000000000000000000000000000000000000000000000000000000000000000000000000000000000000000000000000000000000000000000000000000000000000000000000
310
00000000000000000000000000000000000000000000000000000000000000000000000000000000000000000000000000000000000000000000000000000000000000000000000000000000000000000000000000000000000000000000000000000000000000000000000000000000000000000000000000000000000000
310
00000000000000000000000000000000000000000000000000000000000000000000000000000000000000000000000000000000000000000000000000000000000000000000000000000000000000000000000000000000000000000000000000000000000000000000000000000000000000000000000000000000000000
310
00000000000000000000000000000000000000000000000000000000000000000000000000000000000000000000000000000000000000000000000000000000000000000000000000000000000000000000000000000000000000000000000000000000000000000000000000000000000000000000000000000000000000
310
00000000000000000000000000000000000000000000000000000000000000000000000000000000000000000000000000000000000000000000000000000000000000000000000000000000000000000000000000000000000000000000000000000000000000000000000000000000000000000000000000000000000000
310
00000000000000000000000000000000000000000000000000000000000000000000000000000000000000000000000000000000000000000000000000000000000000000000000000000000000000000000000000000000000000000000000000000000000000000000000000000000000000000000000000000000000000
310
00000000000000000000000000000000000000000000000000000000000000000000000000000000000000000000000000000000000000000000000000000000000000000000000000000000000000000000000000000000000000000000000000000000000000000000000000000000000000000000000000000000000000
310
00000000000000000000000000000000000000000000000000000000000000000000000000000000000000000000000000000000000000000000000000000000000000000000000000000000000000000000000000000000000000000000000000000000000000000000000000000000000000000000000000000000000000
310
00000000000000000000000000000000000000000000000000000000000000000000000000000000000000000000000000000000000000000000000000000000000000000000000000000000000000000000000000000000000000000000000000000000000000000000000000000000000000000000000000000000000000
310
00000000000000000000000000000000000000000000000000000000000000000000000000000000000000000000000000000000000000000000000000000000000000000000000000000000000000000000000000000000000000000000000000000000000000000000000000000000000000000000000000000000000000
310
00000000000000000000000000000000000000000000000000000000000000000000000000000000000000000000000000000000000000000000000000000000000000000000000000000000000000000000000000000000000000000000000000000000000000000000000000000000000000000000000000000000000000
310
00000000000000000000000000000000000000000000000000000000000000000000000000000000000000000000000000000000000000000000000000000000000000000000000000000000000000000000000000000000000000000000000000000000000000000000000000000000000000000000000000000000000000
310
00000000000000000000000000000000000000000000000000000000000000000000000000000000000000000000000000000000000000000000000000000000000000000000000000000000000000000000000000000000000000000000000000000000000000000000000000000000000000000000000000000000000000
310
00000000000000000000000000000000000000000000000000000000000000000000000000000000000000000000000000000000000000000000000000000000000000000000000000000000000000000000000000000000000000000000000000000000000000000000000000000000000000000000000000000000000000
310
00000000000000000000000000000000001E1E1E1E1E1E1E0000000000001E1E1E1E1E1E1E0000000000000000001E1E1E1E1E1E1E0000000000000000001E1E1E1E1E1E1E0000000000001E1E1E1E1E1E1E000000000000000000000000000000000000000000000000000000000000000000000000000000000000000000
310
00000000000000000000000000000000000000000000000000000000000000000000000000000000000000000000000000000000000000000000000000000000000000000000000000000000000000000000000000000000000000000000000000000000000000000000000000000000000000000000000000000000000000
310
00000000000000000000000000000000000000000000000000000000000000000000000000000000000000000000000000000000000000000000000000000000000000000000000000000000000000000000000000000000000000000000000000000000000000000000000000000000000000000000000000000000000000
310
00000000000000000000000000000000000000000000000000000000000000000000000000000000000000000000000000000000000000000000000000000000000000000000000000000000000000000000000000000000000000000000000000000000000000000000000000000000000000000000000000000000000000
310
0000000000000000000000000000000000000000001E00000000001E0000000000001E00000000001E0000000000000000001E00000000001E0000000000000000001E00000000001E0000000000001E00000000001E0000000000000000000000000000000000000000000000000000000000000000000000000000000000
310
00000000000000000000000000000000000000000000000000000000000000000000000000000000000000000000000000000000000000000000000000000000000000000000000000000000000000000000000000000000000000000000000000000000000000000000000000000000000000000000000000000000000000
310
00000000000000000000000000000000000000000000000000000000000000000000000000000000000000000000000000000000000000000000000000000000000000000000000000000000000000000000000000000000000000000000000000000000000000000000000000000000000000000000000000000000000000
310
00000000000000000000000000000000000000000000000000000000000000000000000000000000000000000000000000000000000000000000000000000000000000000000000000000000000000000000000000000000000000000000000000000000000000000000000000000000000000000000000000000000000000
310
00000000000000000000000000000000001E1E1E1E1E1E1E1E1E00000000001E1E1E1E1E1E1E1E00000000001E1E1E1E1E1E1E1E1E1E1E00000000001E1E1E1E1E1E1E1E1E1E1E00000000001E1E1E1E1E1E1E1E00000000001E1E1E1E1E1E1E1E1E0000000000000000000000000000000000000000000000000000000000
310
00000000000000000000000000000000000000000000000000000000000000000000000000000000000000000000000000000000000000000000000000000000000000000000000000000000000000000000000000000000000000000000000000000000000000000000000000000000000000000000000000000000000000
310
00000000000000000000000000000000000000000000000000000000000000000000000000000000000000000000000000000000000000000000000000000000000000000000000000000000000000000000000000000000000000000000000000000000000000000000000000000000000000000000000000000000000000
310
00000000000000000000000000000000000000000000000000000000000000000000000000000000000000000000000000000000000000000000000000000000000000000000000000000000000000000000000000000000000000000000000000000000000000000000000000000000000000000000000000000000000000
310
0000000000000000000000000000000000000000001E000000000000000000000000000000000000000000000000000000000000000000000000000000000000000000000000000000000000000000000000000000000000000000000000000000000000001E00000000000000000000000000000000000000000000000000
310
00000000000000000000000000000000000000000000000000000000000000000000000000000000000000000000000000000000000000000000000000000000000000000000000000000000000000000000000000000000000000000000000000000000000000000000000000000000000000000000000000000000000000
310
00000000000000000000000000000000000000000000000000000000000000000000000000000000000000000000000000000000000000000000000000000000000000000000000000000000000000000000000000000000000000000000000000000000000000000000000000000000000000000000000000000000000000
310
00000000000000000000000000000000000000000000000000000000000000000000000000000000000000000000000000000000000000000000000000000000000000000000000000000000000000000000000000000000000000000000000000000000000000000000000000000000000000000000000000000000000000
310
000000000000000000000000000000000000000000000000001E000000000000000000000000000000000000000000000000000000000000000000000000000000000000000000000000000000000000000000000000000000000000000000000000000000000000001E000000000000000000000000000000000000000000
310
00000000000000000000000000000000000000000000000000000000000000000000000000000000000000000000000000000000000000000000000000000000000000000000000000000000000000000000000000000000000000000000000000000000000000000000000000000000000000000000000000000000000000
310
00000000000000000000000000000000000000000000000000000000000000000000000000000000000000000000000000000000000000000000000000000000000000000000000000000000000000000000000000000000000000000000000000000000000000000000000000000000000000000000000000000000000000
310
00000000000000000000000000000000000000000000000000000000000000000000000000000000000000000000000000000000000000000000000000000000000000000000000000000000000000000000000000000000000000000000000000000000000000000000000000000000000000000000000000000000000000
310
00000000000000000000000000000000000000000000000000000000001E000000000000000000000000000000000000000000000000000000000000000000000000000000000000000000000000000000000000000000000000000000000000000000000000000000000000001E0000000000000000000000000000000000
310
00000000000000000000000000000000000000000000000000000000000000000000000000000000000000000000000000000000000000000000000000000000000000000000000000000000000000000000000000000000000000000000000000000000000000000000000000000000000000000000000000000000000000
310
00000000000000000000000000000000000000000000000000000000000000000000000000000000000000000000000000000000000000000000000000000000000000000000000000000000000000000000000000000000000000000000000000000000000000000000000000000000000000000000000000000000000000
310
00000000000000000000000000000000000000000000000000000000000000000000000000000000000000000000000000000000000000000000000000000000000000000000000000000000000000000000000000000000000000000000000000000000000000000000000000000000000000000000000000000000000000
310
0000000000000000000000000000000000000000000000000000000000000000001E0000000000000000001E1E1E000000001E1E000000001E1E1E000000001E1E000000001E1E1E000000001E1E000000001E1E1E0000001E1E1E000000001E1E1E0000001E1E1E0000000000000000001E00000000000000000000000000
310
00000000000000000000000000000000000000000000000000000000000000000000000000000000000000000000000000000000000000000000000000000000000000000000000000000000000000000000000000000000000000000000000000000000000000000000000000000000000000000000000000000000000000
310
00000000000000000000000000000000000000000000000000000000000000000000000000000000000000000000000000000000000000000000000000000000000000000000000000000000000000000000000000000000000000000000000000000000000000000000000000000000000000000000000000000000000000
310
00000000000000000000000000000000000000000000000000000000000000000000000000000000000000000000000000000000000000000000000000000000000000000000000000000000000000000000000000000000000000000000000000000000000000000000000000000000000000000000000000000000000000
310
000000000000000000000000000000000000000000000000000000000000000000000000001E0000000000000000001E001E000000001E1E000000001E001E000000001E1E000000001E001E000000001E1E000000001E001E0000001E001E000000001E001E0000001E001E0000000000000000001E000000000000000000
310
00000000000000000000000000000000000000000000000000000000000000000000000000000000000000000000000000000000000000000000000000000000000000000000000000000000000000000000000000000000000000000000000000000000000000000000000000000000000000000000000000000000000000
310
00000000000000000000000000000000000000000000000000000000000000000000000000000000000000000000000000000000000000000000000000000000000000000000000000000000000000000000000000000000000000000000000000000000000000000000000000000000000000000000000000000000000000
310
00000000000000000000000000000000000000000000000000000000000000000000000000000000000000000000000000000000000000000000000000000000000000000000000000000000000000000000000000000000000000000000000000000000000000000000000000000000000000000000000000000000000000
310
00000000000000000000000000000000000000000000000000000000000000000000000000000000001E0000000000000000001E001E000000001E1E000000001E001E000000001E1E000000001E001E000000001E1E000000001E001E0000001E001E000000001E001E0000001E001E0000000000000000001E0000000000
310
00000000000000000000000000000000000000000000000000000000000000000000000000000000000000000000000000000000000000000000000000000000000000000000000000000000000000000000000000000000000000000000000000000000000000000000000000000000000000000000000000000000000000
310
00000000000000000000000000000000000000000000000000000000000000000000000000000000000000000000000000000000000000000000000000000000000000000000000000000000000000000000000000000000000000000000000000000000000000000000000000000000000000000000000000000000000000
310
00000000000000000000000000000000000000000000000000000000000000000000000000000000000000000000000000000000000000000000000000000000000000000000000000000000000000000000000000000000000000000000000000000000000000000000000000000000000000000000000000000000000000
310
0000000000000000000000000000000000000000000000000000000000000000000000000000000000000000001E0000000000000000001E001E000000001E1E000000001E001E000000001E1E000000001E001E000000001E1E000000001E001E0000001E001E000000001E001E0000001E001E0000000000000000001E00
310
00000000000000000000000000000000000000000000000000000000000000000000000000000000000000000000000000000000000000000000000000000000000000000000000000000000000000000000000000000000000000000000000000000000000000000000000000000000000000000000000000000000000000
310
00000000000000000000000000000000000000000000000000000000000000000000000000000000000000000000000000000000000000000000000000000000000000000000000000000000000000000000000000000000000000000000000000000000000000000000000000000000000000000000000000000000000000
310
00000000000000000000000000000000000000000000000000000000000000000000000000000000000000000000000000000000000000000000000000000000000000000000000000000000000000000000000000000000000000000000000000000000000000000000000000000000000000000000000000000000000000
310
000000000000000000000000000000000000000000000000000000000000000000000000000000000000000000000000001E1E1E000000000000001E001E000000001E1E000000001E001E000000001E1E000000001E001E000000001E1E000000001E001E0000001E001E000000001E001E0000001E001E00000000000000
310
1E1E1E00000000000000000000000000000000000000000000000000000000000000000000000000000000000000000000000000000000000000000000000000000000000000000000000000000000000000000000000000000000000000000000000000000000000000000000000000000000000000000000000000000000
310
00000000000000000000000000000000000000000000000000000000000000000000000000000000000000000000000000000000000000000000000000000000000000000000000000000000000000000000000000000000000000000000000000000000000000000000000000000000000000000000000000000000000000
310
00000000000000000000000000000000000000000000000000000000000000000000000000000000000000000000000000000000000000000000000000000000000000000000000000000000000000000000000000000000000000000000000000000000000000000000000000000000000000000000000000000000000000
310
000000000000000000000000000000000000000000000000000000000000000000000000000000000000000000000000000000000000001E000000000000001E001E000000001E1E000000001E001E000000001E1E000000001E001E000000001E1E000000001E001E0000001E001E000000001E001E0000001E001E000000
310
000000001E0000000000000000000000000000000000000000000000000000000000000000000000000000000000000000000000000000000000000000000000000000000000000000000000000000000000000000000000000000000000000000000000000000000000000000000000000000000000000000000000000000
310
00000000000000000000000000000000000000000000000000000000000000000000000000000000000000000000000000000000000000000000000000000000000000000000000000000000000000000000000000000000000000000000000000000000000000000000000000000000000000000000000000000000000000
310
00000000000000000000000000000000000000000000000000000000000000000000000000000000000000000000000000000000000000000000000000000000000000000000000000000000000000000000000000000000000000000000000000000000000000000000000000000000000000000000000000000000000000
310
00000000000000000000000000000000000000000000000000000000000000000000000000000000000000000000000000000000000000000000001E000000000000001E001E000000001E1E000000001E001E000000001E1E000000001E001E000000001E1E000000001E001E0000001E001E000000001E001E0000001E00
310
1E000000000000001E00000000000000000000000000000000000000000000000000000000000000000000000000000000000000000000000000000000000000000000000000000000000000000000000000000000000000000000000000000000000000000000000000000000000000000000000000000000000000000000
310
00000000000000000000000000000000000000000000000000000000000000000000000000000000000000000000000000000000000000000000000000000000000000000000000000000000000000000000000000000000000000000000000000000000000000000000000000000000000000000000000000000000000000
310
00000000000000000000000000000000000000000000000000000000000000000000000000000000000000000000000000000000000000000000000000000000000000000000000000000000000000000000000000000000000000000000000000000000000000000000000000000000000000000000000000000000000000
310
0000000000000000000000000000000000000000000000000000000000000000000000000000000000000000000000000000000000000000000000000000001E000000000000001E001E000000001E1E000000001E001E000000001E1E000000001E001E000000001E1E000000001E001E0000001E001E000000001E001E00
310
00001E001E000000000000001E000000000000000000000000000000000000000000000000000000000000000000000000000000000000000000000000000000000000000000000000000000000000000000000000000000000000000000000000000000000000000000000000000000000000000000000000000000000000
310
00000000000000000000000000000000000000000000000000000000000000000000000000000000000000000000000000000000000000000000000000000000000000000000000000000000000000000000000000000000000000000000000000000000000000000000000000000000000000000000000000000000000000
310
00000000000000000000000000000000000000000000000000000000000000000000000000000000000000000000000000000000000000000000000000000000000000000000000000000000000000000000000000000000000000000000000000000000000000000000000000000000000000000000000000000000000000
310
000000000000000000000000000000000000000000000000000000000000000000000000000000000000000000000000000000000000000000000000000000000000001E000000000000001E001E000000001E1E000000001E001E000000001E1E000000001E001E000000001E1E000000001E001E0000001E001E00000000
310
1E001E0000001E001E000000000000001E0000000000000000000000000000000000000000000000000000000000000000000000000000000000000000000000000000000000000000000000000000000000000000000000000000000000000000000000000000000000000000000000000000000000000000000000000000
310
00000000000000000000000000000000000000000000000000000000000000000000000000C1C1C1C1C1C1C1C1C1C1C1C1C1C1C1C1C1C1C1C1C1C1C1C1C1C1C1C1C1C1C1C1C1C1C1C1C1C1C1C1C1C1C1C1C1C1C1C1C1C1C1C1C1C1C1C1C1C1C1C1C1C1C1C1C1C1C1C1C1C1C1C1C1C1C1C1C1C1C1C1C1C1C1C1C1C1C1C1C1C1
310
C1C1C1C1C1C1C1C1C1C1C1C1C1C1C1C1C1C1C1C1C1C1C1C1C1C1C1C1C1C1C1C1C1C1C1C1C1C1C1C1C1C1C1C1C1C1C1C1C1C1C1C1C1C1C1C1C1C1C1C1C1C1C1C1C1C1C1C1C1C1C1C1C1C1C1C1C1C1C1C1C1C1C1C1C1C1C1C1C1C1C1C1C1C1C1C1C1C1C1C1C1C1C1C1C1C1C1C1C1C1C1C1C1C1C1C1C1C1C1C1C1C1C1C1C1C1C1
310
C1C1C1C1C1C1C1C1C1C1C1C1C1C1C1C1C1C1C1C1C1C1C1C1C1C1C1C1C1C1C1C1C1C1C1C1C1C1C1C1C1C1C1C1C1C1C1C1C1C1C1C1C1C1C1C1C1C1C1C1C1C1C1C1C1C1C1C1C1C1C1C1C1C1C1C1C1C1C11EC11EC1C1C1C11E1EC1C1C1C11EC11EC1C1C1C11E1EC1C1C1C11EC11EC1C1C1C11E1EC1C1C1C11EC11EC1C1C11EC11E
310
C1C1C1C11EC11EC1C1C11EC11EC1C1C1C1C1C1C1C1C1C1C1C1C1C1C1C1C1C1C1C1C1C1C1C1C1C1C1C1C1C1C1C1C1C1C1C1C1C1C1C1C1C1C1C1C1C1C1C1C1C1C1C1C1C1C1C1C1C1C1C1C1C1C1C1C1C1C1C1C1C1C1C1C1C1C1C1C1C1C1C1C1C1C1C1C1C1C1C1C1C1C1C1C1C1C1C1C1C1C1C1C1C1C1C1C1C1C1C1C1C1C1C1C1C1
310
C1C1C1C1C1C1C1C1C1C1C1C1C1C1C1C1C1C1C1C1C1C1C1C1C1C1C1C1C1C1C1C1C1C1C1C1C1C1C1C1C10000000000000000000000000000000000000000000000000000000000000000000000000000000000000000000000000000000000000000000000000000000000000000000000000000000000000000000000000000
310
00000000000000000000000000000000000000000000000000000000000000000000000000000000000000000000000000000000000000000000000000000000000000000000000000000000000000000000000000000000000000000000000000000000000000000000000000000000000000000000000000000000000000
310
0000000000000000000000000000000000000000000000000000000000000000000000000000000000000000000000000000000000000000000000000000000000000000000000000000001E000000000000001E001E000000001E1E000000001E001E000000001E1E000000001E001E000000001E1E000000001E001E0000
310
001E001E000000001E001E0000001E001E000000000000001E000000000000000000000000000000000000000000000000000000000000000000000000000000000000000000000000000000000000000000000000000000000000000000000000000000000000000000000000000000000000000000000000000000000000
310
00000000000000000000000000000000000000000000000000000000000000000000000000000000000000000000000000000000000000000000000000000000000000000000000000000000000000000000000000000000000000000000000000000000000000000000000000000000000000000000000000000000000000
310
00000000000000000000000000000000000000000000000000000000000000000000000000000000000000000000000000000000000000000000000000000000000000000000000000000000000000000000000000000000000000000000000000000000000000000000000000000000000000000000000000000000000000
310
000000000000000000000000000000000000000000000000000000000000000000000000000000000000000000000000000000000000000000000000000000000000000000000000000000000000001E000000000000001E001E000000001E1E000000001E001E000000001E1E000000001E001E000000001E1E000000001E
310
001E0000001E001E000000001E001E0000001E001E000000000000001E0000000000000000000000000000000000000000000000000000000000000000000000000000000000000000000000000000000000000000000000000000000000000000000000000000000000000000000000000000000000000000000000000000
310
00000000000000000000000000000000000000000000000000000000000000000000000000000000000000000000000000000000000000000000000000000000000000000000000000000000000000000000000000000000000000000000000000000000000000000000000000000000000000000000000000000000000000
310
00000000000000000000000000000000000000000000000000000000000000000000000000000000000000000000000000000000000000000000000000000000000000000000000000000000000000000000000000000000000000000000000000000000000000000000000000000000000000000000000000000000000000
310
00000000000000000000000000000000000000000000000000000000000000000000000000000000000000000000000000000000000000000000000000000000000000000000000000000000000000000000001E000000000000001E001E000000001E1E000000001E001E000000001E1E000000001E001E000000001E1E00
310
0000001E001E0000001E001E000000001E001E0000001E001E000000000000001E00000000000000000000000000000000000000000000000000000000000000000000000000000000000000000000000000000000000000000000000000000000000000000000000000000000000000000000000000000000000000000000
310
00000000000000000000000000000000000000000000000000000000000000000000000000000000000000000000000000000000000000000000000000000000000000000000000000000000000000000000000000000000000000000000000000000000000000000000000000000000000000000000000000000000000000
310
00000000000000000000000000000000000000000000000000000000000000000000000000000000000000000000000000000000000000000000000000000000000000000000000000000000000000000000000000000000000000000000000000000000000000000000000000000000000000000000000000000000000000
310
0000000000000000000000000000000000000000000000000000000000000000000000000000000000000000000000000000000000000000000000000000000000000000000000000000000000000000000000000000001E000000000000001E001E000000001E1E000000001E001E000000001E1E000000001E001E000000
310
001E1E000000001E001E0000001E001E000000001E001E0000001E001E000000000000001E000000000000000000000000000000000000000000000000000000000000000000000000000000000000000000000000000000000000000000000000000000000000000000000000000000000000000000000000000000000000
310
00000000000000000000000000000000000000000000000000000000000000000000000000000000000000000000000000000000000000000000000000000000000000000000000000000000000000000000000000000000000000000000000000000000000000000000000000000000000000000000000000000000000000
310
00000000000000000000000000000000000000000000000000000000000000000000000000000000000000000000000000000000000000000000000000000000000000000000000000000000000000000000000000000000000000000000000000000000000000000000000000000000000000000000000000000000000000
310
00000000000000000000000000000000000000000000000000000000000000000000000000000000000000000000000000000000000000000000000000000000000000000000000000000000000000000000000000000000001E1E1E000000000000001E001E000000001E1E000000001E001E000000001E1E000000001E00
310
1E000000001E1E000000001E001E0000001E001E000000001E001E0000001E001E000000000000001E1E1E000000000000000000000000000000000000000000000000000000000000000000000000000000000000000000000000000000000000000000000000000000000000000000000000000000000000000000000000
310
00000000000000000000000000000000000000000000000000000000000000000000000000000000000000000000000000000000000000000000000000000000000000000000000000000000000000000000000000000000000000000000000000000000000000000000000000000000000000000000000000000000000000
310
00000000000000000000000000000000000000000000000000000000000000000000000000000000000000000000000000000000000000000000000000000000000000000000000000000000000000000000000000000000000000000000000000000000000000000000000000000000000000000000000000000000000000
310
0000000000000000000000000000000000000000000000000000000000000000000000000000000000000000000000000000000000000000000000000000000000000000000000000000000000000000000000000000000000000000001E0000000000000000001E001E000000001E1E000000001E001E000000001E1E0000
310
00001E001E000000001E1E000000001E001E0000001E001E000000001E001E0000001E001E0000000000000000001E0000000000000000000000000000000000000000000000000000000000000000000000000000000000000000000000000000000000000000000000000000000000000000000000000000000000000000
310
00000000000000000000000000000000000000000000000000000000000000000000000000000000000000000000000000000000000000000000000000000000000000000000000000000000000000000000000000000000000000000000000000000000000000000000000000000000000000000000000000000000000000
310
00000000000000000000000000000000000000000000000000000000000000000000000000000000000000000000000000000000000000000000000000000000000000000000000000000000000000000000000000000000000000000000000000000000000000000000000000000000000000000000000000000000000000
310
000000000000000000000000000000000000000000000000000000000000000000000000000000000000000000000000000000000000000000000000000000000000000000000000000000000000000000000000000000000000000000000000001E0000000000000000001E001E000000001E1E000000001E001E00000000
310
1E1E000000001E001E000000001E1E000000001E001E0000001E001E000000001E001E0000001E001E0000000000000000001E00000000000000000000000000000000000000000000000000000000000000000000000000000000000000000000000000000000000000000000000000000000000000000000000000000000
310
00000000000000000000000000000000000000000000000000000000000000000000000000000000000000000000000000000000000000000000000000000000000000000000000000000000000000000000000000000000000000000000000000000000000000000000000000000000000000000000000000000000000000
310
00000000000000000000000000000000000000000000000000000000000000000000000000000000000000000000000000000000000000000000000000000000000000000000000000000000000000000000000000000000000000000000000000000000000000000000000000000000000000000000000000000000000000
310
00000000000000000000000000000000000000000000000000000000000000000000000000000000000000000000000000000000000000000000000000000000000000000000000000000000000000000000000000000000000000000000000000000000001E0000000000000000001E001E000000001E1E000000001E001E
310
000000001E1E000000001E001E000000001E1E000000001E001E0000001E001E000000001E001E0000001E001E0000000000000000001E000000000000000000000000000000000000000000000000000000000000000000000000000000000000000000000000000000000000000000000000000000000000000000000000
310
00000000000000000000000000000000000000000000000000000000000000000000000000000000000000000000000000000000000000000000000000000000000000000000000000000000000000000000000000000000000000000000000000000000000000000000000000000000000000000000000000000000000000
310
00000000000000000000000000000000000000000000000000000000000000000000000000000000000000000000000000000000000000000000000000000000000000000000000000000000000000000000000000000000000000000000000000000000000000000000000000000000000000000000000000000000000000
310
0000000000000000000000000000000000000000000000000000000000000000000000000000000000000000000000000000000000000000000000000000000000000000000000000000000000000000000000000000000000000000000000000000000000000000001E0000000000000000001E001E000000001E1E000000
310
001E001E000000001E1E000000001E001E000000001E1E000000001E001E0000001E001E000000001E001E0000001E001E0000000000000000001E0000000000000000000000000000000000000000000000000000000000000000000000000000000000000000000000000000000000000000000000000000000000000000
310
00000000000000000000000000000000000000000000000000000000000000000000000000000000000000000000000000000000000000000000000000000000000000000000000000000000000000000000000000000000000000000000000000000000000000000000000000000000000000000000000000000000000000
310
00000000000000000000000000000000000000000000000000000000000000000000000000000000000000000000000000000000000000000000000000000000000000000000000000000000000000000000000000000000000000000000000000000000000000000000000000000000000000000000000000000000000000
310
000000000000000000000000000000000000000000000000000000000000000000000000000000000000000000000000000000000000000000000000000000000000000000000000000000000000000000000000000000000000000000000000000000000000000000000000001E0000000000000000001E1E1E000000001E
310
1E000000001E1E1E000000001E1E000000001E1E1E000000001E1E000000001E1E1E0000001E1E1E000000001E1E1E0000001E1E1E0000000000000000001E00000000000000000000000000000000000000000000000000000000000000000000000000000000000000000000000000000000000000000000000000000000
310
00000000000000000000000000000000000000000000000000000000000000000000000000000000000000000000000000000000000000000000000000000000000000000000000000000000000000000000000000000000000000000000000000000000000000000000000000000000000000000000000000000000000000
310
00000000000000000000000000000000000000000000000000000000000000000000000000000000000000000000000000000000000000000000000000000000000000000000000000000000000000000000000000000000000000000000000000000000000000000000000000000000000000000000000000000000000000
310
00000000000000000000000000000000000000000000000000000000000000000000000000000000000000000000000000000000000000000000000000000000000000000000000000000000000000000000000000000000000000000000000000000000000000000000000000000000001E00000000000000000000000000
310
0000000000000000000000000000000000000000000000000000000000000000000000000000000000000000000000000000000000000000000000000000000000001E000000000000000000000000000000000000000000000000000000000000000000000000000000000000000000000000000000000000000000000000
310
00000000000000000000000000000000000000000000000000000000000000000000000000000000000000000000000000000000000000000000000000000000000000000000000000000000000000000000000000000000000000000000000000000000000000000000000000000000000000000000000000000000000000
310
00000000000000000000000000000000000000000000000000000000000000000000000000000000000000000000000000000000000000000000000000000000000000000000000000000000000000000000000000000000000000000000000000000000000000000000000000000000000000000000000000000000000000
310
0000000000000000000000000000000000000000000000000000000000000000000000000000000000000000000000000000000000000000000000000000000000000000000000000000000000000000000000000000000000000000000000000000000000000000000000000000000000000000001E000000000000000000
310
000000000000000000000000000000000000000000000000000000000000000000000000000000000000000000000000000000000000000000000000000000000000000000001E0000000000000000000000000000000000000000000000000000000000000000000000000000000000000000000000000000000000000000
310
00000000000000000000000000000000000000000000000000000000000000000000000000000000000000000000000000000000000000000000000000000000000000000000000000000000000000000000000000000000000000000000000000000000000000000000000000000000000000000000000000000000000000
310
00000000000000000000000000000000000000000000000000000000000000000000000000000000000000000000000000000000000000000000000000000000000000000000000000000000000000000000000000000000000000000000000000000000000000000000000000000000000000000000000000000000000000
310
000000000000000000000000000000000000000000000000000000000000000000000000000000000000000000000000000000000000000000000000000000000000000000000000000000000000000000000000000000000000000000000000000000000000000000000000000000000000000000000000001E0000000000
310
00000000000000000000000000000000000000000000000000000000000000000000000000000000000000000000000000000000000000000000000000000000000000000000000000001E00000000000000000000000000000000000000000000000000000000000000000000000000000000000000000000000000000000
310
00000000000000000000000000000000000000000000000000000000000000000000000000000000000000000000000000000000000000000000000000000000000000000000000000000000000000000000000000000000000000000000000000000000000000000000000000000000000000000000000000000000000000
310
00000000000000000000000000000000000000000000000000000000000000000000000000000000000000000000000000000000000000000000000000000000000000000000000000000000000000000000000000000000000000000000000000000000000000000000000000000000000000000000000000000000000000
310
00000000000000000000000000000000000000000000000000000000000000000000000000000000000000000000000000000000000000000000000000000000000000000000000000000000000000000000000000000000000000000000000000000000000000000000000000000000000000000000000000000000001E1E
310
1E1E1E1E1E1E1E00000000001E1E1E1E1E1E1E1E00000000001E1E1E1E1E1E1E1E1E1E1E00000000001E1E1E1E1E1E1E1E1E1E1E00000000001E1E1E1E1E1E1E1E00000000001E1E1E1E1E1E1E1E1E000000000000000000000000000000000000000000000000000000000000000000000000000000000000000000000000
310
00000000000000000000000000000000000000000000000000000000000000000000000000000000000000000000000000000000000000000000000000000000000000000000000000000000000000000000000000000000000000000000000000000000000000000000000000000000000000000000000000000000000000
310
00000000000000000000000000000000000000000000000000000000000000000000000000000000000000000000000000000000000000000000000000000000000000000000000000000000000000000000000000000000000000000000000000000000000000000000000000000000000000000000000000000000000000
310
00000000000000000000000000000000000000000000000000000000000000000000000000000000000000000000000000000000000000000000000000000000000000000000000000000000000000000000000000000000000000000000000000000000000000000000000000000000000000000000000000000000000000
310
000000000000000000001E00000000001E0000000000001E00000000001E0000000000000000001E00000000001E0000000000000000001E00000000001E0000000000001E00000000001E00000000000000000000000000000000000000000000000000000000000000000000000000000000000000000000000000000000
310
00000000000000000000000000000000000000000000000000000000000000000000000000000000000000000000000000000000000000000000000000000000000000000000000000000000000000000000000000000000000000000000000000000000000000000000000000000000000000000000000000000000000000
310
00000000000000000000000000000000000000000000000000000000000000000000000000000000000000000000000000000000000000000000000000000000000000000000000000000000000000000000000000000000000000000000000000000000000000000000000000000000000000000000000000000000000000
310
00000000000000000000000000000000000000000000000000000000000000000000000000000000000000000000000000000000000000000000000000000000000000000000000000000000000000000000000000000000000000000000000000000000000000000000000000000000000000000000000000000000000000
310
00000000000000000000000000001E1E1E1E1E1E1E0000000000001E1E1E1E1E1E1E0000000000000000001E1E1E1E1E1E1E0000000000000000001E1E1E1E1E1E1E0000000000001E1E1E1E1E1E1E000000000000000000000000000000000000000000000000000000000000000000000000000000000000000000000000
310
00000000000000000000000000000000000000000000000000000000000000000000000000000000000000000000000000000000000000000000000000000000000000000000000000000000000000000000000000000000000000000000000000000000000000000000000000000000000000000000000000000000000000
310
00000000000000000000000000000000000000000000000000000000000000000000000000000000000000000000000000000000000000000000000000000000000000000000000000000000000000000000000000000000000000000000000000000000000000000000000000000000000000000000000000000000000000
310
00000000000000000000000000000000000000000000000000000000000000000000000000000000000000000000000000000000000000000000000000000000000000000000000000000000000000000000000000000000000000000000000000000000000000000000000000000000000000000000000000000000000000
310
00000000000000000000000000000000000000000000000000000000000000000000000000000000000000000000000000000000000000000000000000000000000000000000000000000000000000000000000000000000000000000000000000000000000000000000000000000000000000000000000000000000000000
310
00000000000000000000000000000000000000000000000000000000000000000000000000000000000000000000000000000000000000000000000000000000000000000000000000000000000000000000000000000000000000000000000000000000000000000000000000000000000000000000000000000000000000
310
00000000000000000000000000000000000000000000000000000000000000000000000000000000000000000000000000000000000000000000000000000000000000000000000000000000000000000000000000000000000000000000000000000000000000000000000000000000000000000000000000000000000000
310
00000000000000000000000000000000000000000000000000000000000000000000000000000000000000000000000000000000000000000000000000000000000000000000000000000000000000000000000000000000000000000000000000000000000000000000000000000000000000000000000000000000000000
310
00000000000000000000000000000000000000000000000000000000000000000000000000000000000000000000000000000000000000000000000000000000000000000000000000000000000000000000000000000000000000000000000000000000000000000000000000000000000000000000000000000000000000
310
00000000000000000000000000000000000000000000000000000000000000000000000000000000000000000000000000000000000000000000000000000000000000000000000000000000000000000000000000000000000000000000000000000000000000000000000000000000000000000000000000000000000000
310
00000000000000000000000000000000000000000000000000000000000000000000000000000000000000000000000000000000000000000000000000000000000000000000000000000000000000000000000000000000000000000000000000000000000000000000000000000000000000000000000000000000000000
310
00000000000000000000000000000000000000000000000000000000000000000000000000000000000000000000000000000000000000000000000000000000000000000000000000000000000000000000000000000000000000000000000000000000000000000000000000000000000000001E1E1E1E1E1E1E1E1E1E1E
310
0000000000000000000000000000000000001E1E1E1E1E1E1E1E1E00000000001E1E1E1E1E1E1E1E00000000001E1E1E1E1E1E1E1E1E1E1E00000000001E1E1E1E1E1E1E1E1E1E1E00000000001E1E1E1E1E1E1E1E00000000001E1E1E1E1E1E1E1E1E0000000000000000000000000000001E1E1E1E1E1E1E1E1E1E000000
310
00000000000000000000000000000000000000000000000000000000000000000000000000000000000000000000000000000000000000000000000000000000000000000000000000000000000000000000000000000000000000000000000000000000000000000000000000000000000000000000000000000000000000
310
00000000000000000000000000000000000000000000000000000000000000000000000000000000000000000000000000000000000000000000000000000000000000000000000000000000000000000000000000000000000000000000000000000000000000000000000000000000000000000000000000000000000000
310
0000000000000000000000000000000000000000000000000000000000000000000000000000000000000000000000000000000000000000000000000000000000000000000000000000000000000000000000000000000000000000000000000000000000000000000000000000000000000000000000001E000000000000
310
0000001E0000000000000000000000000000000000001E000000000000001E00000000001E0000000000001E00000000001E0000000000000000001E00000000001E0000000000000000001E00000000001E0000000000001E00000000001E000000000000001E0000000000000000000000000000001E0000000000000000
310
1E000000000000000000000000000000000000000000000000000000000000000000000000000000000000000000000000000000000000000000000000000000000000000000000000000000000000000000000000000000000000000000000000000000000000000000000000000000000000000000000000C1C1C1C1C1C1
310
C1C1C1C1C1C1C1C1C1C1C1C1C1C1C1C1C1C1C1C1C1C1C1C1C1C1C1C1C1C1C1C1C1C1C1C1C1C1C1C1C1C1C1C1C1C1C1C1C1C1C1C1C1C1C1C1C1C1C1C1C1C1C1C1C1C1C1C1C1C1C1C1C1C1C1C1C1C1C1C1C1C1C1C1C1C1C1C1C1C1C1C1C1C1C1C1C1C1C1C1C1C1C1C1C1C1C1C1C1C1C1C1C1C1C1C1C1C1C1C1C1C1C1C1C1C1C1
310
C1C1C1C1C1C1C1C1C1C1C1C1C1C1C1C1C1C1C1C1C1C1C1C1C1C1C1C1C1C1C1C1C1C1C1C1C1C1C1C1C1C1C1C1C1C1C1C1C1C1C1C1C1C1C1C1C1C1C1C1C1C1C1C1C1C1C1C1C1C1C1C1C1C1C1C1C1C1C1C1C1C1C1C1C1C1C1C1C1C1C1C1C1C1C1C1C1C1C1C1C1C1C1C1C1C1C1C1C1C1C1C1C1C1C11E1E1E1E1E1E1E1E1E1EC1C1
310
C1C1C1C1C1C1C11E1E1E1E1E1E1E1E1E1EC1C1C1C1C1C1C1C1C1C1C1C1C1C1C1C1C1C1C1C1C1C1C1C1C1C1C1C1C1C1C1C1C1C1C1C1C1C1C1C1C1C1C1C1C1C1C1C1C1C1C1C1C1C1C1C1C1C1C1C1C1C1C1C1C1C1C1C1C1C1C1C1C1C1C1C1C1C1C1C1C1C1C1C1C1C1C1C1C1C1C1C1C1C1C1C11E1E1E1E1E1E1E1E1E1EC1C1C1C1
310
C1C1C1C11E1E1E1E1E1E1E1E1E1EC1C1C1C1C1C1C1C1C1C1C1C1C1C1C1C1C1C1C1C1C1C1C1C1C1C1C1C1C1C1C1C1C1C1C1C1C1C1C1C1C1C1C1C1C1C1C1C1C1C1C1C1C1C1C1C1C1C1C1C1C1C1C1C1C1C1C1C1C1C1C1C1C1C1C1C1C1C1C1C1C1C1C1C1C1C1C1C1C1C1C1C1C1C1C1C1C1C1C1C1C1C1C1C1C1C1C1C1C1C1C10000
310
00000000000000000000000000000000000000000000000000000000000000000000000000000000000000000000000000000000000000000000000000000000000000000000000000000000000000000000000000000000000000000000000000000000000000000000000000000000000000000000000000000000000000
310
00000000000000000000000000000000000000000000000000000000000000000000000000000000000000000000000000000000000000000000000000000000000000000000000000000000000000000000000000000000000000000000000000000000000000000000000000000000000000000000001E00000000000000
310
00000000000000000000000000000000000000001E0000000000000000001E000000000000000000000000000000001E1E000000000000000000000000000000000000000000000000000000000000000000000000000000000000001E1E000000000000000000000000000000001E0000000000001E000000000000000000
310
00000000000000000000000000000000001E00000000000000000000000000000000000000000000000000000000000000000000000000000000000000000000000000000000000000000000000000000000000000000000000000000000000000000000000000000000000000000000000000000000000000000000000000
310
00000000000000000000000000000000000000000000000000000000000000000000000000000000000000000000000000000000000000000000000000000000000000000000000000000000000000000000000000000000000000000000000000000000000000000000000000000000000000000000000000000000000000
310
0000000000000000000000000000000000000000000000000000000000000000000000000000000000000000000000000000000000000000000000000000000000000000000000000000000000000000000000000000000000000000000000000000000000000000000000000000000000000000000000000000001E000000
310
0000000000000000000000000000000000000000000000001E0000000000000000001E000000000000000000000000000000001E1E000000000000000000000000000000000000000000000000000000000000000000000000000000000000001E1E000000000000000000000000000000001E0000000000001E0000000000
310
0000000000000000000000000000000000000000001E000000000000000000000000000000000000000000000000000000000000000000000000000000000000000000000000000000000000000000000000000000000000000000000000000000000000000000000000000000000000000000000000000000000000000000
310
00000000000000000000000000000000000000000000000000000000000000000000000000000000000000000000000000000000000000000000000000000000000000000000000000000000000000000000000000000000000000000000000000000000000000000000000000000000000000000000000000000000000000
310
0000000000000000000000000000000000000000000000000000000000000000000000000000000000000000000000000000000000000000000000000000000000000000000000000000000000000000000000000000000000000000000000000000000000000000000000000000000000000000000000000000000000001E
310
1E0000000000000000000000000000000000000000000000000000001E1E1E000000000000001E1E1E0000000000000000000000000000000000000000000000000000000000000000000000000000000000000000000000000000000000000000000000000000000000000000000000000000001E1E1E000000001E1E1E00
310
000000000000000000000000000000000000000000000000001E1E1E000000000000000000000000000000000000000000000000000000000000000000000000000000000000000000000000000000000000000000000000000000000000000000000000000000000000000000000000000000000000000000000000000000
310
00000000000000000000000000000000000000000000000000000000000000000000000000000000000000000000000000000000000000000000000000000000000000000000000000000000000000000000000000000000000000000000000000000000000000000000000000000000000000000000000000000000000000
310
00000000000000000000000000000000000000000000000000000000000000000000000000000000000000000000000000000000000000000000000000000000000000000000000000000000000000000000000000000000000000000000000000000000000000000000000000000000000000000000000000000000000000
310
0000001E0000000000000000000000000000000000000000000000000000000000001E0000000000000000001E0000000000000000000000000000000000000000000000000000000000000000000000000000000000000000000000000000000000000000000000000000000000000000000000000000001E000000000000
310
1E0000000000000000000000000000000000000000000000000000000000001E0000000000000000000000000000000000000000000000000000000000000000000000000000000000000000000000000000000000000000000000000000000000000000000000000000000000000000000000000000000000000000000000
310
00000000000000000000000000000000000000000000000000000000000000000000000000000000000000000000000000000000000000000000000000000000000000000000000000000000000000000000000000000000000000000000000000000000000000000000000000000000000000000000000000000000000000
310
00000000000000000000000000000000000000000000000000000000000000000000000000000000000000000000000000000000000000000000000000000000000000000000000000000000000000000000000000000000000000000000000000000000000000000000000000000000000000000000000000000000000000
310
000000000000001E0000000000000000000000000000000000000000000000000000000000001E0000000000000000001E0000000000000000000000000000000000000000000000000000000000000000000000000000000000000000000000000000000000000000000000000000000000000000000000000000001E0000
310
000000001E0000000000000000000000000000000000000000000000000000000000001E00000000000000000000000000000000000000000000000000000000000000000000000000000000000000000000000000000000000000000000000000000000000000000000000000000000000000000000000000000000000000
310
00000000000000000000000000000000000000000000000000000000000000000000000000000000000000000000000000000000000000000000000000000000000000000000000000000000000000000000000000000000000000000000000000000000000000000000000000000000000000000000000000000000000000
310
00000000000000000000000000000000000000000000000000000000000000000000000000000000000000000000000000000000000000000000000000000000000000000000000000000000000000000000000000000000000000000000000000000000000000000000000000000000000000000000000000000000000000
310
00000000000000000000001E0000000000000000000000000000000000000000000000000000000000001E0000000000000000001E0007070707070707070707071E070707070707070707070707071E0700000000000000000000000000000000000000000000000000000000000000000000000000000000000000000000
310
001E0000000000001E0000000000000000000000000000000000000000000000000000000000001E000000000000000000000000000000000000000000000000000000000000000000000000000000000000000000000000000000000000000000000000000000000000000000000000000000000000000000000000000000
310
00000000000000000000000000000000000000000000000000000000000000000000000000000000000000000000000000000000000000000000000000000000000000000000000000000000000000000000000000000000000000000000000000000000000000000000000000000000000000000000000000000000000000
310
00000000000000000000000000000000000000000000000000000000000000000000000000000000000000000000000000000000000000000000000000000000000000000000000000000000000000000000000000000000000000000000000000000000000000000000000000000000000000000000000000000000000000
310
0000000000000000000000000000001E0000000000000000000000000000000000000000000000000000000000001E0000000000000000001E00070000000000000000071E1E0000000000000000000000001E1E07000000000000000000000000000000000000000000000000000000000000000000000000000000000000
310
00000000001E0000000000001E0000000000000000000000000000000000000000000000000000000000001E0000000000000000000000000000000000000000000000000000000000000000000000000000000000000000000000000000000000000000000000000000000000000000000000000000000000000000000000
310
00000000000000000000000000000000000000000000000000000000000000000000000000000000000000000000000000000000000000000000000000000000000000000000000000000000000000000000000000000000000000000000000000000000000000000000000000000000000000000000000000000000000000
310
00000000000000000000000000000000000000000000000000000000000000000000000000000000000000000000000000000000000000000000000000000000000000000000000000000000000000000000000000000000000000000000000000000000000000000000000000000000000000000000000000000000000000
310
000000000000000000000000000000000000001E0000000000000000000000000000000000000000000000000000000000001E0000000000000000001E000700000000000000000700000000000000000000000000000000070000000000000000000000000000000000000000000000000000000000000000000000000000
310
0000000000000000001E0000000000001E0000000000000000000000000000000000000000000000000000000000001E00000000000000000000000000000000000000000000000000000000000000000000000000000000000000000000000000000000000000000000000000000000000000000000000000000000000000
310
00000000000000000000000000000000000000000000000000000000000000000000000000000000000000000000000000000000000000000000000000000000000000000000000000000000000000000000000000000000000000000000000000000000000000000000000000000000000000000000000000000000000000
310
00000000000000000000000000000000000000000000000000000000000000000000000000000000000000000000000000000000000000000000000000000000000000000000000000000000000000000000000000000000000000000000000000000000000000000000000000000000000000000000000000000000000000
310
00000000000000000000000000000000000000000000001E1E0000000000000000000000000000000000000000000000000000001E1E1E000000000000001E1E1E000700000000000000000700000000000000000000000000000000070000000000000000000000000000071E070707070707070707070707070707070707
310
070707070707070707071E07001E1E1E000000001E1E1E00000000000000000000000000000000000000000000000000001E1E1E000000000000000000000000000000000000000000000000000000000000000000000000000000000000000000000000000000000000000000000000000000000000000000000000000000
310
00000000000000000000000000000000000000000000000000000000000000000000000000000000000000000000000000000000000000000000000000000000000000000000000000000000000000000000000000000000000000000000000000000000000000000000000000000000000000000000000000000000000000
310
00000000000000000000000000000000000000000000000000000000000000000000000000000000000000000000000000000000000000000000000000000000000000000000000000000000000000000000000000000000000000000000000000000000000000000000000000000000000000000000000000000000000000
310
000000000000000000000000000000000000000000000000000000001E0000000000000000000000000000000000000000000000000000001E0000000000000000001E00000007000000000000000007000000000000000000000000000000000700000000000000000000000000001E1E0000000000000000000000000000
310
00000000000000000000000000001E1E0000001E0000000000001E00000000000000000000000000000000000000000000000000001E00000000000000000000000000000000000000000000000000000000000000000000000000000000000000000000000000000000000000000000000000000000000000000000000000
310
00000000000000000000000000000000000000000000000000000000000000000000000000000000000000000000000000000000000000000000000000000000000000000000000000000000000000000000000000000000000000000000000000000000000000000000000000000000000000000000000000000000000000
310
00000000000000000000000000000000000000000000000000000000000000000000000000000000000000000000000000000000000000000000000000000000000000000000000000000000000000000000000000000000000000000000000000000000000000000000000000000000000000000000000000000000000000
310
00000000000000000000000000000000000000000000000000000000000000001E0000000000000000000000000000000000000000000000000000001E0000000000000000001E0000000700000000000000000700000000000000000000000000000000070000000000000000000000000000070000000000000000000000
310
00000000000000000000000000000000000000070000001E0000000000001E00000000000000000000000000000000000000000000000000001E000000000000000000000000000000000000000000000000000000000000000000000000000000000000000000000000000000000000000000000000000000000000000000
310
00000000000000000000000000000000000000000000000000000000000000000000000000000000000000000000000000000000000000000000000000000000000000000000000000000000000000000000000000000000000000000000000000000000000000000000000000000000000000000000000000000000000000
310
00000000000000000000000000000000000000000000000000000000000000000000000000000000000000000000000000000000000000000000000000000000000000000000000000000000000000000000000000000000000000000000000000000000000000000000000000000000000000000000000000000000000000
310
0000000000000000000000000000000000000000000000000000000000000000000000001E0000000000000000000000000000000000000000000000000000001E0000000000000000001E00000007000000000000000007000000000000000000000000000000000700000000000000000000000000000700000000000000
310
0000000000000000000000000000000000000000000000070000001E0000000000001E00000000000000000000000000000000000000000000000000001E0000000000000000000000000000000000000000000000000000000000000000000000000000000000000000000000000000000000000000000000000000000000
310
00000000000000000000000000000000000000000000000000000000000000000000000000000000000000000000000000000000000000000000000000000000000000000000000000000000000000000000000000000000000000000000000000000000000000000000000000000000000000000000000000000000000000
310
00000000000000000000000000000000000000000000000000000000000000000000000000000000000000000000000000000000000000000000000000000000000000000000000000000000000000000000000000000000000000000000000000000000000000000000000000000000000000000000000000000000000000
310
000000000000000000000000000000000000000000000000000000000000000000000000000000001E0000000000000000000000000000000000000000000000000000001E0000000000000000001E000000070000000000000000070000000000000000000000000000000007000007070707070707070700000007000000
310
000000000000000000000000000000000000000000000000000000070000001E0000000000001E00000000000000000000000000000000000000000000000000001E00000000000000000000000000000000000000000000000000000000000000000000000000000000000000000000000000000000000000000000000000
310
00000000000000000000000000000000000000000000000000000000000000000000000000000000000000000000000000000000000000000000000000000000000000000000000000000000000000000000000000000000000000000000000000000000000000000000000000000000000000000000000000000000000000
310
00000000000000000000000000000000000000000000000000000000000000000000000000000000000000000000000000000000000000000000000000000000000000000000000000000000000000000000000000000000000000000000000000000000000000000000000000000000000000000000000000000000000000
310
00000000000000000000000000000000000000000000000000000000000000000000000000000000000000001E0000000000000000000000000000000000000000000000000000001E0000000000000000001E00000007000000000000000007000000000000000000000000000000000700000700001E1E1E1E0007000000
310
07000000000000000000000000000000000000000000000000000000000000070000001E0000000000001E00000000000000000000000000000000000000000000000000001E000000000000000000000000000000000000000000000000000000000000000000000000000000000000000000000000000000000000000000
310
00000000000000000000000000000000000000000000000000000000000000000000000000000000000000000000000000000000000000000000000000000000000000000000000000000000000000000000000000000000000000000000000000000000000000000000000000000000000000000000000000000000000000
310
00000000000000000000000000000000000000000000000000000000000000000000000000000000000000000000000000000000000000000000000000000000000000000000000000000000000000000000000000000000000000000000000000000000000000000000000000000000000000000000000000000000000000
310
0000000000000000000000000000000000000000000000000000000000000000000000000000000000000000000000001E0000000000000000000000000000000000000000000000000000001E0000000000000000001E00000007000000000000000007000000000000000000000000000000000700000700001E1E1E1E00
310
0700000007000000000000000000000000000000000000000000000000000000000000070000001E0000000000001E00000000000000000000000000000000000000000000000000001E0000000000000000000000000000000000000000000000000000000000000000000000000000000000000000000000000000000000
310
00000000000000000000000000000000000000000000000000000000000000000000000000000000000000000000000000000000000000000000000000000000000000000000000000000000000000000000000000000000000000000000000000000000000000000000000000000000000000000000000000000000000000
310
00000000000000000000000000000000000000000000000000000000000000000000000000000000000000000000000000000000000000000000000000000000000000000000000000000000000000000000000000000000000000000000000000000000000000000000000000000000000000000000000000000000000000
310
0000000000000000000000000000000000000000000000000000000000000000000000000000000000000000000000000000001E1E0000000000000000000000000000000000000000000000000000001E1E1E000000000000001E1E1E0007000000000000000007000000000000000000000000000000000700000700001E
310
1E1E1E00070000000700000000000000000000000000000000000000000000000000000000000007001E1E1E000000001E1E1E00000000000000000000000000000000000000000000000000001E1E1E0000000000000000000000000000000000000000000000000000000000000000000000000000000000000000000000
310
00000000000000000000000000000000000000000000000000000000000000000000000000000000000000000000000000000000000000000000000000000000000000000000000000000000000000000000000000000000000000000000000000000000000000000000000000000000000000000000000000000000000000
310
00000000000000000000000000000000000000000000000000000000000000000000000000000000000000000000000000000000000000000000000000000000000000000000000000000000000000000000000000000000000000000000000000000000000000000000000000000000000000000000000000000000000000
310
000000000000000000000000000000000000000000000000000000000000000000000000000000000000000000000000000000000000001E0000000000000000000000000000000000000000000000000000000000001E0000000000000000001E000700000000000000000700000000000000000000000000000000070000
310
0700001E1E1E1E00070000000700000000000000000000000000000000000000000000000000000000000007001E0000000000001E0000000000000000000000000000000000000000000000000000000000001E00000000000000000000000000000000000000000000000000000000000000000000000000000000000000
310
00000000000000000000000000000000000000000000000000000000000000000000000000000000000000000000000000000000000000000000000000000000000000000000000000000000000000000000000000000000000000000000000000000000000000000000000000000000000000000000000000000000000000
310
00000000000000000000000000000000000000000000000000000000000000000000000000000000000000000000000000000000000000000000000000000000000000000000000000000000000000000000000000000000000000000000000000000000000000000000000000000000000000000000000000000000000000
310
00000000000000000000000000000000000000000000000000000000000000000000000000000000000000000000000000000000000000000000001E0000000000000000000000000000000000000000000000000000000000001E0000000000000000001E0007000000000000000007000000000000000000000000000000
310
000700000700000000000000070000000700000000000000000000000000000000000000000000000000000000000007001E0000000000001E0000000000000000000000000000000000000000000000000000000000001E000000000000000000000000000000000000000000000000000000000000000000000000000000
310
00000000000000000000000000000000000000000000000000000000000000000000000000000000000000000000000000000000000000000000000000000000000000000000000000000000000000000000000000000000000000000000000000000000000000000000000000000000000000000000000000000000000000
310
00000000000000000000000000000000000000000000000000000000000000000000000000000000000000000000000000000000000000000000000000000000000000000000000000000000000000000000000000000000000000000000000000000000000000000000000000000000000000000000000000000000000000
310
0000000000000000000000000000000000000000000000000000000000000000000000000000000000000000000000000000000000000000000000000000001E0000000000000000000000000000000000000000000000000000000000001E0000000000000000001E00070000000000000000070000000000000000000000
310
00000000000700000700000000000000070000000700000000000000000000000000000000000000000000000000000000000007001E0000000000001E0000000000000000000000000000001E00000000000000000000000000001E0000000000000000000000000000000000000000000000000000000000000000000000
310
00000000000000000000000000000000000000000000000000000000000000000000000000000000000000000000000000000000000000000000000000000000000000000000000000000000000000000000000000000000000000000000000000000000000000000000000000000000000000000000000000000000000000
310
00000000000000000000000000000000000000000000000000000000000000000000000000000000000000000000000000000000000000000000000000000000000000000000000000000000000000000000000000000000000000000000000000000000000000000000000000000000000000000000000000000000000000
310
000000000000000000000000000000000000000000000000000000000000000000000000000000000000000000000000000000000000000000000000000000000000001E0000000000000000000000000000000000000000000000000000000000001E0000000000000000001E000700000000000000000700000000000000
310
0000000000000000000700000700000000000000070000000700000000000000000000000000000000000000000000000000000000000007001E0000000000001E000000000000000000000000001E1E001E000000000000000000000000001E00000000000000000000000000000000000000000000000000000000000000
310
00000000000000000000000000000000000000000000000000000000000000000000000000000000000000000000000000000000000000000000000000000000000000000000000000000000000000000000000000000000000000000000000000000000000000000000000000000000000000000000000000000000000000
310
00000000000000000000000000000000000000000000000000000000000000000000000000000000000000000000000000000000000000000000000000000000000000000000000000000000000000000000000000000000000000000000000000000000000000000000000000000000000000000000000000000000000000
310
00000000000000000000000000000000000000000000000000000000000000000000000000000000000000000000000000000000000000000000000000000000000000000000001E0000000000000000000000000000000000000000000000000000000000001E0000000000000000001E0007000000000000000007000000
310
000000000000000000000000000700000700000000000000070000000700000000000000000000000000000000000000000000000000000000000007001E0000000000001E000000000000000000000000001E00001E000000000000000000000000001E000000000000000000000000000000000000000000000000000000
310
00000000000000000000000000000000000000000000000000000000000000000000000000000000000000000000000000000000000000000000000000000000000000000000000000000000000000000000000000000000000000000000000000000000000000000000000000000000000000000000000000000000000000
310
00000000000000000000000000000000000000000000000000000000000000000000000000000000000000000000000000000000000000000000000000000000000000000000000000000000000000000000000000000000000000000000000000000000000000000000000000000000000000000000000000000000000000
310
0000000000000000000000000000000000000000000000000000000000000000000000000000000000000000000000000000000000000000000000000000000000000000000000000000001E0000000000000000000000000000000000000000000000000000000000001E0000000000000000001E00070000000000000000
310
07000000000000000000000000000000000700000700000000000000070000000700000000000000000000000000000000000000000000000000000000000007001E0000000000001E000000000000000000000000001E1E1E1E000000000000000000000000001E0000000000000000000000000000000000000000000000
310
00000000000000000000000000000000000000000000000000000000000000000000000000000000000000000000000000000000000000000000000000000000000000000000000000000000000000000000000000000000000000000000000000000000000000000000000000000000000000000000000000000000000000
310
00000000000000000000000000000000000000000000000000000000000000000000000000000000000000000000000000000000000000000000000000000000000000000000000000000000000000000000000000000000000000000000000000000000000000000000000000000000000000000000000000000000000000
310
000000000000000000000000000000000000000000000000000000000000000000000000000000000000000000000000000000000000000000000000000000000000000000000000000000000000001E0000000000000000000000000000000000000000000000000000000000001E0000000000000000001E000700000000
310
0000000007000000000000000000000000000000000700000700000000000000070000000700000000000000000000000000000000000000000000000000000000000007001E0000000000001E0000000000000000000000000000000000000000000000000000000000001E00000000000000000000000000000000000000
310
00000000000000000000000000000000000000000000000000000000000000000000000000000000000000000000000000000000000000000000000000000000000000000000000000000000000000000000000000000000000000000000000000000000000000000000000000000000000000000000000000000000000000
310
00000000000000000000000000000000000000000000000000000000000000000000000000000000000000000000000000000000000000000000000000000000000000000000000000000000000000000000000000000000000000000000000000000000000000000000000000000000000000000000000000000000000000
310
00000000000000000000000000000000000000000000000000000000000000000000000000000000000000000000000000000000000000000000000000000000000000000000000000000000000000000000001E0000000000000000000000000000000000000000000000000000000000001E0000000000000000001E0007
310
000000000000000007000000000000000000000000000000000700000700000000000000070000000700000000000000000000000000000000000000000000000000000000000007001E0000000000001E0000000000000000000000000000000000000000000000000000000000001E000000000000000000000000000000
310
00000000000000000000000000000000000000000000000000000000000000000000000000000000000000000000000000000000000000000000000000000000000000000000000000000000000000000000000000000000000000000000000000000000000000000000000000000000000000000000000000000000000000
310
00000000000000000000000000000000000000000000000000000000000000000000000000000000000000000000000000000000000000000000000000000000000000000000000000000000000000000000000000000000000000000000000000000000000000000000000000000000000000000000000000000000000000
310
0000000000000000000000000000000000000000000000000000000000000000000000000000000000000000000000000000000000000000000000000000000000000000000000000000000000000000000000000000001E0000000000000000000000000000000000000000000000000000000000001E0000000000000000
310
001E0007000000000000000007000000000000000000000000000000000700000700000000000000070000000700000000000000000000000000000000000000000000000000000000000007001E0000000000001E0000000000000000000000000000000000000000000000000000000000001E0000000000000000000000
310
00000000000000000000000000000000000000000000000000000000000000000000000000000000000000000000000000000000000000000000000000000000000000000000000000000000000000000000000000000000000000000000000000000000000000000000000000000000000000000000000000000000000000
310
00000000000000000000000000000000000000000000000000000000000000000000000000000000000000000000000000000000000000000000000000000000000000000000000000000000000000000000000000000000000000000000000000000000000000000000000000000000000000000000000000000000000000
310
000000000000000000000000000000000000000000000000000000000000000000000000000000000000000000000000000000000000000000000000000000000000000000000000000000000000000000000000000000000000001E1E0000000000000000000000000000000000000000000000000000001E1E1E00000000
310
0000001E1E1E0007000000000000000007000000000000000000000000000000000700000700000000000000070000000700000000000000000000000000000000000000000000000000000000000007001E1E1E000000001E1E1E00000000000000000000000000000000000000000000000000001E1E1E00000000000000
310
00000000000000000000000000000000000000000000000000000000000000000000000000000000000000000000000000000000000000000000000000000000000000000000000000000000000000000000000000000000000000000000000000000000000000000000000000000000000000000000000000000000000000
310
00000000000000000000000000000000000000000000000000000000000000000000000000000000000000000000000000000000000000000000000000000000000000000000000000000000000000000000000000000000000000000000000000000000000000000000000000000000000000000000000000000000000000
310
0000000000000000000000000000000000000000000000000000000000000000000000000000000000000000000000000000000000000000000000000000000000000000000000000000000000000000000000000000000000000000000000001E0000000000000000000000000000000000000000000000000000001E0000
310
000000000000001E000000070000000000000000070000000000000000000000000000000007000007000000000000000700000007000000000000000000000000000000000000000000000000000000000000070000001E0000000000001E000000000000000000000000001E0000000000000000000000001E0000000000
310
00000000000000000000000000000000000000000000000000000000000000000000000000000000000000000000000000000000000000000000000000000000000000000000000000000000000000000000000000000000000000000000000000000000000000000000000000000000000000000000000000000000000000
310
00000000000000000000000000000000000000000000000000000000000000000000000000000000000000000000000000000000000000000000000000000000000000000000000000000000000000000000000000000000000000000000000000000000000000000000000000000000000000000000000000000000000000
310
000000000000000000000000000000000000000000000000000000000000000000000000000000000000000000000000000000000000000000000000000000000000000000000000000000000000000000000000000000000000000000000000000000001E0000000000000000000000000000000000000000000000000000
310
001E0000000000000000001E000000070000000000000000070000000000000000000000000000000007000007000000000000000700000007000000000000000000000000000000000000000000000000000000000000070000001E0000000000001E00000000000000000000001E1E001E00000000000000000000001E00
310
00000000000000000000000000000000000000000000000000000000000000000000000000000000000000000000000000000000000000000000000000000000000000000000000000000000000000000000000000000000000000000000000000000000000000000000000000000000000000000000000000000000000000
310
00000000000000000000000000000000000000000000000000000000000000000000000000000000000000000000000000000000000000000000000000000000000000000000000000000000000000000000000000000000000000000000000000000000000000000000000000000000000000000000000000000000000000
310
00000000000000000000000000000000000000000000000000000000000000000000000000000000000000000000000000000000000000000000000000000000000000000000000000000000000000000000000000000000000000000000000000000000000000001E00000000000000000000000000000000000000000000
310
00000000001E0000000000000000001E000000070000000000000000070000000000000000000000000000000007000007000000000000000700000007000000000000000000000000000000000000000000000000000000000000070000001E0000000000001E00000000000000000000001E00001E000000000000000000
310
00001E00000000000000000000000000000000000000000000000000000000000000000000000000000000000000000000000000000000000000000000000000000000000000000000000000000000000000000000000000000000000000000000000000000000000000000000000000000000000000000000000000000000
310
00000000000000000000000000000000000000000000000000000000000000000000000000000000000000000000000000000000000000000000000000000000000000000000000000000000000000000000000000000000000000000000000000000000000000000000000000000000000000000000000000000000000000
310
0000000000000000000000000000000000000000000000000000000000000000000000000000000000000000000000000000000000000000000000000000000000000000000000000000000000000000000000000000000000000000000000000000000000000000000000001E000000000000000000000000000000000000
310
0000000000000000001E0000000000000000001E000000070000000000000000070000000000000000000000000000000007000007000000000000000700000007000000000000000000000000000000000000000000000000000000000000070000001E0000000000001E00000000000000000000001E1E1E1E0000000000
310
0000000000001E000000000000000000000000000000000000000000000000000000000000000000000000000000000000000000000000000000000000000000000000000000000000000000000000000000000000000000000000000000000000000000000000000000000000000000000000000000000000000000000000
310
00000000000000000000000000000000000000000000000000000000000000000000000000000000000000000000000000000000000000000000000000000000000000000000000000000000000000000000000000000000000000000000000000000000000000000000000000000000000000000000000000000000000000
310
000000000000000000000000000000000000000000000000000000000000000000000000000000000000000000000000000000000000000000000000000000000000000000000000000000000000000000000000000000000000000000000000000000000000000000000000000000001E0000000000000000000000000000
310
000000000000000000000000001E0000000000000000001E000000070000000000000000070000000000000000000000000000000007000007000000000000000700000007000000000000000000000000000000000000000000000000000000000000070000001E0000000000001E00000000000000000000000000000000
310
000000000000000000001E0000000000000000000000000000000000000000000000000000000000000000000000000000000000000000000000000000000000000000000000000000000000000000000000000000000000000000000000000000000000000000000000000000000000000000000000000000000000000000
310
00000000000000000000000000000000000000000000000000000000000000000000000000000000000000000000000000000000000000000000000000000000000000000000000000000000000000000000000000000000000000000000000000000000000000000000000000000000000000000000000000000000000000
310
000000000000000000000000000000000000000000000000000000000000000000000000000000000000000000000000000000000000000000000000000000000000000000000000000000000000000000000000000000000000000000000000000000000000000000000000000000000000001E1E00000000000000000000
310
00000000000000000000000000000000001E1E1E000000000000001E1E1E0007000000000000000007000000000000000000000000000000000700000700000000000000070000000700000000000000000000000000000000000000000000000000000000000007001E1E1E000000001E1E1E000000000000000000000000
310
00000000000000000000000000001E1E1E0000000000000000000000000000000000000000000000000000000000000000000000000000000000000000000000000000000000000000000000000000000000000000000000000000000000000000000000000000000000000000000000000000000000000000000000000000
310
00000000000000000000000000000000000000000000000000000000000000000000000000000000000000000000000000000000000000000000000000000000000000000000000000000000000000000000000000000000000000000000000000000000000000000000000000000000000000000000000000000000000000
310
00000000000000000000000000000000000000000000000000000000000000000000000000000000000000000000000000000000000000000000000000000000000000000000000000000000000000000000000000000000000000000000000000000000000000000000000000000000000000000000001E00000000000000
310
00000000000000000000000000000000000000000000001E0000000000000000001E0007000000000000000007000000000000000000000000000000000700000700000000000000070000000700000000000000000000000000000000000000000000000000000000000007001E0000000000001E00000000000000000000
310
00000000000000000000000000000000000000001E00000000000000000000000000000000000000000000000000000000000000000000000000000000000000000000000000000000000000000000000000000000000000000000000000000000000000000000000000000000000000000000000000000000000000000000
310
00000000000000000000000000000000000000000000000000000000000000000000000000000000000000000000000000000000000000000000000000000000000000000000000000000000000000000000000000000000000000000000000000000000000000000000000000000000000000000000000000000000000000
310
0000000000000000000000000000000000000000000000000000000000000000000000000000000000000000000000000000000000000000000000000000000000000000000000000000000000000000000000000000000000000000000000000000000000000000000000000000000000000000000000000000001E000000
310
0000000000000000000000000000000000000000000000000000001E0000000000000000001E0007000000000000000007000000000000000000000000000000000700000700000000000000070000000700000000000000000000000000000000000000000000000000000000000007001E0000000000001E000000000000
310
0000000000000000000000000000000000000000000000001E000000000000000000000000000000000000000000000000000000000000000000000000000000000000000000000000000000000000000000000000000000000000000000000000000000000000000000000000000000000000000000000000000000000000
310
00000000000000000000000000000000000000000000000000000000000000000000000000000000000000000000000000000000000000000000000000000000000000000000000000000000000000000000000000000000000000000000000000000000000000000000000000000000000000000000000000000000000000
310
00000000000000000000000000000000000000000000000000000000000000000000000000000000000000000000000000000000000000000000000000000000000000000000000000000000000000000000000000000000000000000000000000000000000000000000000000000000000000000000000000000000000000
310
1E0000000000000000000000000000000000000000000000000000000000001E0000000000000000001E0007000000000000000007000000000000000000000000000000000700000700000000000000070000000700000000000000000000000000000000000000000000000000000000000007001E0000000000001E0000
310
000000000000000000000000001E00000000000000000000000000001E0000000000000000000000000000000000000000000000000000000000000000000000000000000000000000000000000000000000000000000000000000000000000000000000000000000000000000000000000000000000000000000000000000
310
00000000000000000000000000000000000000000000000000000000000000000000000000000000000000000000000000000000000000000000000000000000000000000000000000000000000000000000000000000000000000000000000000000000000000000000000000000000000000000000000000000000000000
310
00000000000000000000000000000000000000000000000000000000000000000000000000000000000000000000000000000000000000000000000000000000000000000000000000000000000000000000000000000000000000000000000000000000000000000000000000000000000000000000000000000000000000
310
000000001E0000000000000000000000000000000000000000000000000000000000001E0000000000000000001E0007000000000000000007000000000000000000000000000000000700000700001E1E1E1E00070000000700000000000000000000000000000000000000000000000000000000000007001E0000000000
310
001E000000000000000000000000001E1E001E000000000000000000000000001E00000000000000000000000000000000000000000000000000000000000000000000000000000000000000000000000000000000000000000000000000000000000000000000000000000000000000000000000000000000000000000000
310
00000000000000000000000000000000000000000000000000000000000000000000000000000000000000000000000000000000000000000000000000000000000000000000000000000000000000000000000000000000000000000000000000000000000000000000000000000000000000000000000000000000000000
310
00000000000000000000000000000000000000000000000000000000000000000000000000000000000000000000000000000000000000000000000000000000000000000000000000000000000000000000000000000000000000000000000000000000000000000000000000000000000000000000000000000000000000
310
00000000000000001E0000000000000000000000000000000000000000000000000000000000001E0000000000000000001E0007000000000000000007000000000000000000000000000000000700000700001E1E1E1E00070000000700000000000000000000000000000000000000000000000000000000000007001E00
310
00000000001E000000000000000000000000001E00001E000000000000000000000000001E000000000000000000000000000000000000000000000000000000000000000000000000000000000000000000000000000000000000000000000000000000000000000000000000000000000000000000000000000000000000
310
00000000000000000000000000000000000000000000000000000000000000000000000000000000000000000000000000000000000000000000000000000000000000000000000000000000000000000000000000000000000000000000000000000000000000000000000000000000000000000000000000000000000000
310
00000000000000000000000000000000000000000000000000000000000000000000000000000000000000000000000000000000000000000000000000000000000000000000000000000000000000000000000000000000000000000000000000000000000000000000000000000000000000000000000000000000000000
310
0000000000000000000000001E0000000000000000000000000000000000000000000000000000000000001E0000000000000000001E0007000000000000000007000000000000000000000000000000000700000700001E1E1E1E000700000007000000000000000000000000000000000000000000000000000000000000
310
07001E0000000000001E000000000000000000000000001E00001E000000000000000000000000001E0000000000000000000000000000000000000000000000000000000000000000000000000000000000000000000000000000000000000000000000000000000000000000000000000000000000000000000000000000
310
00000000000000000000000000000000000000000000000000000000000000000000000000000000000000000000000000000000000000000000000000000000000000000000000000000000000000000000000000000000000000000000000000000000000000000000000000000000000000000000000000000000000000
310
00000000000000000000000000000000000000000000000000000000000000000000000000000000000000000000000000000000000000000000000000000000000000000000000000000000000000000000000000000000000000000000000000000000000000000000000000000000000000000000000000000000000000
310
000000000000000000000000000000001E0000000000000000000000000000000000000000000000000000000000001E0000000000000000001E0007000000000000000007000000000000000000000000000000000700000700001E1E1E1E0007000000070000000000000000000000000000000000000000000000000000
310
0000000007001E0000000000001E00000000000000000000000000001E1E00000000000000000000000000001E00000000000000000000000000000000000000000000000000000000000000000000000000000000000000000000000000000000000000000000000000000000000000000000000000000000000000000000
310
00000000000000000000000000000000000000000000000000000000000000000000000000000000000000000000000000000000000000000000000000000000000000000000000000000000000000000000000000000000000000000000000000000000000000000000000000000000000000000000000000000000000000
310
00000000000000000000000000000000000000000000000000000000000000000000000000000000000000000000000000000000000000000000000000000000000000000000000000000000000000000000000000000000000000000000000000000000000000000000000000000000000000000000000000000000000000
310
00000000000000000000000000000000000000001E0000000000000000000000000000000000000000000000000000000000001E0000000000000000001E0007000000000000000007000000000000000000000000000000000700000707070707070707070000000700000000000000000000000000000000000000000000
310
000000000000000007001E0000000000001E0000000000000000000000000000000000000000000000000000000000001E000000000000000000000000000000000000000000000000000000000000000000000000000000000000000000000000000000000000000000000000000000000000000000000000000000000000
310
00000000000000000000000000000000000000000000000000000000000000000000000000000000000000000000000000000000000000000000000000000000000000000000000000000000000000000000000000000000000000000000000000000000000000000000000000000000000000000000000000000000000000
310
00000000000000000000000000000000000000000000000000000000000000000000000000000000000000000000000000000000000000000000000000000000000000000000000000000000000000000000000000000000000000000000000000000000000000000000000000000000000000000000000000000000000000
310
0000000000000000000000000000000000000000000000001E0000000000000000000000000000000000000000000000000000000000001E0000000000000000001E00070000000000000000070000000000000000000000000000000007000000000000000000000000000007000000000000000000000000000000000000
310
00000000000000000000000007001E0000000000001E0000000000000000000000000000000000000000000000000000000000001E0000000000000000000000000000000000000000000000000000000000000000000000000000000000000000000000000000000000000000000000000000000000000000000000000000
310
00000000000000000000000000000000000000000000000000000000000000000000000000000000000000000000000000000000000000000000000000000000000000000000000000000000000000000000000000000000000000000000000000000000000000000000000000000000000000000000000000000000000000
310
00000000000000000000000000000000000000000000000000000000000000000000000000000000000000000000000000000000000000000000000000000000000000000000000000000000000000000000000000000000000000000000000000000000000000000000000000000000000000000000000000000000000000
310
000000000000000000001E1E000000000000000000000000000000001E1E0000000000000000000000000000000000000000000000000000001E1E1E000000000000001E1E1E000700000000000000000700000000000000000000000000000000070000000000000000000000000000070000000000000000000000000000
310
0000000000000000000000000000000007001E1E1E000000001E1E1E00000000000000000000000000000000000000000000000000001E1E1E00000000000000000000000000000000000000000000000000000000000000000000000000000000000000000000000000000000000000000000000000000000000000000000
310
00000000000000000000000000000000000000000000000000000000000000000000000000000000000000000000000000000000000000000000000000000000000000000000000000000000000000000000000000000000000000000000000000000000000000000000000000000000000000000000000000000000000000
310
00000000000000000000000000000000000000000000000000000000000000000000000000000000000000000000000000000000000000000000000000000000000000000000000000000000000000000000000000000000000000000000000000000000000000000000000000000000000000000000000000000000000000
310
0000000000001E1E1E1E1E1E1E1E1E1E1E000000000000000000000000000000001E0000000000000000000000000000000000000000000000000000001E0000000000000000001E00000007000000000000000007000000000000000000000000000000000700000000000000000000000000000700000000000000000000
310
0000000000000000000000000000000000000000070000001E0000000000001E00000000000000000000000000000000000000000000000000001E0000000000000000000000000000000000000000000000000000000000000000000000000000000000000000000000000000000000000000000000000000000000000000
310
00000000000000000000000000000000000000000000000000000000000000000000000000000000000000000000000000000000000000000000000000000000000000000000000000000000000000000000000000000000000000000000000000000000000000000000000000000000000000000000000000000000000000
310
00000000000000000000000000000000000000000000000000000000000000000000000000000000000000000000000000000000000000000000000000000000000000000000000000000000000000000000000000000000000000000000000000000000000000000000000000000000000000000000000000000000000000
310
0000000000000000001E000000000000000000001E000000000000000000000000000000001E0000000000000000000000000000000000000000000000000000001E0000000000000000001E00000007000000000000000007000000000000000000000000000000000700000000000000000000000000001E1E0000000000
310
00000000000000000000000000000000000000000000001E1E0000001E0000000000001E00000000000000000000000000000000000000000000000000001E00000000000000000000000000000000000000000000000000000000000000000000000000000000000000000000000000000000000000000000000000000000
310
00000000000000000000000000000000000000000000000000000000000000000000000000000000000000000000000000000000000000000000000000000000000000000000000000000000000000000000000000000000000000000000000000000000000000000000000000000000000000000000000000000000000000
310
00000000000000000000000000000000000000000000000000000000000000000000000000000000000000000000000000000000000000000000000000000000000000000000000000000000000000000000000000000000000000000000000000000000000000000000000000000000000000000000000000000000000000
310
000000000000000000000000001E1E1E00000000000000001E000000000000000000000000000000001E0000000000000000000000000000000000000000000000000000001E0000000000000000001E00000007000000000000000007000000000000000000000000000000000700000000000000000000000000001E1E00
310
0000000000000000000000000000000000000000000000000000001E1E0000001E0000000000001E00000000000000000000000000000000000000000000000000001E000000000000000000000000000000000000000000000000000000000000000000000000000000000000000000000000000000000000000000000000
310
00000000000000000000000000000000000000000000000000000000000000000000000000000000000000000000000000000000000000000000000000000000000000000000000000000000000000000000000000000000000000000000000000000000000000000000000000000000000000000000000000000000000000
310
00000000000000000000000000000000000000000000000000000000000000000000000000000000000000000000000000000000000000000000000000000000000000000000000000000000000000000000000000000000000000000000000000000000000000000000000000000000000000000000000000000000000000
310
00000000000000000000000000000000001E000000000000000000001E000000000000000000000000000000001E0000000000000000000000000000000000000000000000000000001E0000000000000000001E000000070000000000000000071E1E0000000000000000000000001E1E0700000000000000000000000000
310
0007070707070707070707070707070707070707070707070707070707070707070000001E0000000000001E00000000000000000000000000000000000000000000000000001E0000000000000000000000000000000000000000000000000000000000000000000000000000000000000000000000000000000000000000
310
00000000000000000000000000000000000000000000000000000000000000000000000000000000000000000000000000000000000000000000000000000000000000000000000000000000000000000000000000000000000000000000000000000000000000000000000000000000000000000000000000000000000000
310
00000000000000000000000000000000000000000000000000000000000000000000000000000000000000000000000000000000000000000000000000000000000000000000000000000000000000000000000000000000000000000000000000000000000000000000000000000000000000000000000000000000000000
310
000000000000000000000000000000000000000000001E1E1E1E1E1E1E1E1E1E1E000000000000000000000000000000001E0000000000000000000000000000000000000000000000000000001E0000000000000000001E000000070000000000000000071E1E0000000000000000000000001E1E07000000000000000000
310
000000000000000000000000000000000000000000000000000000000000000000000000000000001E0000000000001E00000000000000000000000000000000000000000000000000001E00000000000000000000000000000000000000000000000000000000000000000000000000000000000000000000000000000000
310
00000000000000000000000000000000000000000000000000000000000000000000000000000000000000000000000000000000000000000000000000000000000000000000000000000000000000000000000000000000000000000000000000000000000000000000000000000000000000000000000000000000000000
310
00000000000000000000000000000000000000000000000000000000000000000000000000000000000000000000000000000000000000000000000000000000000000000000000000000000000000000000000000000000000000000000000000000000000000000000000000000000000000000000000000000000000000
310
000000000000000000000000000000000000000000000000000000000000000000001E1E000000000000000000000000000000001E1E0000000000000000000000000000000000000000000000000000001E1E1E000000000000001E1E1E000707070707070707070707070707070707070707070707070707070000000000
310
0000000000000000000000000000000000000000000000000000000000000000000000000000000000001E1E1E000000001E1E1E00000000000000000000000000000000000000000000000000001E1E1E00000000000000000000000000000000000000000000000000000000000000000000000000000000000000000000
310
00000000000000000000000000000000000000000000000000000000000000000000000000000000000000000000000000000000000000000000000000000000000000000000000000000000000000000000000000000000000000000000000000000000000000000000000000000000000000000000000000000000000000
310
00000000000000000000000000000000000000000000000000000000000000000000000000000000000000000000000000000000000000000000000000000000000000000000000000000000000000000000000000000000000000000000000000000000000000000000000000000000000000000000000000000000000000
310
00000000000000000000000000000000000000000000000000000000000000000000000000000000000000000000000000000000000000001E0000000000000000000000000000000000000000000000000000000000001E0000000000000000001E0000000000000000000000000000000000000000000000000000000000
310
000000000000000000000000000000000000000000000000000000000000000000000000000000000000000000001E0000000000001E0000000000000000000000000000000000000000000000000000000000001E000000000000000000000000000000000000000000000000000000000000000000000000000000000000
310
00000000000000000000000000000000000000000000000000000000000000000000000000000000000000000000000000000000000000000000000000000000000000000000000000000000000000000000000000000000000000000000000000000000000000000000000000000000000000000000000000000000000000
310
00000000000000000000000000000000000000000000000000000000000000000000000000000000000000000000000000000000000000000000000000000000000000000000000000000000000000000000000000000000000000000000000000000000000000000000000000000000000000000000000000000000000000
310
0000000000000000000000000000000000000000000000000000000000000000000000000000000000000000000000000000000000000000000000001E0000000000000000000000000000000000000000000000000000000000001E0000000000000000001E00000000000000000000000000000000000000000000000000
310
00000000000000000000000000000000000000000000000000000000000000000000000000000000000000000000000000001E0000000000001E00000000000000000000000000000000000000000000001E1E1E000000001E0000000000000000000000000000000000000000000000000000000000000000000000000000
310
00000000000000000000000000000000000000000000000000000000000000000000000000000000000000000000000000000000000000000000000000000000000000000000000000000000000000000000000000000000000000000000000000000000000000000000000000000000000000000000000000000000000000
310
00000000000000000000000000000000000000000000000000000000000000000000000000000000000000000000000000000000000000000000000000000000000000000000000000000000000000000000000000000000000000000000000000000000000000000000000000000000000000000000000000000000000000
310
000000000000000000000000000000000000000000000000000000000000000000000000000000000000000000000000000000000000000000000000000000001E0000000000000000000000000000000000000000000000000000000000001E0000000000000000001E000000000000000000000000000000000000000000
310
0000000000000000000000000000000000000000000000000000000000000000000000000000000000000000000000000000000000001E0000000000001E000000000000000000000000000000000000000000001E0000001E0000001E00000000000000000000000000000000000000000000000000000000000000000000
310
00000000000000000000000000000000000000000000000000000000000000000000000000000000000000000000000000000000000000000000000000000000000000000000000000000000000000000000000000000000000000000000000000000000000000000000000000000000000000000000000000000000000000
310
00000000000000000000000000000000000000000000000000000000000000000000000000000000000000000000000000000000000000000000000000000000000000000000000000000000000000000000000000000000000000000000000000000000000000000000000000000000000000000000000000000000000000
310
00000000000000000000000000000000000000000000000000000000000000000000000000000000000000000000000000000000000000000000000000000000000000001E0000000000000000000000000000000000000000000000000000000000001E0000000000000000001E0000000000000000000000000000000000
310
000000000000000000000000000000000000000000000000000000000000000000000000000000000000000000000000000000000000000000001E0000000000001E00000000000000000000000000000000000000000000001E00001E0000001E000000000000000000000000000000000000000000000000000000000000
310
00000000000000000000000000000000000000000000000000000000000000000000000000000000000000000000000000000000000000000000000000000000000000000000000000000000000000000000000000000000000000000000000000000000000000000000000000000000000000000000000000000000000000
310
00000000000000000000000000000000000000000000000000000000000000000000000000000000000000000000000000000000000000000000000000000000000000000000000000000000000000000000000000000000000000000000000000000000000000000000000000000000000000000000000000000000000000
310
0000000000000000000000000000000000000000000000000000000000000000000000000000000000000000000000000000000000000000000000000000000000000000000000001E0000000000000000000000000000000000000000000000000000000000001E0000000000000000001E00000000000000000000000000
310
00000000000000000000000000000000000000000000000000000000000000000000000000000000000000000000000000000000000000000000000000001E0000000000001E00000000000000000000000000000000000000000000001E1E1E000000001E0000000000000000000000000000000000000000000000000000
310
00000000000000000000000000000000000000000000000000000000000000000000000000000000000000000000000000000000000000000000000000000000000000000000000000000000000000000000000000000000000000000000000000000000000000000000000000000000000000000000000000000000000000
310
00000000000000000000000000000000000000000000000000000000000000000000000000000000000000000000000000000000000000000000000000000000000000000000000000000000000000000000000000000000000000000000000000000000000000000000000000000000000000000000000000000000000000
310
000000000000000000000000000000000000000000000000000000000000000000000000000000000000000000000000000000000000000000000000000000000000000000000000000000001E0000000000000000000000000000000000000000000000000000000000001E0000000000000000001E000000000000000000
310
0000000000000000000000000000000000000000000000000000000000000000000000000000000000000000000000000000000000000000000000000000000000001E0000000000001E0000000000000000000000000000000000000000000000000000000000001E00000000000000000000000000000000000000000000
310
00000000000000000000000000000000000000000000000000000000000000000000000000000000000000000000000000000000000000000000000000000000000000000000000000000000000000000000000000000000000000000000000000000000000000000000000000000000000000000000000000000000000000
310
00000000000000000000000000000000000000000000000000000000000000000000000000000000000000000000000000000000000000000000000000000000000000000000000000000000000000000000000000000000000000000000000000000000000000000000000000000000000000000000000000000000000000
310
00000000000000000000000000000000000000000000000000000000000000000000000000000000000000000000000000000000000000000000000000000000000000000000000000000000000000001E1E0000000000000000000000000000000000000000000000000000001E1E1E000000000000001E1E1E0000000000
310
000000000000000000000000000000000000000000000000000000000000000000000000000000000000000000000000000000000000000000000000000000000000000000001E1E1E000000001E1E1E00000000000000000000000000000000000000000000000000001E1E1E000000000000000000000000000000000000
310
00000000000000000000000000000000000000000000000000000000000000000000000000000000000000000000000000000000000000000000000000000000000000000000000000000000000000000000000000000000000000000000000000000000000000000000000000000000000000000000000000000000000000
310
00000000000000000000000000000000000000000000000000000000000000000000000000000000000000000000000000000000000000000000000000000000000000000000000000000000000000000000000000000000000000000000000000000000000000000000000000000000000000000000000000000000000000
310
000000000000000000000000000000000000000000000000000000000000000000000000000000000000000000000000000000000000000000000000000000000000000000000000000000000000000000000000001E0000000000000000000000000000000000000000000000000000001E0000000000000000001E000000
310
000000000000000000000000001E1E000000000000000000000000000000000000000000000000000000000000000000000000000000000000001E1E000000000000000000000000000000001E0000000000001E00000000000000000000000000000000000000000000000000001E00000000000000000000000000000000
310
00000000000000000000000000000000000000000000000000000000000000000000000000000000000000000000000000000000000000000000000000000000000000000000000000000000000000000000000000000000000000000000000000000000000000000000000000000000000000000000000000000000000000
310
00000000000000000000000000000000000000000000000000000000000000000000000000000000000000000000000000000000000000000000000000000000000000000000000000000000000000000000000000000000000000000000000000000000000000000000000000000000000000000000000000000000000000
310
00000000000000000000000000000000000000000000000000000000000000000000000000000000000000000000000000000000000000000000000000000000000000000000000000000000000000000000000000000000001E0000000000000000000000000000000000000000000000000000001E000000000000000000
310
1E000000000000000000000000000000001E1E000000000000000000000000000000000000000000000000000000000000000000000000000000000000001E1E000000000000000000000000000000001E0000000000001E00000000000000000000000000000000000000000000000000001E000000000000000000000000
310
000000000000000000000000000000000000000000000000000000000000000000000000000000000000000000000000000000000000000000000000000000000000000000000000000000000000000000000000000000000000000000000000000000C1C1C1C1C1C1C1C1C1C1C1C1C1C1C1C1C1C1C1C1C1C1C1C1C1C1C1C1
310
C1C1C1C1C1C1C1C1C1C1C1C1C1C1C1C1C1C1C1C1C1C1C1C1C1C1C1C1C1C1C1C1C1C1C1C1C1C1C1C1C1C1C1C1C1C1C1C1C1C1C1C1C1C1C1C1C1C1C1C1C1C1C1C1C1C1C1C1C1C1C1C1C1C1C1C1C1C1C1C1C1C1C1C1C1C1C1C1C1C1C1C1C1C1C1C1C1C1C1C1C1C1C1C1C1C1C1C1C1C1C1C1C1C1C1C1C1C1C1C1C1C1C1C1C1C1C1
310
C1C1C1C1C1C1C1C1C1C1C1C1C1C1C1C1C1C1C1C1C1C1C1C1C1C1C1C1C1C1C1C1C1C1C1C1C1C1C1C1C1C1C1C1C1C1C1C1C1C1C1C1C1C1C1C1C1C1C1C1C1C1C1C1C1C1C1C1C1C1C1C1C1C1C1C1C1C1C1C1C1C1C1C1C1C1C1C1C1C1C1C1C11E1E1E1E1E1E1E1E1E1EC1C1C1C1C1C1C1C1C11E1E1E1E1E1E1E1E1E1EC1C1C1C1C1
310
C1C1C1C1C1C1C1C1C1C1C1C1C1C1C1C1C1C1C1C1C1C1C1C1C1C1C1C1C1C1C1C1C1C1C1C1C1C1C1C1C1C1C1C1C1C1C1C1C1C1C1C1C1C1C1C1C1C1C1C1C1C1C1C1C1C1C1C1C1C1C1C1C1C1C1C1C1C1C1C1C1C1C1C1C1C1C1C1C1C1C11E1E1E1E1E1E1E1E1E1EC1C1C1C1C1C1C1C11E1E1E1E1E1E1E1E1E1EC1C1C1C1C1C1C1C1
310
C1C1C1C1C1C1C1C1C1C1C1C1C1C1C1C1C1C1C1C1C1C1C1C1C1C1C1C1C1C1C1C1C1C1C1C1C1C1C1C1C1C1C1C1C1C1C1C1C1C1C1C1C1C1C1C1C1C1C1C1C1C1C1C1C1C1C1C1C1C1C1C1C1C1C1C1C1C1C1C1C1C1C1C1C1C1C1C1C1C1C1C1C1C1C1C1C1C1C1C1C1C1C1000000000000000000000000000000000000000000000000
310
00000000000000000000000000000000000000000000000000000000000000000000000000000000000000000000000000000000000000000000000000000000000000000000000000000000000000000000000000000000000000000000000000000000000000000000000000000000000000000000000000000000000000
310
000000000000000000000000000000000000000000000000000000000000000000000000000000000000000000000000000000000000000000000000000000000000000000000000000000000000000000000000000000000000000000000000000000000000000000001E0000000000000000001E00000000000000000000
310
00000000000000001E000000000000001E00000000001E0000000000001E00000000001E0000000000000000001E00000000001E0000000000000000001E00000000001E0000000000001E00000000001E000000000000001E0000000000000000000000000000001E00000000000000001E00000000000000000000000000
310
00000000000000000000000000000000000000000000000000000000000000000000000000000000000000000000000000000000000000000000000000000000000000000000000000000000000000000000000000000000000000000000000000000000000000000000000000000000000000000000000000000000000000
310
00000000000000000000000000000000000000000000000000000000000000000000000000000000000000000000000000000000000000000000000000000000000000000000000000000000000000000000000000000000000000000000000000000000000000000000000000000000000000000000000000000000000000
310
00000000000000000000000000000000000000000000000000000000000000000000000000000000000000000000000000000000000000000000000000000000000000000000000000000000000000000000000000000000000000000000000000000000000000000000000000001E1E1E1E1E1E1E1E1E1E1E000000000000
310
0000000000000000000000001E1E1E1E1E1E1E1E1E00000000001E1E1E1E1E1E1E1E00000000001E1E1E1E1E1E1E1E1E1E1E00000000001E1E1E1E1E1E1E1E1E1E1E00000000001E1E1E1E1E1E1E1E00000000001E1E1E1E1E1E1E1E1E0000000000000000000000000000001E1E1E1E1E1E1E1E1E1E000000000000000000
310
00000000000000000000000000000000000000000000000000000000000000000000000000000000000000000000000000000000000000000000000000000000000000000000000000000000000000000000000000000000000000000000000000000000000000000000000000000000000000000000000000000000000000
310
00000000000000000000000000000000000000000000000000000000000000000000000000000000000000000000000000000000000000000000000000000000000000000000000000000000000000000000000000000000000000000000000000000000000000000000000000000000000000000000000000000000000000
310
00000000000000000000000000000000000000000000000000000000000000000000000000000000000000000000000000000000000000000000000000000000000000000000000000000000000000000000000000000000000000000000000000000000000000000000000000000000000000000000000000000000000000
310
00000000000000000000000000000000000000000000000000000000000000000000000000000000000000000000000000000000000000000000000000000000000000000000000000000000000000000000000000000000000000000000000000000000000000000000000000000000000000000000000000000000000000
310
00000000000000000000000000000000000000000000000000000000000000000000000000000000000000000000000000000000000000000000000000000000000000000000000000000000000000000000000000000000000000000000000000000000000000000000000000000000000000000000000000000000000000
310
00000000000000000000000000000000000000000000000000000000000000000000000000000000000000000000000000000000000000000000000000000000000000000000000000000000000000000000000000000000000000000000000000000000000000000000000000000000000000000000000000000000000000
310
00000000000000000000000000000000000000000000000000000000000000000000000000000000000000000000000000000000000000000000000000000000000000000000000000000000000000000000000000000000000000000000000000000000000000000000000000000000000000000000000000000000000000
310
000000000000000000000000000000000000000000000000000000001E1E1E1E1E1E1E0000000000001E1E1E1E1E1E1E0000000000000000001E1E1E1E1E1E1E0000000000000000001E1E1E1E1E1E1E0000000000001E1E1E1E1E1E1E00000000000000000000000000000000000000000000000000000000000000000000
310
00000000000000000000000000000000000000000000000000000000000000000000000000000000000000000000000000000000000000000000000000000000000000000000000000000000000000000000000000000000000000000000000000000000000000000000000000000000000000000000000000000000000000
310
00000000000000000000000000000000000000000000000000000000000000000000000000000000000000000000000000000000000000000000000000000000000000000000000000000000000000000000000000000000000000000000000000000000000000000000000000000000000000000000000000000000000000
310
00000000000000000000000000000000000000000000000000000000000000000000000000000000000000000000000000000000000000000000000000000000000000000000000000000000000000000000000000000000000000000000000000000000000000000000000000000000000000000000000000000000000000
310
00000000000000000000000000000000000000000000000000000000000000001E00000000001E0000000000001E00000000001E0000000000000000001E00000000001E0000000000000000001E00000000001E0000000000001E00000000001E000000000000000000000000000000000000000000000000000000000000
310
00000000000000000000000000000000000000000000000000000000000000000000000000000000000000000000000000000000000000000000000000000000000000000000000000000000000000000000000000000000000000000000000000000000000000000000000000000000000000000000000000000000000000
310
00000000000000000000000000000000000000000000000000000000000000000000000000000000000000000000000000000000000000000000000000000000000000000000000000000000000000000000000000000000000000000000000000000000000000000000000000000000000000000000000000000000000000
310
00000000000000000000000000000000000000000000000000000000000000000000000000000000000000000000000000000000000000000000000000000000000000000000000000000000000000000000000000000000000000000000000000000000000000000000000000000000000000000000000000000000000000
310
000000000000000000000000000000000000000000000000000000001E1E1E1E1E1E070707070007070707071E1E1E1E1E1E00070000001E1E1E1E1E1E1E1E1E1E1E00000000001E1E1E1E1E1E1E1E1E1E1E00000000001E1E1E1E1E1E1E1E00000000001E1E1E1E1E1E1E1E1E000000000000000000000000000000000000
310
00000000000000000000000000000000000000000000000000000000000000000000000000000000000000000000000000000000000000000000000000000000000000000000000000000000000000000000000000000000000000000000000000000000000000000000000000000000000000000000000000000000000000
310
00000000000000000000000000000000000000000000000000000000000000000000000000000000000000000000000000000000000000000000000000000000000000000000000000000000000000000000000000000000000000000000000000000000000000000000000000000000000000000000000000000000000000
310
00000000000000000000000000000000000000000000000000000000000000000000000000000000000000000000000000000000000000000000000000000000000000000000000000000000000000000000000000000000000000000000000000000000000000000000000000000000000000000000000000000000000000
310
00000000000000000000000000000000000000000000000000000000000000001E000000000007070707000707070707000000070707000707000000000000000000000000000000000000000000000000000000000000000000000000000000000000000000000000000000000000001E0000000000000000000000000000
310
00000000000000000000000000000000000000000000000000000000000000000000000000000000000000000000000000000000000000000000000000000000000000000000000000000000000000000000000000000000000000000000000000000000000000000000000000000000000000000000000000000000000000
310
00000000000000000000000000000000000000000000000000000000000000000000000000000000000000000000000000000000000000000000000000000000000000000000000000000000000000000000000000000000000000000000000000000000000000000000000000000000000000000000000000000000000000
310
00000000000000000000000000000000000000000000000000000000000000000000000000000000000000000000000000000000000000000000000000000000000000000000000000000000000000000000000000000000000000000000000000000000000000000000000000000000000000000000000000000000000000
310
0000000000000000000000000000000000000000000000000000000000000000000000001E000000000000000000070000000000000000070707000700000000000000000000000000000000000000000000000000000000000000000000000000000000000000000000000000000000000000001E00000000000000000000
310
00000000000000000000000000000000000000000000000000000000000000000000000000000000000000000000000000000000000000000000000000000000000000000000000000000000000000000000000000000000000000000000000000000000000000000000000000000000000000000000000000000000000000
310
00000000000000000000000000000000000000000000000000000000000000000000000000000000000000000000000000000000000000000000000000000000000000000000000000000000000000000000000000000000000000000000000000000000000000000000000000000000000000000000000000000000000000
310
00000000000000000000000000000000000000000000000000000000000000000000000000000000000000000000000000000000000000000000000000000000000000000000000000000000000000000000000000000000000000000000000000000000000000000000000000000000000000000000000000000000000000
310
000000000000000000000000000000000000000000000000000000000000000000000000000000001E00000000000000001E1E1E1E1E00000000000707071E1E1E000000000000000000000000000000000000000000000000000000000000000000000000000000000000000000000000000000000000001E000000000000
310
00000000000000000000000000000000000000000000000000000000000000000000000000000000000000000000000000000000000000000000000000000000000000000000000000000000000000000000000000000000000000000000000000000000000000000000000000000000000000000000000000000000000000
310
00000000000000000000000000000000000000000000000000000000000000000000000000000000000000000000000000000000000000000000000000000000000000000000000000000000000000000000000000000000000000000000000000000000000000000000000000000000000000000000000000000000000000
310
00000000000000000000000000000000000000000000000000000000000000000000000000000000000000000000000000000000000000000000000000000000000000000000000000000000000000000000000000000000000000000000000000000000000000000000000000000000000000000000000000000000000000
310
00000000000000000000000000000000000000000000000000000000000000000000000000000000000000001E00000000000000001E0000001E00000000001E000000001E000000000707070707070707070707070707070707000000000000000000000000000000000000000000000000000000000000000000001E0000
310
00000000000000000000000000000000000000000000000000000000000000000000000000000000000000000000000000000000000000000000000000000000000000000000000000000000000000000000000000000000000000000000000000000000000000000000000000000000000000000000000000000000000000
310
00000000000000000000000000000000000000000000000000000000000000000000000000000000000000000000000000000000000000000000000000000000000000000000000000000000000000000000000000000000000000000000000000000000000000000000000000000000000000000000000000000000000000
310
00000000000000000000000000000000000000000000000000000000000000000000000000000000000000000000000000000000000000000000000000000000000000000000000000000000000000000000000000000000000000000000000000000000000000000000000000000000000000000000000000000000000000
310
0000000000000000000000000000000000000000000000000000000000000000000000000000000000000000000000001E00000000000000001E0000001E00000000001E000000001E000000000700000000000000000000000000000007000000000000000000000000000000000000000000000000000000000000000000
310
001E0000000000000000000000000000000000000000000000000000000000000000000000000000000000000000000000000000000000000000000000000000000000000000000000000000000000000000000000000000000000000000000000000000000000000000000000000000000000000000000000000000000000
310
00000000000000000000000000000000000000000000000000000000000000000000000000000000000000000000000000000000000000000000000000000000000000000000000000000000000000000000000000000000000000000000000000000000000000000000000000000000000000000000000000000000000000
310
00000000000000000000000000000000000000000000000000000000000000000000000000000000000000000000000000000000000000000000000000000000000000000000000000000000000000000000000000000000000000000000000000000000000000000000000000000000000000000000000000000000000000
310
000000000000000000000000000000000000000000000000000000000000000000000000000000000000000000000000000000001E00000000000000001E0000001E00000000001E000000001E0000000007000000000000000000000000000000070000000000000000000000000000000000000000000000000000000000
310
00000000001E00000000000000000000000000000000000000000000000000000000000000000000000000000000000000000000000000000000000000000000000000000000000000000000000000000000000000000000000000000000000000000000000000000000000000000000000000000000000000000000000000
310
00000000000000000000000000000000000000000000000000000000000000000000000000000000000000000000000000000000000000000000000000000000000000000000000000000000000000000000000000000000000000000000000000000000000000000000000000000000000000000000000000000000000000
310
00000000000000000000000000000000000000000000000000000000000000000000000000000000000000000000000000000000000000000000000000000000000000000000000000000000000000000000000000000000000000000000000000000000000000000000000000000000000000000000000000000000000000
310
00000000000000000000000000000000000000000000000000000000000000000000000000000000000000000000000000000000000000001E00000000000000001E0000001E00000000001E000000001E00000000070000000000000000000000000000000700000000000000000000000000000000000000000000000000
310
0000000000000000001E000000000000000000000000000000000000000000000000000000000000000000000000000000000000000000000000000000000000000000000000000000000000000000000000000000000000000000000000000000000000000000000000000000000000000000000000000000000000000000
310
00000000000000000000000000000000000000000000000000000000000000000000000000000000000000000000000000000000000000000000000000000000000000000000000000000000000000000000000000000000000000000000000000000000000000000000000000000000000000000000000000000000000000
310
00000000000000000000000000000000000000000000000000000000000000000000000000000000000000000000000000000000000000000000000000000000000000000000000000000000000000000000000000000000000000000000000000000000000000000000000000000000000000000000000000000000000000
310
0000000000000000000000000000000000000000000000000000000000000000000000000000000000000000000000000000000000000000000000001E1E1E0000000000001E0000001E00000000001E000000001E0000000007000000000000001E1E00000000000007000000000000000000000000000000000000000000
310
00000000000000000000001E1E1E0000000000000000000000000000000000000000000000000000000000000000000000000000000000000000000000000000000000000000000000000000000000000000000000000000000000000000000000000000000000000000000000000000000000000000000000000000000000
310
00000000000000000000000000000000000000000000000000000000000000000000000000000000000000000000000000000000000000000000000000000000000000000000000000000000000000000000000000000000000000000000000000000000000000000000000000000000000000000000000000000000000000
310
00000000000000000000000000000000000000000000000000000000000000000000000000000000000000000000000000000000000000000000000000000000000000000000000000000000000000000000000000000000000000000000000000000000000000000000000000000000000000000000000000000000000000
310
0000000000000000000000000000000000000000000000000000000000000000000000000000000000000000000000000000000000000000000000000000000000001E0000000000001E0000001E00000000001E000000001E000000000700000000001E1E00001E1E00000000070000000000000000000000000000000000
310
0000000000000000000000000000001E000000000000000000000000000000000000000000000000000000000000000000000000000000000000000000000000000000000000000000000000000000000000000000000000000000000000000000000000000000000000000000000000000000000000000000000000000000
310
00000000000000000000000000000000000000000000000000000000000000000000000000000000000000000000000000000000000000000000000000000000000000000000000000000000000000000000000000000000000000000000000000000000000000000000000000000000000000000000000000000000000000
310
00000000000000000000000000000000000000000000000000000000000000000000000000000000000000000000000000000000000000000000000000000000000000000000000000000000000000000000000000000000000000000000000000000000000000000000000000000000000000000000000000000000000000
310
000000000000000000000000000000000000000000000000000000000000000000000000000000000000000000000000000000000000000000000000000000000000000000001E0000000000001E1E1E1E1E00000000001E1E1E1E1E1E000000000700000000001E000000001E000000000700000000000000000000000000
310
000000000000000000000000000000000000001E0000000000000000000000000000000000000000000000000000000000000000000000000000000000000000000000000000000000000000000000000000000000000000000000000000000000000000000000000000000000000000000000000000000000000000000000
310
00000000000000000000000000000000000000000000000000000000000000000000000000000000000000000000000000000000000000000000000000000000000000000000000000000000000000000000000000000000000000000000000000000000000000000000000000000000000000000000000000000000000000
310
00000000000000000000000000000000000000000000000000000000000000000000000000000000000000000000000000000000000000000000000000000000000000000000000000000000000000000000000000000000000000000000000000000000000000000000000000000000000000000000000000000000000000
310
00000000000000000000000000000000000000000000000000000000000000000000000000000000000000000000000000000000000000000000000000000000000000000000000000001E0000000000001E1E1E1E1E1E1E1E1E1E1E1E1E1E1E1E0000000007000000001E0000000000001E00000007000000000000000000
310
00000000000000000000000000000000000000000000001E00000000000000000000000000000000000000000000000000000000000000000000000000000000000000000000000000000000000000000000000000000000000000000000000000000000000000000000000000000000000000000000000000000000000000
310
00000000000000000000000000000000000000000000000000000000000000000000000000000000000000000000000000000000000000000000000000000000000000000000000000000000000000000000000000000000000000000000000000000000000000000000000000000000000000000000000000000000000000
310
00000000000000000000000000000000000000000000000000000000000000000000000000000000000000000000000000000000000000000000000000000000000000000000000000000000000000000000000000000000000000000000000000000000000000000000000000000000000000000000000000000000000000
310
0000000000000000000000000000000000000000000000000000000000000000000000000000000000000000000000000000000000000000000000000000000000000000000000000000000000001E0000000000001E00000000000000000000000000001E0000000007000000001E0000000000001E000000070000000000
310
00000000000000000000001E1E1E000000000000000000000000001E000000000000000000000000000000000000000000000000000000000000000000000000000000000000000000000000000000000000000000000000000000000000000000000000000000000000000000000000000000000000000000000000000000
310
00000000000000000000000000000000000000000000000000000000000000000000000000000000000000000000000000000000000000000000000000000000000000000000000000000000000000000000000000000000000000000000000000000000000000000000000000000000000000000000000000000000000000
310
00000000000000000000000000000000000000000000000000000000000000000000000000000000000000000000000000000000000000000000000000000000000000000000000000000000000000000000000000000000000000000000000000000000000000000000000000000000000000000000000000000000000000
310
000000000000000000000000000000000000000000000000000000000000000000000000000000000000000000000000000000000000000000000000000000000000000000000000000000000000000000001E0000000000001E00000000000000000000000000001E0000000007000000001E0000000000001E0000000700
310
00000000000000000000000000001E00001E000000000000000000000000001E0000000000000000000000000000000000000000000000000000000000000000000000000000000000000000000000000000000000000000000000000000000000000000000000000000000000000000000000000000000000000000000707
310
07070707070707070707070707070707070707070707070707070707070707070707070707070707070707070707070700000000000000000000000000000000000000000000000000000000000000000000000000000000000000000000000000000000000000000000000000000000000000000000000000000000000000
310
00000000000000000000000000000000000000000000000000000000000000000000000000000000000000000000000000000000000000000000000000000000000000000000000000000000000000000000000000000000000000000000000000000000000000000000000000000000000000000000000000000000000000
310
00000000000000000000000000000000000000000000000000000000000000000000000000000000000000000000000000000000000000000000000000000000000000000000000000000000000000000000000000001E0000000000001E00000000000000000000000000001E000000000700000000001E000000001E0000
310
000007000000000000000000000000000000001E001E000000000000000000000000001E00000000000000000000000000000000000000000000000000000000000000000000000000000000000000000000000000000000000000000000000000000000000000000000000000000000000000000000000000000000000000
310
00000700000000000000000000000000000000000000000000000000000000000000000000000000000000000000000000000007000000000000000000000000000000000000000000000000000000000000000000000000000000000000000000000000000000000000000000000000000000000000000000000000000000
310
00000000000000000000000000000000000000000000000000000000000000000000000000000000000000000000000000000000000000000000000000000000000000000000000000000000000000000000000000000000000000000000000000000000000000000000000000000000000000000000000000000000000000
310
0000000000000000000000000000000000000000000000000000000000000000000000000000000000000000000000000000000000000000000000000000000000000000000000000000000000000000000000000000000000001E0000000000001E00000000000000000000000000001E000000000700000000001E000000
310
1E1E000000000700000000000000000000000000000000001E00000000000000000000000000001E000000000000000000000000000000000000000000000000000000000000000000000000000000000000000000000000000000000000000000000000000000000000000000000000000000000000000000000000000000
310
00000000000007000000000000000000000000000000000000000000000000000000000000000000000000000000000000000000000000070000000000000000000000000000000000000000000000000000000000000000000000000000000000000000000000000000000000000000000000000000000000000000000000
310
00000000000000000000000000000000000000000000000000000000000000000000000000000000000000000000000000000000000000000000000000000000000000000000000000000000000000000000000000000000000000000000000000000000000000000000000000000000000000000000000000000000000000
310
000000000000000000000000000000000000000000000000000000000000000000000000000000000000000000000000000000000000000000000000000000000000000000000000000000000000000000000000000000000000000000001E0000000000001E00000000000000000000000000001E00000000070000000000
310
001E1E1E0000000000000700000000000000000000000000000000000000000000000000000000000000001E0000000000000000000000000000000000000000000000000000000000000000000000000000000000000000000000000000000000000000000000000000000000000000000000000000000000000000000000
310
00000000000000000000070000000000000000000000000000000000000000000000000000000000000000000000000000000000000000000000000700000000000000000000000000000000000000000000000000000000000000000000000000000000000000000000000000000000000000000000000000000000000000
310
00000000000000000000000000000000000000000000000000000000000000000000000000000000000000000000000000000000000000000000000000000000000000000000000000000000000000000000000000000000000000000000000000000000000000000000000000000000000000000000000000000000000000
310
00000000000000000000000000000000000000000000000000000000000000000000000000000000000000000000000000000000000000000000000000000000000000000000000000000000000000000000000000000000000000000000000000001E0000000000001E00000000000000000000000000001E000000000700
310
00000000000000000000000000000700000000000000000000000000000000000000000000000000000000000000001E00000000000000000000000000000000000000000000000000000000000000000000000000000000000000000000000000000000000000000000000000000000000000000000000000000000000000
310
00000000000000000000000000000700000000000000000000000000000000000000000000000000070000000007000000000000000000000000000000000007000000000000000000000000000000000000000000000000000000000000000000000000000000000000000000000000000000000000000000000000000000
310
00000000000000000000000000000000000000000000000000000000000000000000000000000000000000000000000000000000000000000000000000000000000000000000000000000000000000000000000000000000000000000000000000000000000000000000000000000000000000000000000000000000000000
310
000000000000000000000000000000000000000000000000000000000000000000000000000000000000000000000000000000000000000000000000000000000000000000000000000000000000000000000000000000000000000000000000000000001E1E1E0000000000001E00000000000000000000000000001E0000
310
0000070000000000000000000000000000000700000000000000000000000000000000000000000000000000000000000000001E1E1E00000000000000000000000000000000000000000000000000000000000000000000000000000000000000000000000000000000000000000000000000000000000000000000000000
310
00000000000000000000000000000000000007000000000000000000000000FD0000000000000000000007070707FB0000000009000700930007000000000000000000070000000000000000000000000000000000000000000000000000000000000000000000000000000000000000000000000000000000000000000000
310
00000000000000000000000000000000000000000000000000000000000000000000000000000000000000000000000000000000000000000000000000000000000000000000000000000000000000000000000000000000000000000000000000000000000000000000000000000000000000000000000000000000000000
310
00000000000000000000000000000000000000000000000000000000000000000000000000000000000000000000000000000000000000000000000000000000000000000000000000000000000000000000000000000000000000000000000000000000000000001E00000000000000001E00000000000000000000000000
310
001E000000000700000000000000000000000000000007000000000000000000000000000000000000000000000000000000000000000000001E000000000000000000000000000000000000000000000000000000000000000000000000000000000000000000000000000000000000000000000000000000000000000000
310
0000000000000000000000000000000000000000000007000000000000000000000000000000FD00000000000707000007070707FC00000000FD000700070013930000000000000700000000000000000000000000000000000000000000000000000000000000000000000000000000000000000000000000000000000000
310
00000000000000000000000000000000000000000000000000000000000000000000000000000000000000000000000000000000000000000000000000000000000000000000000000000000000000000000000000000000000000000000000000000000000000000000000000000000000000000000000000000000000000
310
0000000000000000000000000000000000000000000000000000000000000000000000000000000000000000000000000000000000000000000000000000000000000000000000000000000000000000000000000000000000000000000000000000000000000000000000001E000000000000000007070707070707070707
310
070707071E1E000000000707070707070707070707070707070707000000000000000000000000000000000000000000000000000000000000000000001E0000000000000000000000000000000000000000000000000000000000000000000000000000000000000000000000000000000000000000000000000000000000
310
00000000000000000000000000000000000000000000000000000700000000000000000007000700000000000000070700000000070707070707000000000000000700950000009500000007000000000000000000000000000000000000000000000000000000000000000000000000000000000000000000000000000000
310
00000000000000000000000000000000000000000000000000000000000000000000000000000000000000000000000000000000000000000000000000000000000000000000000000000000000000000000000000000000000000000000000000000000000000000000000000000000000000000000000000000000000000
310
000000000000000000000000000000000000000000000000000000000000000000000000000000000000000000000000000000000000000000000000000000000000000000000000000000000000000000000000000000000000000000000000000000000000000000000000000000001E0000000000000000000707070707
310
07070707070707000000000000000000000707070707070707070707000000000000000000000000000000000000000000000000000000000000000000000000001E00000000000000000000000000000000000000000000000000000000000000000000000000000000000000000000000000000000000000000000000000
310
000000000000000000000000000000000000000000000000000000000000070000000000000007000000000000000000070700000000000007070707070007FF00000000FD000007FF000900000000070000000000000000000000000000000000000000000000000000000000000000000000000000000000000000000000
310
00000000000000000000000000000000000000000000000000000000000000000000000000000000000000000000000000000000000000000000000000000000000000000000000000000000000000000000000000000000000000000000000000000000000000000000000000000000000000000000000000000000000000
310
00000000000000000000000000000000000000000000000000000000000000000000000000000000000000000000000000000000000000000000000000000000000000000000000000000000000000000000000000000000000000000000000000000000000000000000000000000000000000001E00000000000000000000
310
0707070707070707070707000000000000000000000707070707070707070707000000000000000000000000000000000000000000000000000000000000000000000000001E000000000000000000000000000000001E1E1E1E1E000000000000000000000000000000000000000000000000000000000000000000000000
310
00000000000000000000000000000000000000000000000000000000000000000000070000000000070000009500FB0000000707000000000000000007070707070709000793000000000700FB0000000000000700000000000000000000000000000000000000000000000000000000000000000000000000000000000000
310
00000000000000000000000000000000000000000000000000000000000000000000000000000000000000000000000000000000000000000000000000000000000000000000000000000000000000000000000000000000000000000000000000000000000000000000000000000000000000000000000000000000000000
310
0000000000000000000000000000000000000000000000000000000000000000000000000000000000000000000000000000000000000000000000000000000000000000000000000000000000000000000000000000000000000000000000000000000000000000000000000000000000000000000000001E000000000000
310
000000000707070707070707070707000000000000000000000007070707070707070707000000000000000000000000000000000000000000000000000000000000000000000000001E000000000000000000000000000000001E0000001E0000000000000000000000000000000000000000000000000000000000000000
310
00000000000000000000000000000000000000000000000000000000000000000000000000000700000007000000FD00FE0000000707000000000000000000000707070707070000000707000000FE00000000FF00000007000000000000000000000000000000000000000000000000000000000000000000000000000000
310
00000000000000000000000000000000000000000000000000000000000000000000000000000000000000000000000000000000000000000000000000000000000000000000000000000000000000000000000000000000000000000000000000000000000000000000000000000000000000000000000000000000000000
310
000000000000000000000000000000000000000000000000000000000000000000000000000000000000000000000000000000000000000000000000000000000000000000000000000000000000000000000000000000000000000000000000000000000000000000000000000000000000000000000000000000001E0000
310
00000000000000000000000000000000000000000000000000000000000000000000000000000000000000000000000000000000000000000000000000000000000000000000000000000000001E000000000000000000000000000000001E0000001E00000000000000000000000000000000000000000000000000000000
310
0000000000000000000000000000000000000000000000000000000000000000000000000000000000000700000000000700FF000000070700000000000000000000000007070707FFFF0900000000070700000000090007000000070000000000000000000000000000000000000000000000000000000000000000000000
310
00000000000000000000000000000000000000000000000000000000000000000000000000000000000000000000000000000000000000000000000000000000000000000000000000000000000000000000000000000000000000000000000000000000000000000000000000000000000000000000000000000000000000
310
00000000000000000000000000000000000000000000000000000000000000000000000000000000000000000000000000000000000000000000000000000000000000000000000000000000000000000000000000000000000000000000000000000000000000000000000000000000000000000000000000000000000000
310
001E000000000000000000000000000000000000000000000000000000000000000000000000000000000000000000000000000000000000000000000000000000000000000000000000000000000000001E000000000000000000000000000000001E0000001E000000000000000000000000000000000000000000000000
310
0000000000000000000000000000000000000000000000000000000000000000000000000000000000000000000007000000FC00FC000000070700000000000000000000000000000707070700FD000000000000FE070000000000000000000700000000000000000000000000000000000000000000000000000000000000
310
00000000000000000000000000000000000000000000000000000000000000000000000000000000000000000000000000000000000000000000000000000000000000000000000000000000000000000000000000000000000000000000000000000000000000000000000000000000000000000000000000000000000000
310
00000000000000000000000000000000000000000000000000000000000000000000000000000000000000000000000000000000000000000000000000000000000000000000000000000000000000000000000000000000000000000000000000000000000000000000000000000000000000000000000000000000000000
310
00000000001E000000000000000000000000000000000000000000000000000000000000000000000000000000000000000000000000000000000000000000000000000000000000000000000000000000000000001E000000000000000000000000000000001E0000001E0000000000000000000000000000000000000000
310
00000000000000000000000000000000000000000000000000000000000000000000000000000000000000000000000000000700000000000000070700000000000000000000000000000000070707070709000000000000000000070000000700000007000000000000000000000000000000000000000000000000000000
310
00000000000000000000000000000000000000000000000000000000000000000000000000000000000000000000000000000000000000000000000000000000000000000000000000000000000000000000000000000000000000000000000000000000000000000000000000000000000000000000000000000000000000
310
00000000000000000000000000000000000000000000000000000000000000000000000000000000000000000000000000000000000000000000000000000000000000000000000000000000000000000000000000000000000000000000000000000000000000000000000000000000000000000000000000000000000000
310
0000000000000000001E1E1E1E1E1E1E1E1E00000000001E1E1E1E1E1E1E1E00000000001E1E1E1E1E1E1E1E1E1E1E00000000001E1E1E1E1E1E1E1E1E1E1E00000000001E1E1E1E1E1E1E1E00000000001E1E1E1E1E1E1E1E1E000000000000000000000000000000001E0000001E00000000000000000000000000000000
310
00000000000000000000000000000000000000000000000000000000000000000000000000000000000000000000000000000000000007000000000007070000000000000000000000000000000000000707070707000000000000000000000707FC0000000000070000000000000000000000000000000000000000000000
310
00000000000000000000000000000000000000000000000000000000000000000000000000000000000000000000000000000000000000000000000000000000000000000000000000000000000000000000000000000000000000000000000000000000000000000000000000000000000000000000000000000000000000
310
00000000000000000000000000000000000000000000000000000000000000000000000000000000000000000000000000000000000000000000000000000000000000000000000000000000000000000000000000000000000000000000000000000000000000000000000000000000000000000000000000000000000000
310
0000000000000000000000000000000000000000001E00000000001E0000000000001E00000000001E0000000000000000001E00000000001E0000000000000000001E00000000001E0000000000001E00000000001E0000000000000000000000000000000000000000000000001E0000001E000000000000000000000000
310
00000000000000000000000000000000000000000000000000000000000000000000000000000000000000000000000000000000000000000000070000000707070000000000000000000000000000000000000007070707090700000000000000000000000707070000000700000000000000000000000000000000000000
310
00000000000000000000000000000000000000000000000000000000000000000000000000000000000000000000000000000000000000000000000000000000000000000000000000000000000000000000000000000000000000000000000000000000000000000000000000000000000000000000000000000000000000
310
00000000000000000000000000000000000000000000000000000000000000000000000000000000000000000000000000000000000000000000000000000000000000000000000000000000000000000000000000000000000000000000000000000000000000000000000000000000000000000000000000000000000000
310
000000000000000000000000000000000000000000000000001E1E1E1E1E1E1E0000000000001E1E1E1E1E1E1E0000000000000000001E1E1E1E1E1E1E0000000000000000001E1E1E1E1E1E1E0000000000001E1E1E1E1E1E1E0000000000000000000000000000000000000000000000001E1E1E1E1E0000000000000000
310
0000000000000000000000000000000000000000000000000000000000000000000000000000000000000000000000000000000000000000000000000000070000000007070000000000000000000000000000000000000007070707FF08000000000000000000070007070707000007000000000000000000000000000000
310
00000000000000000000000000000000000000000000000000000000000000000000000000000000000000000000000000000000000000000000000000000000000000000000000000000000000000000000000000000000000000000000000000000000000000000000000000000000000000000000000000000000000000
310
00000000000000000000000000000000000000000000000000000000000000000000000000000000000000000000000000000000000000000000000000000000000000000000000000000000000000000000000000000000000000000000000000000000000000000000000000000000000000000000000000000000000000
310
00000000000000000000000000000000000000000000000000000000000000000000000000000000000000000000000000000000000000000000000000000000000000000000000000000000000000000000000000000000000000000000000000000000000000000000000000000000000000000007070707070700000000
310
0000000000000000000000000000000000000000000000000000000000000000000000000000000000000000000000000000000000000000000000000000000000000700000000000700000000000000000000000000000000000000070707098908000000000000000000000007FD00090000070000000000000000000000
310
00000000000000000000000000000000000000000000000000000000000000000000000000000000000000000000000000000000000000000000000000000000000000000000000000000000000000000000000000000000000000000000000000000000000000000000000000000000000000000000000000000000000000
310
00000000000000000000000000000000000000000000000000000000000000000000000000000000000000000000000000000000000000000000000000000000000000000000000000000000000000000000000000000000000000000000000000000000000000000000000000000000000000000000000000000000000000
310
00000000000000000000000000000000000000000000000000000000000000000000000000000000000000000000000000000000000000000000000000000000000000000000000000000000000000000000000000000000000000000000000000000000000000000000000000000000000000000000000000070707070707
310
070000000000000000000000000000000000000000000000000000000000000000000000000000000000000000000000000000000000000000000000000000000000000000000700000000FE070000000000000000000000000000000000000007070707080000000000000000000000000700000000000700000000000000
310
00000000000000000000000000000000000000000000000000000000000000000000000000000000000000000000000000000000000000000000000000000000000000000000000000000000000000000000000000000000000000000000000000000000000000000000000000000000000000000000000000000000000000
310
00000000000000000000000000000000000000000000000000000000000000000000000000000000000000000000000000000000000000000000000000000000000000000000000000000000000000000000000000000000000000000000000000000000000000000000000000000000000000000000000000000000000000
310
00000000000000000000000000000000000000000000000000000000000000000000000000000000000000000000000000000000000000000000000000000000000000000000000000000000000000000000000000000000000000000000000000000000000000000000000000000000000000000000000000000000000000
310
00000000000000000000000000000000000000000000000000000000000000000000000000000000000000000000000000000000000000000000000000000000000000000000000000000700000000000700000000000000000000000000000000000000070707070707000000000000000000000007000000000007000000
310
00000000000000000000000000000000000000000000000000000000000000000000000000000000000000000000000000000000000000000000000000000000000000000000000000000000000000000000000000000000000000000000000000000000000000000000000000000000000000000000000000000000000000
310
00000000000000000000000000000000000000000000000000000000000000000000000000000000000000000000000000000000000000000000000000000000000000000000000000000000000000000000000000000000000000000000000000000000000000000000000000000000000000000000000000000000000000
310
00000000000000000000000000000000000000000000000000000000000000000000000000000000000000000000000000000000000000000000000000000000000000000000000000000000000000000000000000000000000000000000000000000000000000000000000000000000000000000000000000000000000000
310
000000000000000000000000000000000000000000000000000000000000000000000000000000000000000000000000000000000000000000000000000000000000000000000000000000000000070000000000070000000000000000000007000000000000FD07FB0707070707070000000000000000000009FD00000000
310
07000000000000000000000000000000000000000000000000000000000000000000000000000000000000000000000000000000000000000000000000000000000000000000000000000000000000000000000000000000000000000000000000000000000000000000000000000000000000000000000000000000000000
310
00000000000000000000000000000000000000000000000000000000000000000000000000000000000000000000000000000000000000000000000000000000000000000000000000000000000000000000000000000000000000000000000000000000000000000000000000000000000000000000000000000000000000
310
00000000000000000000000000000000000000000000000000000000000000000000000000000000000000000000000000000000000000000000000000000000000000000000000000000000000000000000000000000000000000000000000000000000000000000000000000000000000000000000000000000000000000
310
00000000000000000000000000000000000000000000000000000000000000000000000000000000000000000000000000000000000000000000000000000000000000000000000000000000000000000000070000000000070000000000000000000007000000000707000000000707070709000000000000000000000700
310
00000000070000000000000000000000000000000000000000000000000000000000000000000000000000000000000000000000000000000000000000000000000000000000000000000000000000000000000000000000000000000000000000000000000000000000000000000000000000000000000000000000000000
310
00000000000000000000000000000000000000000000000000000000000000000000000000000000000000000000000000000000000000000000000000000000000000000000000000000000000000000000000000000000000000000000000000000000000000000000000000000000000000000000000000000000000000
310
00000000000000000000000000000000000000000000000000000000000000000000000000000000000000000000000000000000000000000000000000000000000000000000000000000000000000000000000000000000000000000000000000000000000000000000000000000000000000000000000000000000000000
310
00000000000000000000000000000000000000000000000000000000000000000000000000000000000000000000000000000000000000000000000000000000000000000000000000000000000000000000000000000700000000000700000000000000000000070000070700000000000000000007070000000000000000
310
00000007000000000700000000000000000000000000000000000000000000000000000000000000000000000000000000000000000000000000000000000000000000000000000000000000000000000000000000000000000000000000000000000000000000000000000000000000000000000000000000000000000000
310
00000000000000000000000000000000000000000000000000000000000000000000000000000000000000000000000000000000000000000000000000000000000000000000000000000000000000000000000000000000000000000000000000000000000000000000000000000000000000000000000000000000000000
310
00000000000000000000000000000000000000000000000000000000000000000000000000000000000000000000000000000000000000000000000000000000000000000000000000000000000000000000000000000000000000000000000000000000000000000000000000000000000000000000000000000000000000
310
0000000000000000000000000000000000000000000000000000000000000000000000000000000000000000000000000000000000000000000000000000000000000000000000000000000000000000000000000000000000000700000000000700000000000000000000070707000000000000FF00000000000707000000
310
00000000000007FF0000000007000000000000000000000000000000000000000000000000000000000000000000000000000000000000000000000000000000000000000000000000000000000000000000000000000000000000000000000000000000000000000000000000000000000000000000000000001E1E1E1E1E
310
1E1E1E0000000000001E1E1E1E1E1E1E00000000001E1E1E1E1E1E1E1E1E1E1E0000000000001E1E1E1E1E1E1E1E1E1E0000000000001E1E1E1E1E1E1E0000000000001E1E1E1E1E1E1E1E1E1E1E1E1E1E1E1E1E1E1E1E1E1E1E1E1E1E1E1E1E1E1E1E1E1E1E1E1E1E1E000000000000000000000000000000000000000000
310
00000000000000000000000000000000000000000000000000000000000000000000000000000000000000000000000000000000000000000000000000000000000000000000000000000000000000000000000000000000000000000000000000000000000000000000000000000000000000000000000000000000000000
310
00000000000000000000000000000000000000000000000000000000000000000000000000000000000000000000000000000000000000000000000000000000000000000000000000000000000000000000000000000000000000000000070000000000070000000000000000000707070000000000000007000000000000
310
0007000000000000000000070000000007000000000000000000000000000000000000000000000000000000000000000000000000000000000000000000000000000000000000000000000000000000000000000000000000000000000000000000000000000000000000000000000000000000000000000000000000001E
310
0000000000001E1E1E1E1E1E1E1E00000000001E1E1E1E1E1E1E0000000000000000001E1E1E1E1E1E1E1E00000000000000001E1E1E1E1E1E1E1E00000000001E1E1E1E1E1E1E1E0000000000001E0000000000000000000000000000000000000000000000000000000000001E0000000000000000000000000000000000
310
00000000000000000000000000000000000000000000000000000000000000000000000000000000000000000000000000000000000000000000000000000000000000000000000000000000000000000000000000000000000000000000000000000000000000000000000000000000000000000000000000000000000000
310
00000000000000000000000000000000000000000000000000000000000000000000000000000000000000000000000000000000000000000000000000000000000000000000000000000000000000000000000000000000000000000000000000000700000000000700000000000000070700000707090000000000000007
310
00000000000007070000000000000907000000000700000000000000000000000000000000000000000000000000000000000000000000000000000000000000000000000000000000000000000000000000000000000000000000000000000000000000000000000000000000000000000000000000000000000000000000
310
0000001E0000000000000000000000000000000000000000000000000000000000000000000000000000000000000000000000000000000000000000000000000000000000000000000000000000000000001E0000000000000000000000000000000000000000000000000000000000001E00000000000000000000000000
310
00000000000000000000000000000000000000000000000000000000000000000000000000000000000000000000000000000000000000000000000000000000000000000000000000000000000000000000000000000000000000000000000000000000000000000000000000000000000000000000000000000000000000
310
0000000000000000000000000000000000000000000000000000000000000000000000000000000000000000000000000000000000000000000000000000000000000000000000000000000000000000000000000000000000000000000000000000000000000700000000000700000000FC07FC0000000000FF0700000000
310
0000070000FF00000000000707000000000007000000000007000000000000000000000000000000000000000000000000000000000000000000000000000000000000000000000000000000000000000000000000000000000000000000000000000000000000000000000000000000000000000000000000000000000000
310
000000000000001E0000000000000000000000000000000000000000000000000000000000000000000000000000000000000000000000000000000000000000000000000000000000000000000000000000000000001E0000000000000000000000000000000000000000000000000000000000001E000000000000000000
310
00000000000000000000000000000000000000000000000000000000000000000000000000000000000000000000000000000000000000000000000000000000000000000000000000000000000000000000000000000000000000000000000000000000000000000000000000000000000000000000000000000000000000
310
00000000000000000000000000000000000000000000000000000000000000000000000000000000000000000000000000000000000000000000000000000000000000000000000000000000000000000000000000000000000000000000000000000000000000000000070000000000070000FB07FB000000000000000000
310
00070000000000000700000009000000000007070000000700000000070000000000000000000000000000000000000000000000000000000000000000000000000000000000000000000000000000000000000000000000000000000000000000000000000000000000000000000000000000000000000000000000000000
310
00000000000000000000001E0000000000000000000000000000000000000000000000000000000000000000000000000000000000000000000000000000000000000000000000000000000000000000000000000000000000001E0000000000000000000000000000000000000000000000000000000000001E0000000000
310
00000000000000000000000000000000000000000000000000000000000000000000000000000000000000000000000000000000000000000000000000000000000000000000000000000000000000000000000000000000000000000000000000000000000000000000000000000000000000000000000000000000000000
310
00000000000000000000000000000000000000000000000000000000000000000000000000000000000000000000000000000000000000000000000000000000000000000000000000000000000000000000000000000000000000000000000000000000000000000000000000000700000000000707070000000000000000
310
00000000000000000000000008FC00000000000000000007070009FE000000000700000000000000000000000000000000000000000000000000000000000000000000000000000000000000000000000000000000000000000000000000000000000000000000000000000000000000000000000000000000000000000000
310
0000000000000000000000000000001E1E000000000000000000000000000000000000000000000000000000000000000000000000000000000000000000000000000000000000000000000000000000000000000000000000000000001E1E0000000000000000000000000000000000000000000000000000000000001E00
310
00000000000000000000000000000000000000000000000000000000000000000000000000000000000000000000000000000000000000000000000000000000000000000000000000000000000000000000000000000000000000000000000000000000000000000000000000000000000000000000000000000000000000
310
00000000000000000000000000000000000000000000000000000000000000000000000000000000000000000000000000000000000000000000000000000000000000000000000000000000000000000000000000000000000000000000000000000000000000000000000000000000000007000000000007070000000000
310
0000FC1313FBFF000000000000000000000000000000000000000000000007070000000007000000000000000000000000000000000000000000000000000000000000000000000000000000000000000000000000000000000000000000000000000000000000000000000000000000000000000000000000000000000000
310
00000000000000000000000000000000000000001E000000000000000000000000000000000000000000000000000000000000000000000000000000000000000000000000000000000000000000000000000000000000000000000000000000001E0000000000000000000000000000000000000000000000000000000000
310
00001E00000000000000000000000000000000000000000000000000000000000000000000000000000000000000000000000000000000000000000000000000000000000000000000000000000000000000000000000000000000000000000000000000000000000000000000000000000000000000000000000000000000
310
00000000000000000000000000000000000000000000000000000000000000000000000000000000000000000000000000000000000000000000000000000000000000000000000000000000000000000000000000000000000000000000000000000000000000000000000000000000000000000000070000000000000007
310
07000000000000000000000007000000000000000000000000FC0709000000000707070000000000070000000000000000000000000000000000000000000000000000000000000000000000000000000000000000000000000000000000000000000000000000000000000000000000000000000000000000000000000000
310
0000000000000000000000000000000000000000000000001E000000000000000000000000000000000000000000000000000000000000000000000000000000000000000000000000000000000000000000000000000000000000000000000000000000001E00000000000000000000000000000000000000000000000000
310
0000000000001E000000000000000000000000000000000000000000000000000000000000000000000000000000000000000000000000000000000000000000000000000000000000000000000000000000000000000000000000000000000000000000000000000000000000000000000000000000000000000000000000
310
00000000000000000000000000000000000000000000000000000000000000000000000000000000000000000000000000000000000000000000000000000000000000000000000000000000000000000000000000000000000000000000000000000000000000000000000000000000000000000000000000000700000000
310
0000000000070700000000000007000007000000000000000007000000000000000007077F000000000000000700000000000000000000000000000000000000000000000000000000000000000000000000000000000000000000000000000000000000000000000000000000000000000000000000000000000000000000
310
000000000000000000000000000000000000000000000000000000001E000000000000000000000000000000000000000000000000000000000000000000000000000000000000000000000000000000000000000000000000000000000000000000000000000000001E000000000000000000000000000000000000000000
310
000000000000000000001E0000000000000000000000000000000000000000000000000000000007070707070707070707070707070707070707070707070707070700000000000000000000000000000000000000000000000000000000000000000000000000000000000000000000000000000000000000000000000000
310
00000000000000000000000000000000000000000000000000000000000000000000000000000000000000000000000000000000000000000000000000000000000000000000000000000000000000000000000000000000000000000000000000000000000000000000000000000000000000000000000000000000000007
310
000000000000000000000007070000000000000700070000070000070007FE000000000707070000000000001300000007000000000000000000000000000000000000000000000000000000000000000000000000000000000000000000000000000000000000000000000000000000000000000000000000000000000000
310
00000000000000000000000000000000000000000000000000000000000000001E000000000000000000000000000000000000000000000000000000000000000000000000000000000000000000000000000000000000000000000000000000000000000000000000000000001E0000000000000000000000000000000000
310
00000000000000000000000000001E00000000000000000000000000000000000000000000000000000000070000000000000000000000000000000000000000000000000007000000000000000000000000000000000000000000000000000000000000000000000000000000000000000000000000000000000000000000
310
00000000000000000000000000000000000000000000000000000000000000000000000000000000000000000000000000000000000000000000000000000000000000000000000000000000000000000000000000000000000000000000000000000000000000000000000000000000000000000000000000000000000000
310
0000000700000000000000000000000000FF070700000700070000FC0707000000000007070707FB0000000000FB0000FB000000070000000000000000000000000000000000000000000000000000000000000000000000000000000000000000000000000000000000000000000000000000000000000000000000000000
310
0000000000000000000000000000000000000000000000000000000000000000000000001E000000000000000000000000000000000000000000000000000000000000000000000000000000000000000000000000000000000000000000000000000000000000000000000000000000001E00000000000000000000000000
310
0000000000000000000000000000000000001E000000000000000000000000000000000000000000000000000000000700000000000000000000000000000000000000000000000000070000000000000000000000000000000000000000000000000000000000000000000000000000000000000000000000000000000000
310
00000000000000000000000000000000000000000000000000000000000000000000000000000000000000000000000000000000000000000000000000000000000000000000000000000000000000000000000000000000000000000000000000000000000000000000000000000000000000000000000000000000000000
310
000000000000000700000000090000070000000000000007070707000000000000FC0000000013070700000000000000001300008B0000000700000000000000000000000000000000000000000000000000000000000000000000000000000000000000000000000000000000000000000000000000000000000000000000
310
000000000000000000000000000000000000000000000000000000000000000000000000000000001E000000000000000000000000000000000000000000000000000000000000000000000000000000000000000000000000000000000000000000000000000000000000000000000000000000001E000000000000000000
310
000000000000000000000000000000000000000000001E0000000000000000000000000000000000000000000000000000000007000000001E0000000000000000000000000000001E1E0000000700000000000000000000000000000000000000000000000000000000000000000000000000000000000000000000000000
310
00000000000000000000000000000000000000000000000000000000000000000000000000000000000000000000000000000000000000000000000000000000000000000000000000000000000000000000000000000000000000000000000000000000000000000000000000000000000000000000000000000000000000
310
000000000000000000000007000000000000000000FE0000000000000707070000000007000000070707000000000000000700000700FF000000000007000000000000000000000000000000000000000000000000000000000000000000000000000000000000000000000000000000000000000000000000000000000000
310
000000000000000000000000000000000000000000000000000000000000000000000000000000000000001E1E000000000000000000000000000000000000000000000000000000000000000000000000000000000000000000000000000000000000000000000000000000000000000000000000000000001E1E00000000
310
00000000000000000000000000000000000000000000000000001E0000000000000000000000000000000000000000000000000000000007000000001E1E00000000000000000000000000001E1E00000007000000000000000000000000000000000000000000000000000000000000000000000000000000000000000000
310
00000000000000000000000000000000000000000000000000000000000000000000000000000000000000000000000000000000000000000000000000000000000000000000000000000000000000000000000000000000000000000000000000000000000000000000000000000000000000000000000000000000000000
310
000000000000000000000000000000070000000007070000FE0007070000000900000000070700070007FB079300000000000000FE0900070000000000000000070000000000000000000000000000000000000000000000000000000000000000000000000000000000000000000000000000000000000000000000000000
310
00000000000000000000000000000000000000000000000000000000000000000000000000000000000000000000001E0000070707070707070707070707070707070707070707070707070707000000000000000000000000000007070707070707070707070707070707070707070707070707070707070707070700001E
310
0000000000000000000000000000000000000000000000000000000000001E000000000000000000000000000000000000000000000000000000000700000000000000000000000000000000000000000000000000070000000000000000000000000000000000000000000000000000000000000000000000000000000000
310
00000000000000000000000000000000000000000000000000000000000000000000000000000000000000000000000000000000000000000000000000000000000000000000000000000000000000000000000000000000000000000000000000000000000000000000000000000000000000000000000000000000000000
310
0000000000000000000000000000000000000007000000000000FB00FC00000000001D000000000000070707000700000000000000007F009300080000000000070000000700000000000000000000000000000000000000000000000000000000000000000000000000000000000000000000000000000000000000000000
310
0000000000000000000000000000000000000000000000000000000000000000000000000000000000000000000000000000001E0000070000000000000000001E1E000000000000000000000000001E070000000000000000000000000000071E1E0000000000000000000000000000000000000000000000000000001E1E
310
0700001E0000000000000000000000000000000000000000000000000000000000001E0000000000000000000000000000000000000000000000000000000007000000000000000000000000000000000000000000000000000700000000000000000000000000000000000000000000000000000000000000000000000000
310
00000000000000000000000000000000000000000000000000000000000000000000000000000000000000000000000000000000000000000000000000000000000000000000000000000000000000000000000000000000000000000000000000000000000000000000000000000000000000000000000000000000000000
310
0000000000000000000000000000000000000000000000070000000000000000000000FC000000000000000000000007091C000000000000130000000009FD000000000000FE000007000000000000000000000000000000000000000000000000000000000000000000000000000000000000000000000000000000000000
310
000000000000000000000000000000000000000000000000000000000000000000000000000000000000000000000000000000000000001E0000070000000000000000001E1E000000000000000000000000001E1E0000000000000000000000000000071E0000000000000000000000000000000000000000000000000000
310
00001E1E0700001E0000000000000000000000000000000000000000000000000000000000001E00000000000000000000000000000000000000000000000000000000070707070707070707070707070707070707070707070707070707000000000000000000000000000000000000000000000000000000000000000000
310
00000000000000000000000000000000000000000000000000000000000000000000000000000000000000000000000000000000000000000000000000000000000000000000000000000000000000000000000000000000000000000000000000000000000000000000000000000000000000000000000000000000000000
310
0000000000000000000000000000000000000000000000000000000700000000000900000000000000000000000000000000000707000000000000000700000000000900FD08FB0000000000070000000000000000000000000000000000000000000000000000000000000000000000000000000000000000000000000000
310
00000000000000000000000000000000000000000000000000000000000000000000000000000000000000000000000000000000000000000000001E00000700000000000000000007000000000000000000000000000000070000000000000000000000000000070000000000000000000000000000000000000000000000
310
00000000000000000700001E0000000000000000000000000000000000000000000000000000000000001E000000000000000000000000000000000000000000000000000000000000000000000000000000000000000000000000000000000000000000000000000000000000000000000000000000000000000000000000
310
00000000000000000000000000000000000000000000000000000000000000000000000000000000000000000000000000000000000000000000000000000000000000000000000000000000000000000000000000000000000000000000000000000000000000000000000000000000000000000000000000000000000000
310
0000000000000000000000000000000000000000000000000000000000000007000000000000000000000000000000000000000000070707070707000000000089090000FC000009008B070700FC00000700000000000000000000000000000000000000000000000000000000000000000000000000000000000000000000
310
0000000000000000000000000000000000000000000000000000000000000000000000000000000000000000000000000000000000000000000000000000001E000007000000000000000000070000000000000000000000000000000700000007070707070707070700000700000000000000000000000000000000000000
310
0000000000000000000000000700001E0000000000000000000000000000000000000000000000000000000000001E0000000000000000000000000000000000000000000000000000000000000000000000000000000000000000000000000000000000000000000000000000000000000000000000000000000000000000
310
00000000000000000000000000000000000000000000000000000000000000000000000000000000000000000000000000000000000000000000000000000000000000000000000000000000000000000000000000000000000000000000000000000000000000000000000000000000000000000000000000000000000000
310
0000000000000000000000000000000000000000000000000000000000000000000000070000000900070800FC000000000000070000000007000707000707070000000000130000000900070900070000FD000007000000000000000000000000000000000000000000000000000000000000000000000000000000000000
310
000000000000000000000000000000000000000000000000000000000000000000000000000000000000000000000000000000000000000000000000000000000000001E1E0007000000000000000000070000000000000000000000000000000700000007001E1E1E1E000007000007000000000000000000000000000000
310
0000000000000000000000000000000007001E1E0000000000000000000000000000000000000000000000000000000000001E00000000000000000000000000000000000000000000000000000000000000000000000000000000000000000000000000000000000000000000000000000000000000000000000000000000
310
00000000000000000000000000000000000000000000000000000000000000000000000000000000000000000000000000000000000000000000000000000000000000000000000000000000000000000000000000000000000000000000000000000000000000000000000000000000000000000000000000000000000000
310
00000000000000000000000000000000000000000000000000000000000000000000000000000007000000000000FF0000000700000000070000000000270007000007070000000000FC0000000000000000070700000000070000000000000000000000000000000000000000000000000000000000000000000000000000
310
0000000000000000000000000000000000000000000000000000000000000000000000000000000000000000000000000000000000000000000000000000000000000000000000001E0007000000000000000000070000000000000000000000000000000700000007001E1E1E1E0000070000070000000000000000000000
310
000000000000000000000000000000000000000007001E000000000000000000000000000000000000000000000000000000000000001E000000000000000000000000000000000000000000000000000000000000000000000000000000000000000000000000000000000000000000000000000000000000000000000000
310
00000000000000000000000000000000000000000000000000000000000000000000000000000000000000000000000000000000000000000000000000000000000000000000000000000000000000000000000000000000000000000000000000000000000000000000000000000000000000000000000000000000000000
310
000000000000000000000000000000000000000000000000000000000000000000000000000000000000000700000000000000009300000000000700000000000700070700FE070700000000000700002700000000000000FD0000000700000000000000000000000000000000000000000000000000000000000000000000
310
000000000000000000000000000000000000000000000000000000000000000000000000000000000000000000000000000000000000000000000000000000000000000000000000000000001E0007000000000000000000070000000000000000000000000000000700000007001E1E1E1E00000700000700000000000000
310
00000000000000000000000000000000000000000000000007001E000000000000000000000000000000000000000000000000000000000000001E0000000000000000000000000000000000000000000000000000000000000000000000000000000000000000000000000000000000000000000000000000000000000000
310
00000000000000000000000000000000000000000000000000000000000000000000000000000000000000000000000000000000000000000000000000000000000000000000000000000000000000000000000000000000000000000000000000000000000000000000000000000000000000000000000000000000000000
310
0000000000000000000000000000000000000000000000000000000000000000000000000000000000000000000000070000000000000000000000000000000000000000070007130007071D0000000000000700FD0900000000000900FD000007000000000000000000000000000000000000000000000000000000000000
310
00000000000000000000000000000000000000000000000000000000000000000000000000000000000000000000000000000000000000000000000000000000000000000000000000000000000000001E0007000000000000000000070000000000000000000000000000000700000007001E1E1E1E000007000007000000
310
0000000000000000000000000000000000000000000000000000000007001E000000000000000000000000000000000000000000000000000000000000001E00000000000000000000000000000000000000000000000000000000000000000000000000000000000000000000000000000000000000000000000000000000
310
00000000000000000000000000000000000000000000000000000000000000000000000000000000000000000000000000000000000000000000000000000000000000000000000000000000000000000000000000000000000000000000000000000000000000000000000000000000000000000000000000000000000000
310
00000000000000000000000000000000000000000000000000000000000000000000000000000000000000000000000000000007000000000000000000000000000900000000000007070707070707070000000000000000000000000000000800000000070000000000000000000000000000000000000000000000000000
310
0000000000000000000000000000000000000000000000000000000000000000000000000000000000000000000000000000000000000000000000000000000000000000000000000000000000000000000000001E0007000000000000000000070000000000000000000000000000000700000007001E1E1E1E0000070000
310
070000000000000000000000000000000000000000000000000000000000000007001E000000000000000000000000000000000000000000000000000000000000001E000000000000000000000000000000000000000000000000000000000000000000000000000000000000000000000000000000000000000000000000
310
00000000000000000000000000000000000000000000000000000000000000000000000000000000000000000000000000000000000000000000000000000000000000000000000000000000000000000000000000000000000000000000000000000000000000000000000000000000000000000000000000000000000000
310
00000000000000000000000000000000000000000000000000000000000000000000000000000000000000000000000000000000000000070000000000000000000000000000000000000007070007000000070707070700000007000000000000000009080000000700000000000000000000000000000000000000000000
310
000000000000000000000000000000000000000000000000000000000000000000000000000000000000000000000000000000000000000000000000000000000000000000000000000000000000000000000000000000001E0007000000000000000000070000000000000000000000000000000700000007000000000000
310
00070000070000000000000000000000000000000000000000000000000000000000000007001E000000000000000000000000000000000000000000000000000000000000001E0000000000000000000000000000000000000000000000000000000000000000000000000000000000000000000000000000000000000000
310
00000000000000000000000000000000000000000000000000000000000000000000000000000000000000000000000000000000000000000000000000000000000000000000000000000000000000000000000000000000000000000000000000000000000000000000000000000000000000000000000000000000000000
310
00000000000000000000000000000000000000000000000000000000000000000000000000000000000000000000000000000000000000000000000700000000000000000000000000000000000007070000071D000000000000070700000000000007FE00000000FB00000007000000000000000000000000000000000000
310
00000000000000000000000000000000000000000000000000000000000000000000000000000000000000000000000000000000000000000000000000000000000000000000000000000000000000000000000000000000000000001E00070000000000000000000700000000000000000000000000000007000000070000
310
0000000000070000070000000000000000000000000000000000000000000000000000000000000007001E000000000000000000000000000000000000000000000000000000000000001E00000000000000000000000000000000000000000000000000000000000000000000000000000000000000000000000000000000
310
00000000000000000000000000000000000000000000000000000000000000000000000000000000000000000000000000000000000000000000000000000000000000000000000000000000000000000000000000000000000000000000000000000000000000000000000000000000000000000000000000000000000000
310
00000000000000000000000000000000000000000000000000000000000000000000000000000000000000000000000000000000000000000000000000000007000000000000000000000000000000000000070000000700000000FE0707070700000000000009FC0000000000000000070000000000000000000000000000
310
0000000000000000000000000000000000000000000000000000000000000000000000000000000000000000000000000000000000000000000000000000000000000000000000000000000000000000000000000000000000000000000000001E000700000000000000000007000000000000000000000000000000070000
310
000700000000000000070000070000000000000000000000000000000000000000000000000000000000000007001E000000000000000000000000000000000000000000000000000000000000001E000000000000000000000000000000000000000000000000000000000000000000000000000000000000000000000000
310
00000000000000000000000000000000000000000000000000000000000000000000000000000000000000000000000000000000000000000000000000000000000000000000000000000000000000000000000000000000000000000000000000000000000000000000000000000000000000000000000000000000000000
310
00000000000000000000000000000000000000000000000000000000000000000000000000000000000000000000000000000000000000000000000000000000000000070000000000000000000700000000000000000700000089070000000000000707070000000000000000000000000000000700000000000000000000
310
000000000000000000000000000000000000000000000000000000000000000000000000000000000000000000000000000000000000000000000000000000000000000000000000000000000000000000000000000000000000000000000000000000001E0007000000000000000000070000000000000000000000000000
310
00070000000700000000000000070000070000000000000000000000000000000000000000000000000000000000000007001E000000000000000000000000000000000000000000000000000000000000001E0000000000000000000000000000000000000000000000000000000000000000000000000000000000000000
310
00000000000000000000000000000000000000000000000000000000000000000000000000000000000000000000000000000000000000000000000000000000000000000000000000000000000000000000000000000000000000000000000000000000000000000000000000000000000000000000000000000000000000
310
00000000000000000000000000000000000000000000000000000000000000000000000000000000000000000000000000000000000000000000000000000000000000000000000700000000000000070707070707000000000007000000070000000000000907000000000000000000000000000000000007000000000000
310
00000000000000000000000000000000000000000000000000000000000000000000000000000000000000000000000000000000000000000000000000000000000000000000000000000000000000000000000000000000000000000000000000000000000000001E00070000000000000000000700000000000000000000
310
0000000000070000000700000000000000070000070000000000000000000000000000000000000000000000000000000000000007001E000000000000000000000000000000000000000000000000000000000000001E00000000000000000000000000000000000000000000000000000000000000000000000000000000
310
00000000000000000000000000000000000000000000000000000000000000000000000000000000000000000000000000000000000000000000000000000000000000000000000000000000000000000000000000000000000000000000000000000000000000000000000000000000000000000000000000000000000000
310
000000000000000000000000000000000000000000000000000000000000000000000000000000000000000000000000000000000000000000000000000000000000000000000000000000070000000000070700FF07070000FC07070700070000000007000000000000070700000000000000000000000000000000070000
310
00000000000000000000000000000000000000000000000000000000000000000000000000000000000000000000000000000000000000000000000000000000000000000000000000000000000000000000000000000000000000000000000000000000000000000000001E1E000700000000000000000007000000000000
310
000000000000000000070000000700000000000000070000070000000000000000000000000000000000000000000000000000000000000007001E1E0000000000000000000000000000000000000000000000000000000000001E000000000000000000000000000000000000000000000000000000000000000000000000
310
00000000000000000000000000000000000000000000000000000000000000000000000000000000000000000000000000000000000000000000000000000000000000000000000000000000000000000000000000000000000000000000000000000000000000000000000000000000000000000000000000000000000000
310
000000000000000000000000000000000000000000000000000000000000000000000000000000000000000000000000000000000000000000000000000000000000000000000000000000000000000700000007070000000007000007FC00000907070795000700000000000000FC07000000000000000000000000000000
310
0007000000000000000000000000000000000000000000000000000000000000000000000000000000000000000000000000000000000000000000000000000000000000000000000000000000000000000000000000000000000000000000000000000000000000000000000000001E000007000000000000000000070000
310
0000000000000000000000000007000000070000000000000007000007000000000000000000000000000000000000000000000000000000000000000700001E0000000000000000000000000000000000000000000000000000000000001E0000000000000000000000000000000000000000000000000000000000000000
310
00000000000000000000000000000000000000000000000000000000000000000000000000000000000000000000000000000000000000000000000000000000000000000000000000000000000000000000000000000000000000000000000000000000000000000000000000000000000000000000000000000000000000
310
0000000000000000000000000000000000000000000000000000000000000000000000000000000000000000000000000000000000000000000000000000000000000000000000000000000000000000000000070000000000000000000707070700000700001D070000070000000000000700070700000000000000000000
310
000000000007000000000000000000000000000000000000000000000000000000000000000000000000000000000000000000000000000000000000000000000000000000000000000000000000000000000000000000000000000000000000000000000000000000000000000000000000001E0000070000000000000000
310
000700000000000000000000000000000007000000070000000000000007000007000000000000000000000000000000000000000000000000000000000000000700001E0000000000000000000000000000000000000000000000000000000000001E00000000000000000000000000000000000000000000000000000000
310
00000000000000000000000000000000000000000000000000000000000000000000000000000000000000000000000000000000000000000000000000000000000000000000000000000000000000000000000000000000000000000000000000000000000000000000000000000000000000000000000000000000000000
310
00000000000000000000000000000000000000000000000000000000000000000000000000000000000000000000000000000000000000000000000000000000000000000000000000000000000000000000000000000007000000000000000000070707070707070700070807000707000000000000070007090000000000
310
00000000000000000007000000000000000000000000000000000000000000000000000000000000000000000000000000000000000000000000000000000000000000000000000000000000000000000000000000000000000000000000000000000000000000000000000000000000000000000000001E00000700000000
310
00000000000700000000000000000000000000000007000000070000000000000007000007000000000000000000000000000000000000000000000000000000000000000700001E0000000000000000000000000000000000000000000000000000000000001E000000000000000000000000000000000000000000000000
310
00000000000000000000000000000000000000000000000000000000000000000000000000000000000000000000000000000000000000000000000000000000000000000000000000000000000000000000000000000000000000000000000000000000000000000000000000000000000000000000000000000000000000
310
00000000000000000000000000000000000000000000000000000000000000000000000000000000000000000000000000000000000000000000000000000000000000000000000000000000000000000000000000000000000000070000000000000000000707070707070707070700000007000000000000070700000700
310
0000000000000000000000000007000000000000000000000000000000000000000000000000000000000000000000000000000000000000000000000000000000000000000000000000000000000000000000000000000000000000000000000000000000000000000000000000000000000000000000000000001E000007
310
0000000000000000000700000000000000000000000000000007000000070000000000000007000007000000000000000000000000000000000000000000000000000000000000000700001E0000000000000000000000000000000000000000000000000000000000001E0000000000000000000000000000000000000000
310
00000000000000000000000000000000000000000000000000000000000000000000000000000000000000000000000000000000000000000000000000000000000000000000000000000000000000000000000000000000000000000000000000000000000000000000000000000000000000000000000000000000000000
310
00000000000000000000000000000000000000000000000000000000000000000000000000000000000000000000000000000000000000000000000000000000000000000000000000000000000000000000000000000000000000000000000700000000000000000907070707070707070707070700FB0700000000070707
310
07009D07000000000000000000000000000700000000000000000000000000000000000000000000000000000000000000000000000000000000000000000000000000000000000000000000000000000000000000000000000000000000000000000000000000000000000000000000000000000000000000000000000000
310
1E0000070000000000000000000700000000000000000000000000000007000000070000000000000007000007000000000000000000000000000000000000000000000000000000000000000700001E0000000000000000000000000000000000000000000000000000000000001E00000000000000000000000000000000
310
00000000000000000000000000000000000000000000000000000000000000000000000000000000000000000000000000000000000000000000000000000000000000000000000000000000000000000000000000000000000000000000000000000000000000000000000000000000000000000000000000000000000000
310
00000000000000000000000000000000000000000000000000000000000000000000000000000000000000000000000000000000000000000000000000000000000000000000000000000000000000000000000000000000000000000000000000000007000000000000000000070707070707070707070089000700000000
310
00070707070000070000000000000000000000000007000000000000000000000000000000000000000000000000000000000000000000000000000000000000000000000000000000000000000000000000000000000000000000000000000000000000000000000000000000000000000000000000000000000000000000
310
000000001E1E000700000000000000000007000000000000000000000000000000070000000700000000000000070000070000000000000000000000000000000000000000000000000000000000000007001E1E0000000000000000000000000000000000000000000000000000000000001E000000000000000000000000
310
00000000000000000000000000000000000000000000000000000000000000000000000000000000000000000000000000000000000000000000000000000000000000000000000000000000000000000000000000000000000000000000000000000000000000000000000000000000000000000000000000000000000000
310
00000000000000000000000000000000000000000000000000000000000000000000000000000000000000000000000000000000000000000000000000000000000000000000000000000000000000000000000000000000000000000000000000000000000000070000000000000000FB0707070707070707070707070000
310
07000000000007070700000007070000000000000000000000070000000000000000000000000000000000000000000000000000000000000000000000000000000000000000000000000000000000000000000000000000000000000000000000000000000000000000000000000000000000000000000000000000000000
310
0000000000000000001E000700000000000000000007000000000000000000000000000000070000000700000000000000070000070000000000000000000000000000000000000000000000000000000000000007001E000000000000000000000000000000000000000000000000000000000000001E0000000000000000
310
00000000000000000000000000000000000000000000000000000000000000000000000000000000000000000000000000000000000000000000000000000000000000000000000000000000000000000000000000000000000000000000000000000000000000000000000000000000000000000000000000000000000000
310
000000000000000000000000000000000000000000000000000000000000000000000000000000000000000000000000000000000000000000000000000000000000000000000000000000000000000000000000000000000000000000000000000000000000000000000007000000000000000793000007071D0707070707
310
00070007FB000000000000070700000007FC07070700000000000000000700000000000000000000000000000000000000000000000000000000000000000000000000000000000000000000000000000000000000000000000000000000000000000000000000000000000000000000000000000000000000000000000000
310
000000000000000000000000001E000700000000000000000007000000000000000000000000000000070000000700000000000000070000070000000000000000000000000000000000000000000000000000000000000007001E000000000000000000000000000000000000000000000000000000000000001E00000000
310
00000000000000000000000000000000000000000000000000000000000000000000000000000000000000000000000000000000000000000000000000000000000000000000000000000000000000000000000000000000000000000000000000000000000000000000000000000000000000000000000000000000000000
310
00000000000000000000000000000000000000000000000000000000000000000000000000000000000000000000000000000000000000000000000000000000000000000000000000000000000000000000000000000000000000000000000000000000000000000000000000000007000000000007070007FB0707070700
310
00090707072700000700000000000007000000000007000000070707000000000007000000000000000000000000000000000000000000000000000000000000000000000000000000000000000000000000000000000000000000000000000000000000000000000000000000000000000000000000000000000000000000
310
00000000000000000000000000000000001E000700000000000000000007000000000000000000000000000000070000000700000000000000070000070000000000000000000000000000000000000000000000000000000000000007001E000000000000000000000000000000000000000000000000000000000000001E
310
00000000000000000000000000000000000000000000000000000000000000000000000000000000000000000000000000000000000000000000000000000000000000000000000000000000000000000000000000000000000000000000000000000000000000000000000000000000000000000000000000000000000000
310
00000000000000000000000000000000000000000000000000000000000000000000000000000000000000000000000000000000000000000000000000000000000000000000000000000000000000000000000000000000000000000000000000000000000000000000000000000000000000070000000709000700000700
310
00009D07070700070700000707000000000000070000000000070000070008070000000000070000000000000000000000000000000000000000000000000000000000000000000000000000000000000000000000000000000000000000000000000000000000000000000000000000000000000000000000000000000000
310
0000000000000000000000000000000000000000001E000700000000000000000007000000000000000000000000000000070000000700000000000000070000070000000000000000000000000000000000000000000000000000000000000007001E00000000000000000000000000000000000000000000000000000000
310
0000001E000000000000000000000000000000000000000000000000000000000000000000000000000000000000000000000000000000000000000000000000000000000000000000000000000000000000000000000000000000000000000000000000000000000000000000000000000000000000000000000000000000
310
00000000000000000000000000000000000000000000000000000000000000000000000000000000000000000000000000000000000000000000000000000000000000000000000000000000000000000000000000000000000000000000000000000000000000000000000000000000000000000000000700000007070000
310
0000000707000707000700000000000700000000000000FC00000000000007000000070700000000000700000000000000000000000000000000000000000000000000000000000000000000000000000000000000000000000000000000000000000000000000000000000000000000000000000000000000000000000000
310
000000000000000000000000000000000000000000000000001E000700000000000000000007000000000000000000000000000000070000000700000000000000070000070000000000000000000000000000000000000000000000000000000000000007001E000000000000000000000000000000000000000000000000
310
000000000000001E0000000000000000000000000000000000000000000000000000000000000000000000000000000000000000000000000000000000000000000000000000000000000000000000000000000000000000000000000000000000000000000000000000000000000000000000000000000000000000000000
310
00000000000000000000000000000000000000000000000000000000000000000000000000000000000000000000000000000000000000000000000000000000000000000000000000000000000000000000000000000000000000000000000000000000000000000000000000000000000000000000000000000007000000
310
0000000000FC070700000707000007000000000007000000000700070000FBFC0000070700000007000000000007000000000000000000000000000000000000000000000000000000000000000000000000000000000000000000000000000000000000000000000000000000000000000000000000000000000000000000
310
00000000000000000000000000000000000000000000000000000000001E000700000000000000000007000000000000000000000000000000070000000700000000000000070000070000000000000000000000000000000000000000000000000000000000000007001E0000000000000000000000000000000000000000
310
00000000000000000000001E00000000000000000000000000000000000000000000000000000000000000000000000000000000000000000000000000000000000000000000000000000000000000000000000000000000000000000000000000000000000000000000000000000000000000000000000000000000000000
310
00000000000000000000000000000000000000000000000000000000000000000000000000000000000000000000000000000000000000000000000000000000000000000000000000000000000000000000000000000000000000000000000000000000000000000000000000000000000000000000000000000000000000
310
0700000000000007070000000007070700070000000000079D0000000000000700000007070707070000FF070000000000070000000000000000000000000000000000000000000000000000000000000000000000000000000000000000000000000000000000000000000000000000000000000000000000000000000000
310
0000000000000000000000000000000000000000000000000000000000000000001E0007000000000000000000070000000000000000000000000000000700000007001E1E1E1E0000070000070000000000000000000000000000000000000000000000000000000000000007001E00000000000000000000000000000000
310
0000000000000000000000000000001E000000000000000000000000000000000000000000000000000000000000000000000000000000000000000000000000000000000000000000000000000000000000000000000000000000000000000000000000000000000000000000000000000000000000000000000000000000
310
00000000000000000000000000000000000000000000000000000000000000000000000000000000000000000000000000000000000000000000000000000000000000000000000000000000000000000000000000000000000000000000000000000000000000000000000000000000000000000000000000000000000000
310
0000000007000000000707000000000000070707FB00070000080707000807070700000700000007000000070707070700000000000700000000000000000000000000000000000000000000000000000000000000000000000000000000000000000000000000000000000000000000000000000000000000000000000000
310
000000000000000000000000000000000000000000000000000000000000000000000000001E0007000000000000000000070000000000000000000000000000000700000007001E1E1E1E0000070000070000000000000000000000000000000000000000000000000000000000000007001E000000000000000000000000
310
000000000000000000000000000000000000001E0000000000000000000000000000000000000000000000000000000000000000000000000000000000000000000000000000000000000000000000000000000000000000000000000000000000000000000000000000000000000000000000000000000000000000000000
310
00000000000000000000000000000000000000000000000000000000000000000000000000000000000000000000000000000000000000000000000000000000000000000000000000000000000000000000000000000000000000000000000000000000000000000000000000000000000000000000000000000000000000
310
00000000000000000700000007000000000000009507070707070807070093070707070000070707000000070700070000000007070707000007000000000000000000000000000000000000000000000000000000000000000000000000000000000000000000000000000000000000000000000000000000000000000000
310
00000000000000000000000000000000000000000000000000000000000000000000000000000000001E0007000000000000000000070000000000000000000000000000000700000007001E1E1E1E0000070000070000000000000000000000000000000000000000000000000000000000000007001E0000000000000000
310
00000000000000000000000000000000000000000000001E00000000000000000000000000000000000000000000000000000000000000000000000000000000000000000000000000000000000000000000000000000000000000000000000000000000000000000000000000000000000000000000000000000000000000
310
00000000000000000000000000000000000000000000000000000000000000000000000000000000000000000000000000000000000000000000000000000000000000000000000000000000000000000000000000000000000000000000000000000000000000000000000000000000000000000000000000000000000000
310
00000000000000000000000007000000000000000007000000070707070707070700070000000007000707270700000007070707FE0013000000070000070000000000000000000000000000000000000000000000000000000000000000000000000000000000000000000000000000000000000000000000000000000000
310
00000000000000000000000000000000000000000000000000000000000000000000000000000000000000001E1E0007000000000000000000070000000000000000000000000000000700000007001E1E1E1E0000070000070000000000000000000000000000000000000000000000000000000000000007001E1E000000
310
0000000000000000000000000000000000000000000000000000001E000000000000000000000000000000000000000000000000000000000000000000000000000000000000000000000000000000000000000000000000000000000000000000000000000000000000000000000000000000000000000000000000000000
310
00000000000000000000000000000000000000000000000000000000000000000000000000000000000000000000000000000000000000000000000000000000000000000000000000000000000000000000000000000000000000000000000000000000000000000000000000000000000000000000000000000000000000
310
00000000000000000000000000000000070000000000000007000000070707070700000000070707070707070700000007000000070000000707070700070000000700000000000000000000000000000000000000000000000000000000000000000000000000000000000000000000000000000000000000000000000000
310
0000000000000000000000000000000000000000000000000000000000000000000000000000000000000000000000001E000007000000000000000000070000000000000000000000000000000700000007070707070707070700000700000000000000000000000000000000000000000000000000000000000000070000
310
1E0000000000000000000000000000000000000000000000000000000000001E0000000000000000000000000000000000000000000000000000000000000000000000000000000000000000000000000000000000000000000000000000000000000000000000000000000000000000000000000000000000000000000000
310
00000000000000000000000000000000000000000000000000000000000000000000000000000000000000000000000000000000000000000000000000000000000000000000000000000000000000000000000000000000000000000000000000000000000000000000000000000000000000000000000000000000000000
310
00000000000000000000000000000000000000000700000000000000070707070707070707000000000000000000000000000000000700008BFB000000000007070700000007000000000000000000000000000000000000000000000000000000000000000000000000000000000000000000000000000000000000000000
310
000000000000000000000000000000000000000000000000000000000000000000000000000000000000000000000000000000001E0000070000000000000000000700000000000000000000000000000007000000000000000000000000000007000000000000000000000000000000000000000000000000000000000000
310
000700001E0000000000000000000000000000000000000000000000000000000000001E00000000000000000000000000000000000000000000000000000000000000000000000000000000000000000000000000000000000000000000000000000000000000000000000000000000000000000000000000000000000000
310
00000000000000000000000000000000000000000000000000000000000000000000000000000000000000000000000000000000000000000000000000000000000000000000000000000000000000000000000000000000000000000000000000000000000000000000000000000000000000000000000000000000000000
310
00000000000000000000000000000000000000000000000007000000000000000700070707070707000000000000000000000000000000000007000000070000000000090007070000070000000000000000000000000000000000000000000000000000000000000000000000000000000000000000000000000000000000
310
00000000000000000000000000000000000000000000000000000000000000000000000000000000000000000000000000000000000000001E00000700000000000000000007000000000000000000000000000000070000000000000000000000000000070000000000000000000000000000000000000000000000000000
310
00000000000700001E0000000000000000000000000000000000000000000000000000000000001E000000000000000000000000000000000000000000000000000000000000000000000000000000000000000000000000000000000000000000000000000000000000000000000000000000000000000000000000000000
310
00000000000000000000000000000000000000000000000000000000000000000000000000000000000000000000000000000000000000000000000000000000000000000000000000000000000000000000000000000000000000000000000000000000000000000000000000000000000000000000000000000000000000
310
000000000000000000000000000000000000000000000000000000000700000000000000070700000707070000000000000000000000000000000000009F0700000700000000000007FD0000000700000000000000000000000000000000000000000000000000000000000000000000000000000000000000000000000000
310
0000000000000000000000000000000000000000000000000000000000000000000000000000000000000000000000000000000000000000000000001E000007000000000000000000070000000000000000000000000000000700000000000000000000000000000700000000000000000000000000000000000000000000
310
0000000000000000000700001E0000000000000000000000000000000000000000000000000000000000001E0000000000000000000000000000000000000000000000000000000000000000000000000000000000000000000000000000000000000000000000000000000000000000000000000000000000000000000000
310
00000000000000000000000000000000000000000000000000000000000000000000000000000000000000000000000000000000000000000000000000000000000000000000000000000000000000000000000000000000000000000000000000000000000000000000000000000000000000000000000000000000000000
310
00000000000000000000000000000000000000000000000000000000000000000700000000090707000000000707070000000000000000000000000000000000000007000007000000000000000000000007000000000000000000000000000000000000000000000000000000000000000000000000000000000000000000
310
000000000000000000000000000000000000000000000000000000000000000000000000000000000000000000000000000000000000000000000000000000001E00000700000000000000000007000000000000000000000000000000070000000000000000000000000000071E1E00000000000000000000000000000000
310
00000000000000000000001E1E0700001E0000000000000000000000000000000000000000000000000000000000001E00000000000000000000000000000000000000000000000000000000000000000000000000000000000000000000000000000000000000000000000000000000000000000000000000000000000000
310
00000000000000000000000000000000000000000000000000000000000000000000000000000000000000000000000000000000000000000000000000000000000000000000000000000000000000000000000000000000000000000000000000000000000000000000000000000000000000000000000000000000000000
310
00000000000000000000000000000000000000000000000000000000000000000000000007000000070000000000000707070000000000000000000000000000000000000000000700070900000000000000000000070000000000000000000000000000000000000000000000000000000000000000000000000000000000
310
00000000000000000000000000000000000000000000000000000000000000000000000000000000000000000000000000000000000000000000000000000000000000001E1E000700000000000000000007000000000000000000000000000000070000000000000000000000000000071E07070707070707070707070707
310
0707070707070707070707070707071E1E07001E1E0000000000000000000000000000000000000000000000000000000000001E000000000000000000000000000000000000000000000000000000000000000000000000000000000000000000000000000000000000000000000000000000000000000000000000000000
310
00000000000000000000000000000000000000000000000000000000000000000000000000000000000000000000000000000000000000000000000000000000000000000000000000000000000000000000000000000000000000000000000000000000000000000000000000000000000000000000000000000000000000
310
000000000000000000000000000000000000000000000000000000000000000000000000000000000700000000000000000000FD070700000000000000000000000000000000000700000007070007000000000000000000000700000000000000000000000000000000000000000000000000000000000000000000000000
310
000000000000000000000000000000000000000000000000000000000000000000000000000000000000000000000000000000000000000000000000000000000000000000000000001E0007000000000000000000070000000000000000000000000000000700000000000000000000000000000000000000000000000000
310
00000000000000000000000000000000000000000000001E000000000000000000000000000000000000000000000000000000000000001E0000000000000000000000000000000000000000000000000000000000000000000000000000000000000000000000000000000000000000000000000000000000000000000000
310
00000000000000000000000000000000000000000000000000000000000000000000000000000000000000000000000000000000000000000000000000000000000000000000000000000000000000000000000000000000000000000000000000000000000000000000000000000000000000000000000000000000000000
310
00000000000000000000000000000000000000000000000000000000000000000000000000000000000000000700000000000000000000070700000000000000000000000000000000000007000000000700070000000000000000000007000000000000000000000000000000000000000000000000000000000000000000
310
00000000000000000000070000000000000000000000000000000000000000000700000000000000000000000000000000000000000000000000000000000000000000000000000000000000001E00070000000000000000000700000000000000000000000000000007000000000000000000000000000000000000000000
310
0000000000000000000000000000000000000000000000000000001E000000000000000000000000000000000000000000000000000000000000001E00000000000000000000000000000000000000000000000000000000000000000000000000000000000000000000000000000000000000000000000000000000000000
310
00000000000000000000000000000000000000000000000000000000000000000000000000000000000000000000000000000000000000000000000000000000000000000000000000000000000000000000000000000000000000000000000000000000000000000000000000000000000000000000000000000000000000
310
00000000000000000000000000000000000000000000000000000000000000000000000000000000000000000000000007000000000000000000000707000000000000000000000000000000000000000000000000070907000000000000000000070000000000000000000000000000000000000000000000000000000000
310
0000000000000000000000070707070707070707000000000000000000000000000007070707070700000000000000000000000000000000000000000000000000000000000000000000000000000000001E000700000000000000000007000000000000000000000000000000070000000000000000000000000000000000
310
000000000000000000000000000000000000000000000000000000000000001E000000000000000000000000000000000000000000000000000000000000001E000000000000000000000000000000000000000000000000000000000000000000000000000000000000000000000000000000000000000000000000000000
310
00000000000000000000000000000000000000000000000000000000000000000000000000000000000000000000000000000000000000000000000000000000000000000000000000000000000000000000000000000000000000000000000000000000000000000000000000000000000000000000000000000000000000
310
00000000000000000000000000000000000000000000000000000000000000000000000000000000000000000000000000000000070000000000000000008907000000000000000000000000000000000000000007000000000700070000000000000000000700000000000000000007070707070707070707070707070707
310
070707070707070707070707070707070707070707070707070707070707070707070707070707070707070707070707070707070700000000000000000000000000000000000000000000000000000000000000001E00070000000000000000001E1E000000000000000000000000001E1E00000000000000000000000000
310
00000000000000000000000000000000000000000000000000000000000000000000001E000000000000000000000000000000000000000000000000000000000000001E0000000000000000000000000000000000000000000000000000000000000000000000000000000000000000000000000000000000000000000000
310
00000000000000000000000000000000000000000000000000000000000000000000000000000000000000000000000000000000000000000000000000000000000000000000000000000000000000000000000000000000000000000000000000000000000000000000000000000000000000000000000000000000000000
310
0000000000000000000000000000000000000000000000000000000000000000000000000000000000000000000000000000000000000000070000000000000000000007000000000000000000000000000000000000000000000000000007070000000000000000000700000000000000000007000007071E1E1E1E1E1E1E
310
1E1E1E1E1E1E1E1E1E1E1E1E1E1E1E1E1E1E1E1E1E1E1E1E1E1E1E1E1E1E1E1E1E1E1E1E1E1E1E1E1E1E1E1E1E1E1E1E1E1E1E1E1E1E1E000700000000000000000000000000000000000000000000000000000000000000001E0007070707070707070707071E070707070707070707070707071E07000000000000000000
310
0000000000000000000000000000000000000000000000000000000000000000000000000000001E000000000000000000000000000000000000000000000000000000000000001E00000000000000000000000000000000000000000000000000000000000000000000000000000000000000000000000000000000000000
310
00000000000000000000000000000000000000000000000000000000000000000000000000000000000000000000000000000000000000000000000000000000000000000000000000000000000000000000000000000000000000000000000000000000000000000000000000000000000000000000000000000000000000
310
00000000000000000000000000000000000000000000000000000000000000000000000000000000000000000000000000000000000000000000000007000000000000000000070000000000000000000000000000000000000000000000000000000707000000000000000000070000000000000000000700000707001E07
310
07070707070700000000001E000000001E00001E000000000000000000000000000000000000000000001E0000000000000000000000000000001E000700000000000000000000000000000000000000000000000000000000000000001E000000000000000000000000000000000000000000000000000000000000000000
310
000000000000000000000000000000000000000000000000000000000000000000000000000000000000001E000000000000000000000000000000000000000000000000000000000000001E000000000000000000000000000000000000000000000000000000000000000000000000000000000000000000000000000000
310
00000000000000000000000000000000000000000000000000000000000000000000000000000000000000000000000000000000000000000000000000000000000000000000000000000000000000000000000000000000000000000000000000000000000000000000000000000000000000000000000000000000000000
310
00000000000000000000000000000000000000000000000000000000000000000000000000000000000000000000000000000000000000000000000000000000070000000000000000070000000000000000000000000000000000000000000000000000000000070700000000000000000700000000000000000007000007
310
07001E0707070707070707070707071E070707071E07071E000000000000000000000000000000000000000000001E0000000000000000000000000000001E0007000000000000000000000000000000000000000000000000000000000000001E1E0000000000000000000000000000000000000000000000000000000000
310
00000000000000000000000000000000000000000000000000000000000000000000000000000000000000000000001E1E0000000000000000000000000000000000000000000000000000000000001E0000000000000000000000000000000000000000000000000000000000000000000000000000000000000000000000
310
00000000000000000000000000000000000000000000000000000000000000000000000000000000000000000000000000000000000000000000000000000000000000000000000000000000000000000000000000000000000000000000000000000000000000000000000000000000000000000000000000000000000000
310
00000000000000000000000000000000000000000000000000000000000000000000000000000000000000000000000000000000000000000000000000000000000000000700000000000000000000000000000000000000000000000000000000000000000000000000001D07000000000000000007000000000000000000
310
070000071E001E07070707071E0707070707071E070707071E07071E000000000000000000000000000000000000000000001E0000000000000000000000000000001E0007000000000000000000000000000000000000000000000000000000000000001E0000000000000000000000000000000000000000000000000000
310
000000000000000000000000000000000000000000000000000000000000000000000000000000000000000000000000000000001E0000000000000000000000000000000000000000000000000000000000001E00000000000000000000000000000000000000000000000000000000000000000000000000000000000000
310
00000000000000000000000000000000000000000000000000000000000000000000000000000000000000000000000000000000000000000000000000000000000000000000000000000000000000000000000000000000000000000000000000000000000000000000000000000000000000000000000000000000000000
310
00000000000000000000000000000000000000000000000000000000000000000000000000000000000000000000000000000000000000000000000000000000000000000000000007000000000000000000000000000000000000000000000000000000000000000000000000000000070000000000000000070000000000
310
000000000700001E07001E0700070707070000000000001E000000001E00001E000000000000000000000000000000000000000000001E0707070700000707070707070000001E0007000000000000000000000000000000000000000000000000000000000000001E00000000000000000000000000000000000000000000
310
00000000000000000000000000000000000000000000000000000000000000000000000000000000000000000000000000000000000000001E0000000000000000000000000000000000000000000000000000000000001E000000000000000000000000000000000000000000000000000000000000000000000000000000
310
00000000000000000000000000000000000000000000000000000000000000000000000000000000000000000000000000000000000000000000000000000000000000000000000000000000000000000000000000000000000000000000000000000000000000000000000000000000000000000000000000000000000000
310
00000000000000000000000000000000000000000000000000000000000000000000000000000000000000000000000000000000000000000000000000000000000000000000000000000000070000000000000000000000000000000000000000000000000000000000000000000000000000000000000000000000000700
310
00000000000000000700000707001E0707070707070707070707071E070707071E07071E1E1E1E1E1E1E1E1E1E1E1E1E1E1E1E1E1E1E1E1E1E1E1E070707071E1E1E07070707071E071E1E0007000000000000000000000000000000000000000000000000000000000000001E000000000000000000000000000000000000
310
0000000000000000000000000000000000000000000000000000000000000000000000000000000000000000000000000000000000000000000000001E0000000000000000000000000000000000000000000000000000000000001E0000000000000000000000000000000000000000000000000000000000000000000000
310
00000000000000000000000000000000000000000000000000000000000000000000000000000000000000000000000000000000000000000000000000000000000000000000000000000000000000000000000000000000000000000000000000000000000000000000000000000000000000000000000000000000000000
310
00000000000000000000000000000000000000000000000000000000000000000000000000000000000000000000000000000000000000000000000000000000000000000000000000000000000000000700000000000000000000000000000000000000000000000000000000000000000000000000000000000000000000
310
00000700000000C1C1C1C1C107C1C10707C11E07070707C11EC1C1C1C1C1C11EC1C1C1C11EC1C11EC1C1C1C1C1C1C1C1C1C1C1C1C1C1C1C1C1C1C1C1C1C11EC1C1C1C1C1C11EC1C1C1C1C1C107C11EC107C1C1C1C1C1C1C1C1C1C1C1C1C1C1C1C1C1C1C1C1C1C1C1C1C1C1C1C1C1C1C11EC1C1C1C1C1C11E1E1E1E1E1E1E1E
310
C1C1C1C1C11E1E1E1E1E1E1EC1C1C1C1C1C1C1C1C11E1E1E1E1E1E1E1EC1C1C1C1C1C1C1C11E1E1E1E1E1E1E1EC1C1C1C1C11E1E1E1E1E1E1E1EC1C1C1C1C1C11EC1C1C1C1C1C1C1C1C1C1C1C1C1C1C1C1C1C1C1C1C1C1C1C1C1C1C1C1C1C11EC1C1C1C1C1C1C1C1C1C1C1C1C1C1C1C1C1C1C1C1C1C1C1C1C1C1C1C1C1C1C1
310
C1C1C1C1C1C1C1C1C1C1C1C1C1C1C1C1C1C1C1C1C1C1C1C1C1C1C1C1C1C1C1C1C1C1C1C1C1C1C1C1C1C1C1C1C1C1C1C1C1C1C1C1C1C1C1C1C1C1C1C1C1C1C1C1C1C1C1C1C1C1C1C1C1C1C1C1C1C1C1C1C1C1C1C1C1C1C1C1C1C1C1C1C1C1C1C1C1C1C1C1C1C1C1C1C1C1C1C1C1C1C1C1C1C1C1C1C1C1C1C1C1C1C1C1C1C1C1
310
C1C1C1C1C1C1C1C1C1C1C1C1C1C1C1C1C1C1C1C1C1C1C1C1C1C1C1C1C1C1C1C1C1C1C1C1C1C1C1C1C1C1C1C1C1C1C1C1C1C1C1C1C1C1C1C1C1C1C1C1C1C1C1C1C1C1C1C1C1C1C1C1C1C1C1C1C1C1C1C1C1C1C1C1C1C1C1C1C1C1C1C1C1C1C1C1C1C1C1C1C1C1C1C1C1C1C1C1C1C1C1C1C1C1C1C1C1C1C1C1C1C1C1C1C1C1C1
310
C1C1C1C1C1C1C1C1C1C1C100000000000700001E1E001E0707070707070707070707071E070707071E07071E000000000000000000000000000000000000000000001E1E07071E1E1E1E1E1E1E1E1E1E1E1E1E0007000000000000000000000000000000000000000000000000000000000000001E1E1E1E1E1E1E1E000000
310
0000001E1E1E1E1E1E1E00000000001E1E1E1E1E1E1E1E1E1E1E0000000000001E1E1E1E1E1E1E1E1E1E0000000000001E1E1E1E1E1E1E0000000000001E1E1E1E1E1E1E1E1E1E1E1E1E1E1E1E1E1E1E1E1E1E1E1E1E1E1E1E1E1E1E1E1E1E1E1E1E1E1E000000000000000000000000000000000000000000000000000000
310
00000000000000000000000000000000000000000000000000000000000000000000000000000000000000000000000000000000000000000000000000000000000000000000000000000000000000000000000000000000000000000000000000000000000000000000000000000000000000000000000000000000000000
310
00000000000000000000000000000000000000000000000000000000000000000000000000000000000000000000000000000000000000000000000000000000000000000000000000000000000000000000000000000000070000000000000000000000000000000000000000000000000000000000000000000000000000
310
000000000000000000000700000000000000000007000007071E1E0707070707070707070707071E070707071E07071E000000000000000000000000000000000000000000001E000707001E000000001E00070707001E00070000000000000000000000000000000000000000000000000000000000000000000000000000
310
00000000000000000000000000000000000000000000000000000000000000000000000000000000000000000000000000000000000000000000000000000000000000000000000000000000000000000000000000000000000000000000000000000000000000000000000000000000000000000000000000000000000000
310
00000000000000000000000000000000000000000000000000000000000000000000000000000000000000000000000000000000000000000000000000000000000000000000000000000000000000000000000000000000000000000000000000000000000000000000000000000000000000000000000000000000000000
310
00000000000000000000000000000000000000000000000000000000000000000000000000000000000000000000000000000000000000000000000000000000000000000000000000000000000000000000000000000000000000000700000000000000000000000000000000000000000000000000000000000000000000
310
0000000000000000000000000000070000000000000000000700000707001E070707070707070707070707070707070707070707000000000000000000000000000000000000000000001E000707001E000000001E00000707071E000700000000000000000000000000000000000000000000000000000000000000000000
310
00000000000000000000000000000000000000000000000000000000000000000000000000000000000000000000000000000000000000000000000000000000000000000000000000000000000000000000000000000000000000000000000000000000000000000000000000000000000000000000000000000000000000
310
00000000000000000000000000000000000000000000000000000000000000000000000000000000000000000000000000000000000000000000000000000000000000000000000000000000000000000000000000000000000000000000000000000000000000000000000000000000000000000000000000000000000000
310
00000000000000000000000000000000000000000000000000000000000000000000000000000000000000000000000000000000000000000000000000000000000000000000000000000000000000000000000000000000000000000000000007070707070707070707070707070707070707070707070707070707070707
310
070707070707070707070707070707070707070000000000000000000700000707001E0707070707071E07071E0707070707070707070707000000000000000000000000000000000000000000001E000707001E000000001E00070707071E0007000000000000000000000000000000000000000000000000000000000000
310
00000000000000000000000000000000000000000000000000000000000000000000000000000000000000000000000000000000000000000000000000000000000000000000000000000000000000000000000000000000000000000000000000000000000000000000000000000000000000000000000000000000000000
310
00000000000000000000000000000000000000000000000000000000000000000000000000000000000000000000000000000000000000000000000000000000000000000000000000000000000000000000000000000000000000000000000000000000000000000000000000000000000000000000000000000000000000
310
00000000000000000000000000000000000000000000000000000000000000000000000000000000000000000000000000000000000000000000000000000000000000000000000000000000000000000000000000000000000000000000000000000000000000000000000000000000000000000000000000000000000000
310
00000000000000000000000000000000000000000000000000000000000000000700000707001E1E1E1E1E1E1E1E1E1E1E1E1E1E1E1E1E1E1E1E1E1E000000000000000000000000000000000000000000001E070707071E070707070707070707071E07070000000000000000000000000000000000000000000000000000
310
00000000000000000000000000000000000000000000000000000000000000000000000000000000000000000000000000000000000000000000000000000000000000000000000000000000000000000000000000000000000000000000000000000000000000000000000000000000000000000000000000000000000000
310
00000000000000000000000000000000000000000000000000000000000000000000000000000000000000000000000000000000000000000000000000000000000000000000000000000000000000000000000000000000000000000000000000000000000000000000000000000000000000000000000000000000000000
310
00000000000000000000000000000000000000000000000000000000000000000000000000000000000000000000000000000000000000000000000000000000000000000000000000000000000000000000000000000000000000000000000000000000000000000000000000000000000000000000000000000000000000
310
0000000000000000000000000000000000000000000000000000000000000000000000000700000707001E00001E00001E0000000000001E000000001E00001E000000000000000000000000000000000000000000001E000707071E070707070707070707071E070700000000000000000000000000000000000000000000
310
00000000000000000000000000000000000000000000000000000000000000000000000000000000000000000000000000000000000000000000000000000000000000000000000000000000000000000000000000000000000000000000000000000000000000000000000000000000000000000000000000000000000000
310
00000000000000000000000000000000000000000000000000000000000000000000000000000000000000000000000000000000000000000000000000000000000000000000000000000000000000000000000000000000000000000000000000000000000000000000000000000000000000000000000000000000000000
310
00000000000000000000000000000000000000000000000000000000000000000000000000000000000000000000000000000000000000000000000000000000000000000000000000000000000000000000000000000000000000000000000000000000000000000000000000000000000000000000000000000000000000
310
000000000000000000000000000000000000000000000000000000000000000000000000000000000700000707001E07071E07071E0707070707071E070707071E07071E1E1E1E1E1E1E1E1E1E1E1E1E1E1E1E1E1E1E1E1E1E1E1E1E1E1E1E1E1E1E1E1E1E1E1E1E1E1E1E0007000000000000000000000000000000000000
310
00000000000000000000000000000000000000000000000000000000000000000000000000000000000000000000000000000000000000000000000000000000000000000000000000000000000000000000000000000000000000000000000000000000000000000000000000000000000000000000000000000000000000
310
00000000000000000000000000000000000000000000000000000000000000000000000000000000000000000000000000000000000000000000000000000000000000000000000000000000000000000000000000000000000000000000000000000000000000000000000000000000000000000000000000000000000000
310
00000000000000000000000000000000000000000000000000000000000000000000000000000000000000000000000000000000000000000000000000000000000000000000000000000000000000000000000000000000000000000000000000000000000000000000000000000000000000000000000000000000000000
310
00000000000000000000000000000000000000000000000000000000000000000000000000000000000000000700001E07001E00001E00001E0000000000001E000000001E00001E00000000000000000000000000000000000000000000000000000000000000000000000000001E00070000000000000000000000000000
310
00000000000000000000000000000000000000000000000000000000000000000000000000000000000000000000000000000000000000000000000000000000000000000000000000000000000000000000000000000000000000000000000000000000000000000000000000000000000000000000000000000000000000
310
00000000000000000000000000000000000000000000000000000000000000000000000000000000000000000000000000000000000000000000000000000000000000000000000000000000000000000000000000000000000000000000000000000000000000000000000000000000000000000000000000000000000000
310
00000000000000000000000000000000000000000000000000000000000000000000000000000000000000000000000000000000000000000000000000000000000000000000000000000000000000000000000000000000000000000000000000000000000000000000000000000000000000000000000000000000000000
310
0000000000000000000000000000000000000000000000000000000000000000000000000000000000000000000000000700000707001E07071E07071E0707070707071E070707071E07071E00000000000000000000000000000000000000000000000000000000000000000000000000001E000700000000000000000000
310
00000000000000000000000000000000000000000000000000000000000000000000000000000000000000000000000000000000000000000000000000000000000000000000000000000000000000000000000000000000000000000000000000000000000000000000000000000000000000000000000000000000000000
310
00000000000000000000000000000000000000000000000000000000000000000000000000000000000000000000000000000000000000000000000000000000000000000000000000000000000000000000000000000000000000000000000000000000000000000000000000000000000000000000000000000000000000
310
00000000000000000000000000000000000000000000000000000000000000000000000000000000000000000000000000000000000000000000000000000000000000000000000000000000000000000000000000000000000000000000000000000000000000000000000000000000000000000000000000000000000000
310
00000000000000000000000000000000000000000000000000000000000000000000000000000000000000000000000000000000070000071E001E07071E07071E0707070707071E070707071E07071E00000000000000000000000000000000000000000000000000000000000000000000000000001E0007000000000000
310
00000000000000000000000000000000000000000000000000000000000000000000000000000000000000000000000000000000000000000000000000000000000000000000000000000000000000000000000000000000000000000000000000000000000000000000000000000000000000000000000000000000000000
310
00000000000000000000000000000000000000000000000000000000000000000000000000000000000000000000000000000000000000000000000000000000000000000000000000000000000000000000000000000000000000000000000000000000000000000000000000000000000000000000000000000000000000
310
00000000000000000000000000000000000000000000000000000000000000000000000000000000000000000000000000000000000000000000000000000000000000000000000000000000000000000000000000000000000000000000000000000000000000000000000000000000000000000000000000000000000000
310
00000000000000000000000000000000000000000000000000000000000000000000000000000000000000000000000000000000000000000700000707001E00001E00001E0000000000001E000000001E00001E00000000000000000000000000000000000000000000000000000000000000000000000000001E00070000
310
00000000000000000000000000000000000000000000000000000000000000000000000000000000000000000000000000000000000000000000000000000000000000000000000000000000000000000000000000000000000000000000000000000000000000000000000000000000000000000000000000000000000000
310
00000000000000000000000000000000000000000000000000000000000000000000000000000000000000000000000000000000000000000000000000000000000000000000000000000000000000000000000000000000000000000000000000000000000000000000000000000000000000000000000000000000000000
310
00000000000000000000000000000000000000000000000000000000000000000000000000000000000000000000000000000000000000000000000000000000000000000000000000000000000000000000000000000000000000000000000000000000000000000000000000000000000000000000000000000000000000
310
0000000000000000000000000000000000000000000000000000000000000000000000000000000000000000000000000000000000000000000000000700000707001E1E1E1E1E1E1E1E1E1E1E1E1E1E1E1E1E1E1E1E1E1E1E1E1E1E1E1E1E1E1E1E1E1E1E1E1E1E1E1E1E1E1E1E1E1E1E1E1E1E1E1E1E1E1E1E1E1E1E1E1E
310
0007000000000000000000000000000000000000000000000000000000000000000000000000000000000000000000000000000000000000000000000000000000000000000000000000000000000000000000000000000000000000000000000000000000001E1E1E1E1E00001E1E1E1E00001E1E1E1E0000001E1E1E1E00
310
001E1E1E1E0000001E1E1E1E00000000000000000000000000000000000000000000000000000000000000000000000000000000000000000000000000000000000000000000000000000000000000000000000000000000000000000000000000000000000000000000000000000000000000000000000000000000000000
310
00000000000000000000000000000000000000000000000000000000000000000000000000000000000000000000000000000000000000000000000000000000000000000000000000000000000000000000000000000000000000000000000000000000000000000000000000000000000000000000000000000000000000
310
000000000000000000000000000000000000000000000000000000000000000000000000000000000000000000000000000000000000000000000000000000000700000707001E0000000000000000000000000000000000000000000000000000000000000000000000000000000000000000000000000000000000000000
310
0000001E00070000000000000000000000000000000000000000000000000000000000000000000000000000000000000000000000000000000000000000000000000000000000000000000000000000000000000000000000000000000000000000001E1E1E1E1E1E1E1E0000001E1E1E1E00001E1E1E1E00001E1E1E1E1E
310
00001E1E1E1E00001E1E1E1E1E00001E1E1E1E1E1E1E1E0000000000000000000000000000000000000000000000000000000000000000000000000000000000000000000000000000000000000000000000000000000000000000000000000000000000000000000000000000000000000000000000000000000000000000
310
00000000000000000000000000000000000000000000000000000000000000000000000000000000000000000000000000000000000000000000000000000000000000000000000000000000000000000000000000000000000000000000000000000000000000000000000000000000000000000000000000000000000000
310
000000000000000000000000000000000000000000000000000000000000000000000000000000000000000000000000000000000000000000000000000000000000000007000007071E1E00000000000000000000000000000000000000000000000000000000000000000000000000000000000000000000000000000000
310
000000000000001E00070000000000000000000000000000000000000000000000000000000000000000000000000000000000000000000000000000000000000000000000000000000000000000000000000000000000000000000000000000000000000000001E1E1E000000000000000000000000000000000000000000
310
0000000000000000000000000000000000000000000000001E1E1E00000000000000000000000000000000000000000000000000000000000000000000000000000000000000000000000000000000000000000000000000000000000000000000000000000000000000000000000000000000000000000000000000000000
310
00000000000000000000000000000000000000000000000000000000000000000000000000000000000000000000000000000000000000000000000000000000000000000000000000000000000000000000000000000000000000000000000000000000000000000000000000000000000000000000000000000000000000
310
0000000000000000000000000000000000000000000000000000000000000000000000000000000000000000000000000000000000000000000000000000000000000000000000000700000707001E000000000000000000000000000000000000000000000000000000000000000000000000000000000000000000000000
310
00000000000000000000001E00070000000000000000000000000000000000000000000000000000000000000000000000000000000000000000000000000000000000000000000000000000000000000000000000000000000000000000000000000000000000000000001E1E000000000000000000000000000000000000
310
00000000000000000000000000000000000000000000000000000000001E1E000000000000000000000000000000000000000000000000000000000000000000000000000000000000000000000000000000000000000000000000000000000000000000000000000000000000000000000000000000000000000000000000
310
00000000000000000000000000000000000000000000000000000000000000000000000000000000000000000000000000000000000000000000000000000000000000000000000000000000000000000000000000000000000000000000000000000000000000000000000000000000000000000000000000000000000000
310
000000000000000000000000000000000000000000000000000000000000000000000000000000000000000000000000000000000000000000000000000000000000000000000000000000000700000707001E0000000000000000000000000000000000000000000000000000000000000000000000000000000000000000
310
0000000000000000000000000000001E0007000000000000000000000000000000000000000000000000000000000000000000000000000000000000000000000000000000000000000000000000000000000000000000000000000000000000000000000000000000000000000000001E1E1E000000000000000000000000
310
000000000000000000000000000000000000000000000000000000000000001E1E1E000000000000000000000000000000000000000000000000000000000000000000000000000000000000000000000000000000000000000000000000000000000000000000000000000000000000000000000000000000000000000000
310
00000000000000000000000000000000000000000000000000000000000000000000000000000000000000000000000000000000000000000000000000000000000000000000000000000000000000000000000000000000000000000000000000000000000000000000000000000000000000000000000000000000000000
310
0000000000000000000000000000000000000000000000000000000000000000000000000000000000000000000000000000000000000000000000000000000000000000000000000000000000000000070000071E001E00000000000000000000000000000000000000000000000000000000000000000000000000000000
310
000000000000000000000000000000000000001E00070000000000000000000000000000000000000000000000000000000000000000000000000000000000000000000000000000000000000000000000000000000000000000000000000000000000000000000000000000000000000000000000001E0000000000000000
310
00000000000000000000000000000000000000000000000000000000000000000000001E00000000000000000000000000000000000000000000000000000000000000000000000000000000000000000000000000000000000000000000000000000000000000000000000000000000000000000000000000000000000000
310
00000000000000000000000000000000000000000000000000000000000000000000000000000000000000000000000000000000000000000000000000000000000000000000000000000000000000000000000000000000000000000000000000000000000000000000000000000000000000000000000000000000000000
310
0000000000000000000000000000000000000000000000000000000000000000000000000000000000000000000000000000000000000000000000000000000000000000000000000000000000000000000000000700001E07001E000000000000000000000000000000000000000000000000000000000000000000000000
310
00000000000000000000000000000000000000000000001E00070000000000000000000000000000000000000000000000000000000000000000000000000000000000000000000000000000000000000000000000000000000000000000000000000000000000000000000000000000000000000000000000001E1E000000
310
00000000000000000000000000000000000000000000000000000000000000000000000000001E1E000000000000000000000000000000000000000000000000000000000000000000000000000000000000000000000000000000000000000000000000000000000000000000000000000000000000000000000000000000
310
00000000000000000000000000000000000000000000000000000000000000000000000000000000000000000000000000000000000000000000000000000000000000000000000000000000000000000000000000000000000000000000000000000000000000000000000000000000000000000000000000000000000000
310
000000000000000000000000000000000000000000000000000000000000000000000000000000000000000000000000000000000000000000000000000000000000000000000000000000000000000000000000000000000700000707001E0000000000000000000000000000000000000000000000000000000000000000
310
0000000000000000000000000000000000000000000000000000001E000700000000000000000000000000000000000000000000000000000000000000000000000000000000000000000000000000000000000000000000000000000000000000000000000000000000000000000000000000000000000000000000000000
310
1E00000000000000000000000000000000000000000000000000000000000000000000000000000000001E000000000000000000000000000000000000000000000000000000000000000000000000000000000000000000000000000000000000000000000000000000000000000000000000000000000000000000000000
310
00000000000000000000000000000000000000000000000000000000000000000000000000000000000000000000000000000000000000000000000000000000000000000000000000000000000000000000000000000000000000000000000000000000000000000000000000000000000000000000000000000000000000
310
00000000000000000000000000000000000000000000000000000000000000000000000000000000000000000000000000000000000000000000000000000000000000000000000000000000000000000000000000000000000000000700000707001E00000000000000000000000000000000000000000000000000000000
310
000000000000000000000000000000000000000000000000000000000000001E0007000000000000000000000000000000000000000000000000000000000000000000000000000000000000000000000000000000000000000000000000000000000000000000000000000000000000000000000000000000000000000000
310
000000001E00000000000000000000000000000000000000000000000000000000000000000000000000000000001E0000000000000000000000000000000000000000000000000000000000000000000000000000000000000000000000000000000000000000000000000000000000000000000000000000000000000000
310
00000000000000000000000000000000000000000000000000000000000000000000000000000000000000000000000000000000000000000000000000000000000000000000000000000000000000000000000000000000000000000000000000000000000000000000000000000000000000000000000000000000000000
310
0000000000000000000000000000000000000000000000000000000000000000000000000000000000000000000000000000000000000000000000000000000000000000000000000000000000000000000000000000000000000000000000000700000707001E000000000000000000000000000000000000000000000000
310
00000000000000000000000000000000000000000000000000000000000000000000001E00070000000000000000000000000000000000000000000000000000000000000000000000000000000000000000000000000000000000000000000000000000000000000000000000000000000000000000000000000000000000
310
000000000000001E1E00000000000000000000000000000000000000000000000000000000000000000000000000000000001E1E000000000000000000000000000000000000000000000000000000000000000000000000000000000000000000000000000000000000000000000000000000000000000000000000000000
310
00000000000000000000000000000000000000000000000000000000000000000000000000000000000000000000000000000000000000000000000000000000000000000000000000000000000000000000000000000000000000000000000000000000000000000000000000000000000000000000000000000000000000
310
0000000000000000000000000000000000000000000000000000000000000000000000000000000000000000000000000000000000000000000000000000000000000000000000000000000000000000000000000000000000000000000000000000000007000007071E1E0000000000000000000000000000000000000000
310
0000000000000000000000000000000000000000000000000000000000000000000000000000001E000700000000000000000000000000000000000000000000000000000000000000000000000000000000000000000000000000000000000000000000000000000000000000000000000000000000000000000000000000
310
00000000000000000000001E000000000000000000000000000000000000000000000000000000000000000000000000000000000000001E0000000000000000000000000000000000000000000000000000000000000000000000000000000000000000000000000000000000000000000000000000000000000000000000
310
00000000000000000000000000000000000000000000000000000000000000000000000000000000000000000000000000000000000000000000000000000000000000000000000000000000000000000000000000000000000000000000000000000000000000000000000000000000000000000000000000000000000000
310
00000000000000000000000000000000000000000000000000000000000000000000000000000000000000000000000000000000000000000000000000000000000000000000000000000000000000000000000000000000000000000000000000000000000000000700000707001E00000000000000000000000000000000
310
000000000000000000000000000000000000000000000000000000000000000000000000000000000000001E0007000000000000000000000000000000000000000000000000000000000000000000000000000000000000000000000000000000000000000000000000000000000000000000000000000000000000000000
310
0000000000000000000000000000001E000000000000000000000000000000000000000000000000000000000000000000000000000000000000001E00000000000000000000000000000000000000000000000000000000000000000000000000000000000000000000000000000000000000000000000000000000000000
310
00000000000000000000000000000000000000000000000000000000000000000000000000000000000000000000000000000000000000000000000000000000000000000000000000000000000000000000000000000000000000000000000000000000000000000000000000000000000000000000000000000000000000
310
0000000000000000000000000000000000000000000000000000000000000000000000000000000000000000000000000000000000000000000000000000000000000000000000000000000000000000000000000000000000000000000000000000000000000000000000000700000707001E000000000000000000000000
310
00000000000000000000000000000000000000000000000000000000000000000000000000000000000000000000001E00070000000000000000000000000000000000000000000000000000000000000000000000000000000000000000000000000000000000000000000000000000000000000000000000000000000000
310
000000000000000000000000000000000000001E000000000000000000000000000000000000000000000000000000000000000000000000000000000000001E000000000000000000000000000000000000000000000000000000000000000000000000000000000000000000000000000000000000000000000000000000
310
00000000000000000000000000000000000000000000000000000000000000000000000000000000000000000000000000000000000000000000000000000000000000000000000000000000000000000000000000000000000000000000000000000000000000000000000000000000000000000000000000000000000000
310
000000000000000000000000000000000000000000000000000000000000000000000000000000000000000000000000000000000000000000000000000000000000000000000000000000000000000000000000000000000000000000000000000000000000000000000000000000000700001E07001E0000000000000000
310
0000000000000000000000000000000000000000000000000000000000000000000000000000000000000000000000000000001E000700000000000000000000000000000000000000000000000000000000000000000000000000000000000000000000000000000000000000000000000000000000000000000000000000
310
00000000000000000000000000000000000000000000001E000000000000000000000000000000000000000000000000000000000000000000000000000000000000001E0000000000000000000000000000000000000000000000000000000000000000000000000000000000000000000000000000000000000000000000
310
00000000000000000000000000000000000000000000000000000000000000000000000000000000000000000000000000000000000000000000000000000000000000000000000000000000000000000000000000000000000000000000000000000000000000000000000000000000000000000000000000000000000000
310
00000000000000000000000000000000000000000000000000000000000000000000000000000000000000000000000000000000000000000000000000000000000000000000000000000000000000000000000000000000000000000000000000000000000000000000000000000000000000000700000707001E00000000
310
000000000000000000000000000000000000000000000000000000000000000000000000000000000000000000000000000000000000001E0007000000000000000000000000000000000000000000000000000000000000000000000000000000000000000000000000000000000000000000000000000000000000000000
310
0000000000000000000000000000000000000000000000000000001E000000000000000000000000000000000000000000000000000000000000000000000000000000000000001E00000000000000000000000000000000000000000000000000000000000000000000000000000000000000000000000000000000000000
310
00000000000000000000000000000000000000000000000000000000000000000000000000000000000000000000000000000000000000000000000000000000000000000000000000000000000000000000000000000000000000000000000000000000000000000000000000000000000000000000000000000000000000
310
0000000000000000000000000000000000000000000000000000000000000000000000000000000000000000000000000000000000000000000000000000000000000000000000000000000000000000000000000000000000000000000000000000000000000000000000000000000000000000000000000700000707001E
310
00000000000000000000000000000000000000000000000000000000000000000000000000000000000000000000000000000000000000000000001E00070000000000000000000000000000000000000000000000000000000000000000000000000000000000000000000000000000000000000000000000000000000000
310
000000000000000000000000000000000000000000000000000000000000001E000000000000000000000000000000000000000000000000000000000000000000000000000000000000001E000000000000000000000000000000000000000000000000000000000000000000000000000000000000000000000000000000
310
00000000000000000000000000000000000000000000000000000000000000000000000000000000000000000000000000000000000000000000000000000000000000000000000000000000000000000000000000000000000000000000000000000000000000000000000000000000000000000000000000000000000000
310
00000000000000000000000000000000000000000000000000000000000000000000000000000000000000000000000000000000000000000000000000000000000000000000000000000000000000000000000000000000000000000000000000000000000000000000000000000000000000000000000000000000070000
310
0707001E00000000000000000000000000000000000000000000000000000000000000000000000000000000000000000000000000000000000000000000001E000700000000000000000000000000000000000000000000000000000000000000000000000000000000000000000000000000000000000000000000000000
310
00000000000000000000000000000000000000000000000000000000000000000000001E1E00000000000000000000000000000000000000000000000000000000000000000000000000000000001E1E0000000000000000000000000000000000000000000000000000000000000000000000000000000000000000000000
310
00000000000000000000000000000000000000000000000000000000000000000000000000000000000000000000000000000000000000000000000000000000000000000000000000000000000000000000000000000000000000000000000000000000000000000000000000000000000000000000000000000000000000
310
00000000000000000000000000000000000000000000000000000000000000000000000000000000000000000000000000000000000000000000000000000000000000000000000000000000000000000000000000000000000000000000000000000000000000000000000000000000000000000000000000000000000000
310
000700000707001E00000000000000000000000000000000000000000000000000000000000000000000000000000000000000000000000000000000000000000000001E0007000000000000000000000000000000000000000000000000000000000000000000000000000000000000000000000000000000000000000000
310
000000000000000000000000000000000000000000000000000000000000000000000000000000001E00000000000000000000000000000000000000000000000000000000000000000000000000000000001E0000000000000000000000000000000000000000000000000000000000000000000000000000000000000000
310
00000000000000000000000000000000000000000000000000000000000000000000000000000000000000000000000000000000000000000000000000000000000000000000000000000000000000000000000000000000000000000000000000000000000000000000000000000000000000000000000000000000000000
310
00000000000000000000000000000000000000000000000000000000000000000000000000000000000000000000000000000000000000000000000000000000000000000000000000000000000000000000000000000000000000000000000000000000000000000000000000000000000000000000000000000000000000
310
000000000007000007071E1E00000000000000000000000000000000000000000000000000000000000000000000000000000000000000000000000000000000000000000000001E00070000000000000000000000000000000000000000000000000000000000000000000000000000000000000000000000000000000000
310
00000000000000000000000000000000000000000000000000000000000000000000000000000000000000001E00000000000000000000000000000000000000000000000000000000000000000000000000000000001E00000000000000000000000000000000000000000000000000000000000000000000000000000000
310
00000000000000000000000000000000000000000000000000000000000000000000000000000000000000000000000000000000000000000000000000000000000000000000000000000000000000000000000000000000000000000000000000000000000000000000000000000000000000000000000000000000000000
310
00000000000000000000000000000000000000000000000000000000000000000000000000000000000000000000000000000000000000000000000000000000000000000000000000000000000000000000000000000000000000000000000000000000000000000000000000000000000000000000000000000000000000
310
0000000000000000000700000707001E00000000000000000000000000000000000000000000000000000000000000000000000000000000000000000000000000000000000000000000001E000700000000000000000000000000000000000000000000000000000000000000000000000000000000000000000000000000
310
00000000000000000000000000000000000000000000000000000000000000000000000000000000000000000000001E1E00000000000000000000000000000000000000000000000000000000000000000000000000000000001E1E0000000000000000000000000000000000000000000000000000000000000000000000
310
00000000000000000000000000000000000000000000000000000000000000000000000000000000000000000000000000000000000000000000000000000000000000000000000000000000000000000000000000000000000000000000000000000000000000000000000000000000000000000000000000000000000000
310
00000000000000000000000000000000000000000000000000000000000000000000000000000000000000000000000000000000000000000000000000000000000000000000000000000000000000000000000000000000000000000000000000000000000000000000000000000000000000000000000000000000000000
310
000000000000000000000000000700000707001E00000000000000000000000000000000000000000000000000000000000000000000000000000000000000000000000000000000000000000000001E0007000000000000000000000000000000000000000000000000000000000000000000000000000000000000000000
310
0000000000000000000000000000000000000000000000000000000000000000000000000000000000000000000000000000001E000000000000000000000000000000000000000000000000000000000000000000000000000000000000001E00000000000000000000000000000000000000000000000000000000000000
310
00000000000000000000000000000000000000000000000000000000000000000000000000000000000000000000000000000000000000000000000000000000000000000000000000000000000000000000000000000000000000000000000000000000000000000000000000000000000000000000000000000000000000
310
00000000000000000000000000000000000000000000000000000000000000000000000000000000000000000000000000000000000000000000000000000000000000000000000000000000000000000000000000000000000000000000000000000000000000000000000000000000000000000000000000000000000000
310
00000000000000000000000000000000000700000707001E00000000000000000000000000000000000000000000000000000000000000000000000000000000000000000000000000000000000000000000001E00070000000000000000000000000000000000000000000000000000000000000000000000000000000000
310
000000000000000000000000000000000000000000000000000000000000000000000000000000000000000000000000000000000000001E000000000000000000000000000000000000000000000000000000000000000000000000000000000000001E000000000000000000000000000000000000000000000000000000
310
00000000000000000000000000000000000000000000000000000000000000000000000000000000000000000000000000000000000000000000000000000000000000000000000000000000000000000000000000000000000000000000000000000000000000000000000000000000000000000000000000000000000000
310
00000000000000000000000000000000000000000000000000000000000000000000000000000000000000000000000000000000000000000000000000000000000000000000000000000000000000000000000000000000000000000000000000000000000000000000000000000000000000000000000000000000000000
310
0000000000000000000000000000000000000000000700000707001E00000000000000000000000000000000000000000000000000000000000000000000000000000000000000000000000000000000000000000000001E000700000000000000000000000000000000000000000000000000000000000000000000000000
310
00000000000000000000000000000000000000000000000000000000000000000000000000000000000000000000000000000000000000001E1E1E1E000000000000000000000000000000000000000000000000000000000000000000000000000000000000001E1E1E1E0000000000000000000000000000000000000000
310
00000000000000000000000000000000000000000000000000000000000000000000000000000000000000000000000000000000000000000000000000000000000000000000000000000000000000000000000000000000000000000000000000000000000000000000000000000000000000000000000000000000000000
310
00000000000000000000000000000000000000000000000000000000000000000000000000000000000000000000000000000000000000000000000000000000000000000000000000000000000000000000000000000000000000000000000000000000000000000000000000000000000000000000000000000000000000
310
000000000000000000000000000000000000000000000000000700001E1E001E00000000000000000000000000000000000000000000000000000000000000000000000000000000000000000000000000000000000000000000001E0007000000000000000000000000000000000000000000000000000000000000000000
310
0000000000000000000000000000000000000000000000000000000000000000000000000000000000000000000000000000000000000000000000001E1E1E0000000000000000000000000000000000000000000000000000000000000000000000000000000000000000001E1E1E00000000000000000000000000000000
310
00000000000000000000000000000000000000000000000000000000000000000000000000000000000000000000000000000000000000000000000000000000000000000000000000000000000000000000000000000000000000000000000000000000000000000000000000000000000000000000000000000000000000
310
00000000000000000000000000000000000000000000000000000000000000000000000000000000000000000000000000000000000000000000000000000000000000000000000000000000000000000000000000000000000000000000000000000000000000000000000000000000000000000000000000000000000000
310
00000000000000000000000000000000000000000000000000000000000700000707001E00000000000000000000000000000000000000000000000000000000000000000000000000000000000000000000000000000000000000000000001E00070000000000000000000000000000000000000000000000000000000000
310
000000000000000000000000000000000000000000000000000000000000000000000000000000000000000000000000000000000000000000000000000000001E1E00000000000000000000000000000000000000000000000000000000000000000000000000000000000000000000001E1E000000000000000000000000
310
00000000000000000000000000000000000000000000000000000000000000000000000000000000000000000000000000000000000000000000000000000000000000000000000000000000000000000000000000000000000000000000000000000000000000000000000000000000000000000000000000000000000000
310
00000000000000000000000000000000000000000000000000000000000000000000000000000000000000000000000000000000000000000000000000000000000000000000000000000000000000000000000000000000000000000000000000000000000000000000000000000000000000000000000000000000000000
310
0000000000000000000000000000000000000000000000000000000000000000000700000707001E00000000000000000000000000000000000000000000000000000000000000000000000000000000000000000000000000000000000000000000001E000700000000000000000000000000000000000000000000000000
310
0000000000000000000000000000000000000000000000000000000000000000000000000000000000000000000000000000000000000000000000000000000000000000001E1E1E1E1E1E1E0000001E1E1E1E00001E1E1E1E00001E1E1E1E1E00001E1E1E1E00001E1E1E1E1E00001E1E1E1E1E1E1E000000000000000000
310
00000000000000000000000000000000000000000000000000000000000000000000000000000000000000000000000000000000000000000000000000000000000000000000000000000000000000000000000000000000000000000000000000000000000000000000000000000000000000000000000000000000000000
310
00000000000000000000000000000000000000000000000000000000000000000000000000000000000000000000000000000000000000000000000000000000000000000000000000000000000000000000000000000000000000000000000000000000000000000000000000000000000000000000000000000000000000
310
000000000000000000000000000000000000000000000000000000000000000000000000000700001E07001E00000000000000000000000000000000000000000000000000000000000000000000000000000000000000000000000000000000000000000000001E0007000000000000000000000000000000000000000000
310
000000000000000000000000000000000000000000000000000000000000000000000000000000000000000000000000000000000000000000000000000000000000000000000000000000000000001E1E1E1E1E00001E1E1E1E00001E1E1E1E0000001E1E1E1E00001E1E1E1E0000001E1E1E1E0000000000000000000000
310
00000000000000000000000000000000000000000000000000000000000000000000000000000000000000000000000000000000000000000000000000000000000000000000000000000000000000000000000000000000000000000000000000000000000000000000000000000000000000000000000000000000000000
310
00000000000000000000000000000000000000000000000000000000000000000000000000000000000000000000000000000000000000000000000000000000000000000000000000000000000000000000000000000000000000000000000000000000000000000000000000000000000000000000000000000000000000
310
00000000000000000000000000000000000000000000000000000000000000000000000000000000000700000707001E00000000000000000000000000000000000000000000000000000000000000000000000000000000000000000000000000000000000000000000001E00070000000000000000000000000000000000
310
00000000000000000000000000000000000000000000000000000000000000000000000000000000000000000000000000000000000000000000000000000000000000000000000000000000000000000000000000000000000000000000000000000000000000000000000000000000000000000000000000000000000000
310
00000000000000000000000000000000000000000000000000000000000000000000000000000000000000000000000000000000000000000000000000000000000000000000000000000000000000000000000000000000000000000000000000000000000000000000000000000000000000000000000000000000000000
310
00000000000000000000000000000000000000000000000000000000000000000000000000000000000000000000000000000000000000000000000000000000000000000000000000000000000000000000000000000000000000000000000000000000000000000000000000000000000000000000000000000000000000
310
0000000000000000000000000000000000000000000000000000000000000000000000000000000000000000000700000707001E00000000000000000000000000000000000000000000000000000000000000000000000000000000000000000000000000000000000000000000001E000700000000000000000000000000
310
00000000000000000000000000000000000000000000000000000000000000000000000000000000000000000000000000000000000000000000000000000000000000000000000000000000000000000000000000000000000000000000000000000000000000000000000000000000000000000000000000000000000000
310
00000000000000000000000000000000000000000000000000000000000000000000000000000000000000000000000000000000000000000000000000000000000000000000000000000000000000000000000000000000000000000000000000000000000000000000000000000000000000000000000000000000000000
310
00000000000000000000000000000000000000000000000000000000000000000000000000000000000000000000000000000000000000000000000000000000000000000000000000000000000000000000000000000000000000000000000000000000000000000000000000000000000000000000000000000000000000
310
0000000000000000000000000000000000000000000000000000000000000000000000000000000000000000000000000007000007071E1E00000000000000000000000000000000000000000000000000000000000000000000000000000000000000000000000000000000000000000000001E0007000000000000000000
310
0000000000000000000000000000000000000000000000000000000000000000000000000000000000000000000000000000000000000000000000000000000000000000000000000000000000000000000000000000001E1E1E1E1E0000001E1E1E1E00001E1E1E1E00001E1E1E1E1E00001E1E1E1E00001E1E1E1E1E0000
310
1E1E1E1E1E0000000000000000000000000000000000000000000000000000000000000000000000000000000000000000000000000000000000000000000000000000000000000000000000000000000000000000000000000000000000000000000000000000000000000000000000000000000000000000000000000000
310
00000000000000000000000000000000000000000000000000000000000000000000000000000000000000000000000000000000000000000000000000000000000000000000000000000000000000000000000000000000000000000000000000000000000000000000000000000000000000000000000000000000000000
310
00000000000000000000000000000000000000000000000000000000000000000000000000000000000000000000000000000000000700000707001E00000000000000000000000000000000000000000000000000000000000000000000000000000000000000000000000000000000000000000000001E00070000000000
310
000000000000000000000000000000000000000000000000000000000000000000000000000000000000000000000000000000000000000000000000000000000000000000000000000000000000000000000000000000000000001E0000001E1E1E1E1E00001E1E1E1E00001E1E1E1E0000001E1E1E1E00001E1E1E1E0000
310
001E1E1E1E0000001E00000000000000000000000000000000000000000000000000000000000000000000000000000000000000000000000000000000000000000000000000000000000000000000000000000000000000000000000000000000000000000000000000000000000000000000000000000000000000000000
310
00000000000000000000000000000000000000000000000000000000000000000000000000000000000000000000000000000000000000000000000000000000000000000000000000000000000000000000000000000000000000000000000000000000000000000000000000000000000000000000000000000000000000
310
0000000000000000000000000000000000000000000000000000000000000000000000000000000000000000000000000000000000000000000700000000001E00000000000000000000000000000000000000000000000000000000000000000000000000000000000000000000000000000000000000000000001E000700
310
00000000000000000000000000000000000000000000000000000000000000000000000000000000000000000000000000000000000000000000000000000000000000000000000000000000000000000000000000000000000000000000001E1E000000000000000000000000000000000000000000000000000000000000
310
00000000000000000000001E1E000000000000000000000000000000000000000000000000000000000000000000000000000000000000000000000000000000000000000000000000000000000000000000000000000000000000000000000000000000000000000000000000000000000000000000000000000000000000
310
00000000000000000000000000000000000000000000000000000000000000000000000000000000000000000000000000000000000000000000000000000000000000000000000000000000000000000000000000000000000000000000000000000000000000000000000000000000000000000000000000000000000000
310
000000000000000000000000000000000000000000000000000000000000000000000000000000000000000000000000000000000000000000000000000700000000001E0000000000000000000000000000000000000000000000000000000000000000000000000000000000000000000000000000000000000000000000
310
1E0007000000000000000000000000000000000000000000000000000000000000000000000000000000000000000000000000000000000000000000000000000000000000000000000000000000000000000000000000000000000000000000000000001E0000000000000000000000000000000000000000000000000000
310
0000000000000000000000000000001E000000000000000000000000000000000000000000000000000000000000000000000000000000000000000000000000000000000000000000000000000000000000000000000000000000000000000000000000000000000000000000000000000000000000000000000000000000
310
00000000000000000000000000000000000000000000000000000000000000000000000000000000000000000000000000000000000000000000000000000000000000000000000000000000000000000000000000000000000000000000000000000000000000000000000000000000000000000000000000000000000000
310
00000000000000000000000000000000000000000000000000000000000000000000000000000000000000000000000000000000000000000000000000000000000700000000001E00000000000000000000000000000000000000000000000000000000000000000000000000000000000000000000000000000000000000
310
000000001E0007000000000000000000000000000000000000000000000000000000000000000000000000000000000000000000000000000000000000000000000000000000000000000000000000000000000000000000000000000000000000000000000000001E00000000000000000000000000000000000000000000
310
000000000000000000000000000000000000001E0000000000000000000000000000000000000000000000000000000000000000000000000000000000000000000000000000000000000000000000000000000000000000000000000000000000000000000000000000000000000000000000000000000000000000000000
310
00000000000000000000000000000000000000000000000000000000000000000000000000000000000000000000000000000000000000000000000000000000000000000000000000000000000000000000000000000000000000000000000000000000000000000000000000000000000000000000000000000000000000
310
0000000000000000000000000000000000000000000000000000000000000000000000000000000000000000000000000000000000000000000000000000000000000000000700000000001E000000000000000000000000000000000000000000000000000000000000000000000000000000000000000000000000000000
310
00000000000000001E0007000000000000000000000000000000000000000000000000000000000000000000000000000000000000000000000000000000000000000000000000000000000000000000000000000000000000000000000000000000000000000000000000001E000000000000000000000000000000000000
310
00000000000000000000000000000000000000000000001E00000000000000000000000000000000000000000000000000000000000000000000000000000000000000000000000000000000000000000000000000000000000000000000000000000000000000000000000000000000000000000000000000000000000000
310
00000000000000000000000000000000000000000000000000000000000000000000000000000000000000000000000000000000000000000000000000000000000000000000000000000000000000000000000000000000000000000000000000000000000000000000000000000000000000000000000000000000000000
310
000000000000000000000000000000000000000000000000000000000000000000000000000000000000000000000000000000000000000000000000000000000000000000000000000700000000001E0000000000000000000000000000000000000000000000000000000000000000000000000000000000000000000000
310
0000000000000000000000001E0007000000000000000000000000000000000000000000000000000000000000000000000000000000000000000000000000000000000000000000000000000000000000000000000000000000000000000000000000000000000000000000000000001E0000001E1E000000000000000000
310
0000000000001E1E00000000000000000000000000001E1E0000001E000000000000000000000000000000000000000000000000000000000000000000000000000000000000000000000000000000000000000000000000000000000000000000000000000000000000000000000000000000000000000000000000000000
310
00000000000000000000000000000000000000000000000000000000000000000000000000000000000000000000000000000000000000000000000000000000000000000000000000000000000000000000000000000000000000000000000000000000000000000000000000000000000000000000000000000000000000
310
00000000000000000000000000000000000000000000000000000000000000000000000000000000000000000000000000000000000000000000000000000000000000000000000000000000000700001E1E1E1E00000000000000000000000000000000000000000000000000000000000000000000000000000000000000
310
000000000000000000000000000000001E0007000000000000000000000000000000000000000000000000000000000000000000000000000000000000000000000000000000000000000000000000000000000000000000000000000000000000000000000000000000000000000000000000001E000000001E0000000000
310
000000000000000000001E0000000000000000000000000000001E1E0000001E0000000000000000000000000000000000000000000000000000000000000000000000000000000000000000000000000000000000000000000000000000000000000000000000000000000000000000000000000000000000000000000000
310
00000000000000000000000000000000000000000000000000000000000000000000000000000000000000000000000000000000000000000000000000000000000000000000000000000000000000000000000000000000000000000000000000000000000000000000000000000000000000000000000000000000000000
310
0000000000000000000000000000000000000000000000000000000000000000000000000000000000000000000000000000000000000000000000000000000000000000000000000000000000000000000700001E1E001E000000000000000000000000000000000000000000000000000000000000000000000000000000
310
00000000000000000000000000000000000000001E0007000000000000000000000000000000000000000000000000000000000000000000000000000000000000000000000000000000000000000000000000000000000000000000000000000000000000000000000000000000000000000000000000001E000000000000
310
00000000000000000000000000000000000000000000000000000000000000000000001E00000000000000000000000000000000000000000000000000000000000000000000000000000000000000000000000000000000000000000000000000000000000000000000000000000000000000000000000000000000000000
310
00000000000000000000000000000000000000000000000000000000000000000000000000000000000000000000000000000000000000000000000000000000000000000000000000000000000000000000000000000000000000000000000000000000000000000000000000000000000000000000000000000000000000
310
000000000000000000000000000000000000000000000000000000000000000000000000000000000000000000000000000000000000000000000000000000000000000000000000000000000000000000000000000700001E1E001E0000000000000000000000000000000000000000000000000000000000000000000000
310
0000000000000000000000000000000000000000000000001E0007000000000000000000000000000000000000000000000000000000000000000000000000000000000000000000000000000000000000000000000000000000000000000000000000000000000000000000000000000000000000000000000000001E0000
310
0000000000000000000000000000000000000000000000000000000000000000000000000000001E000000000000000000000000000000000000000000000000000000000000000000000000000000000000000000000000000000000000000000000000000000000000000000000000000000000000000000000000000000
310
00000000000000000000000000000000000000000000000000000000000000000000000000000000000000000000000000000000000000000000000000000000000000000000000000000000000000000000000000000000000000000000000000000000000000000000000000000000000000000000000000000000000000
310
00000000000000000000000000000000000000000000000000000000000000000000000000000000000000000000000000000000000000000000000000000000000000000000000000000000000000000000000000000000000700001E1E001E00000000000000000000000000000000000000000000000000000000000000
310
000000000000000000000000000000000000000000000000000000001E0007000000000000000000000000000000000000000000000000000000000000000000000000000000000000000000000000000000000000000000000000000000000000000000000000000000000000000000000000000000000000000000000000
310
1E1E00000000000000000000000000000000000000000000000000000000000000000000000000000000001E1E00000000000000000000000000000000000000000000000000000000000000000000000000000000000000000000000000000000000000000000000000000000000000000000000000000000000000000000
310
00000000000000000000000000000000000000000000000000000000000000000000000000000000000000000000000000000000000000000000000000000000000000000000000000000000000000000000000000000000000000000000000000000000000000000000000000000000000000000000000000000000000000
310
0000000000000000000000000000000000000000000000000000000000000000000000000000000000000000000000000000000000000000000000000000000000000000000000000000000000000000000000000000000000000000000700001E1E001E000000000000000000000000000000000000000000000000000000
310
00000000000000000000000000000000000000000000000000000000000000001E00070000000000000000000000000000000000000000000000000000000000000000000000000000000000000000000000000000000000000000000000000000000000000000000000000000000000000000000000000000000000000000
310
000000001E000000000000000000000000000000000000000000000000000000000000000000000000000000000000001E000000000000000000000000000000000000000000000000000000000000000000000000000000000000000000000000000000000000000000000000000000000000000000000000000000000000
310
00000000000000000000000000000000000000000000000000000000000000000000000000000000000000000000000000000000000000000000000000000000000000000000000000000000000000000000000000000000000000000000000000000000000000000000000000000000000000000000000000000000000000
310
000000000000000000000000000000000000000000000000000000000000000000000000000000000000000000000000000000000000000000000000000000000000000000000000000000000000000000000000000000000000000000000000000700001E1E001E0000000000000000000000000000000000000000000000
310
0000000000000000000000000000000000000000000000000000000000000000000000001E000700000000000000000000000000000000000000000000000000000000000000000000000000000000000000000000000000000000000000000000000000000000000000000000000000000000000000000000000000000000
310
00000000000000001E0000001E1E1E1E1E00001E1E1E1E00001E1E1E1E0000001E1E1E1E00001E1E1E1E0000001E1E1E1E0000001E0000000000000000000000000000000000000000000000000000000000000000000000000000000000000000000000000000000000000000000000000000000000000000000000000000
310
00000000000000000000000000000000000000000000000000000000000000000000000000000000000000000000000000000000000000000000000000000000000000000000000000000000000000000000000000000000000000000000000000000000000000000000000000000000000000000000000000000000000000
310
00000000000000000000000000000000000000000000000000000000000000000000000000000000000000000000000000000000000000000000000000000000000000000000000000000000000000000000000000000000000000000000000000000000000700000707001E00000000000000000000000000000000000000
310
000000000000000000000000000000000000000000000000000000000000000000000000000000001E0007000000000000000000000000000000000000000000000000000000000000000000000000000000000000000000000000000000000000000000000000000000000000000000000000000000000000000000000000
310
0000000000000000000000001E1E1E1E1E0000001E1E1E1E00001E1E1E1E00001E1E1E1E1E00001E1E1E1E00001E1E1E1E1E00001E1E1E1E1E00000000000000000000000000000000000000000000000000000000000000000000000000000000000000000000000000000000000000000000000000000000000000000000
310
00000000000000000000000000000000000000000000000000000000000000000000000000000000000000000000000000000000000000000000000000000000000000000000000000000000000000000000000000000000000000000000000000000000000000000000000000000000000000000000000000000000000000
310
0000000000000000000000000000000000000000000000000000000000000000000000000000000000000000000000000000000000000000000000000000000000000000000000000000000000000000000000000000000000000000000000000000000000000000000700000707001E000000000000000000000000000000
310
00000000000000000000000000000000000000000000000000000000000000000000000000000000000000001E00070000000000000000000000000000000000000000000000000000000000000000000000000000000000000000000000000000000000000000000000000000000000000000000000000000000000000000
310
00000000000000000000000000000000000000000000000000000000000000000000000000000000000000000000000000000000000000000000000000000000000000000000000000000000000000000000000000000000000000000000000000000000000000000000000000000000000000000000000000000000000000
310
00000000000000000000000000000000000000000000000000000000000000000000000000000000000000000000000000000000000000000000000000000000000000000000000000000000000000000000000000000000000000000000000000000000000000000000000000000000000000000000000000000000000000
310
000000000000000000000000000000000000000000000000000000000000000000000000000000000000000000000000000000000000000000000000000000000000000000000000000000000000000000000000000000000000000000000000000000000000000000000000000700000707001E0000000000000000000000
310
0000000000000000000000000000000000000000000000000000000000000000000000000000000000000000000000001E000700000000000000000000000000000000000000000000000000000000000000000000000000000000000000000000000000000000000000000000000000000000000000000000000000000000
310
00000000000000000000000000000000000000000000000000000000000000000000000000000000000000000000000000000000000000000000000000000000000000000000000000000000000000000000000000000000000000000000000000000000000000000000000000000000000000000000000000000000000000
310
00000000000000000000000000000000000000000000000000000000000000000000000000000000000000000000000000000000000000000000000000000000000000000000000000000000000000000000000000000000000000000000000000000000000000000000000000000000000000000000000000000000000000
310
00000000000000000000000000000000000000000000000000000000000000000000000000000000000000000000000000000000000000000000000000000000000000000000000000000000000000000000000000000000000000000000000000000000000000000000000000000000000700000707001E00000000000000
310
000000000000000000000000000000000000000000000000000000000000000000000000000000000000000000000000000000001E0007000000000000000000000000000000000000000000000000000000000000000000000000000000000000000000000000000000000000000000000000000000000000000000000000
310
000000000000000000001E1E1E1E1E1E1E1E1E0000000000000000001E1E1E1E1E00001E1E1E1E00001E1E1E1E0000001E1E1E1E00001E1E1E1E0000001E1E1E1E0000000000000000001E1E1E1E1E1E1E1E1E1E00000000000000000000000000000000000000000000000000000000000000000000000000000000000000
310
00000000000000000000000000000000000000000000000000000000000000000000000000000000000000000000000000000000000000000000000000000000000000000000000000000000000000000000000000000000000000000000000000000000000000000000000000000000000000000000000000000000000000
310
0000000000000000000000000000000000000000000000000000000000000000000000000000000000000000000000000000000000000000000000000000000000000000000000000000000000000000000000000000000000000000000000000000000000000000000000000000000000000000000700000707001E000000
310
00000000000000000000000000000000000000000000000000000000000000000000000000000000000000000000000000000000000000001E00070000000000000000000000000000000000000000000000000000000000000000000000000000000000000000000000000000000000000000000000000000000000000000
310
0000000000000000000000001E1E1E000000000000001E1E1E0000001E1E1E1E1E0000001E1E1E1E00001E1E1E1E00001E1E1E1E1E00001E1E1E1E00001E1E1E1E1E00001E1E1E1E1E000000001E1E00000000000000001E1E0000000000000000000000000000000000000000000000000000000000000000000000000000
310
00000000000000000000000000000000000000000000000000000000000000000000000000000000000000000000000000000000000000000000000000000000000000000000000000000000000000000000000000000000000000000000000000000000000000000000000000000000000000000000000000000000000000
310
00000000000000000000000000000000000000000000000000000000000000000000000000000000000000000000000000000000000000000000000000000000000000000000000000000000000000000000000000000000000000000000000000000000000000000000000000000000000000000000000000070000070700
310
1E00000000000000000000000000000000000000000000000000000000000000000000000000000000000000000000000000000000000000000000001E000700000000000000000000000000000000000000000000000000000000000000000000000000000000000000000000000000000000000000000000000000000000
310
000000000000000000000000000000001E00000000000000000000001E0000001E000000000000000000000000000000000000000000000000000000070707070707070707070707070707001E000000001E000000000000000000001E00000000000000000000000000000000000000000000000000000000000000000000
310
00000000000000000000000000000000000000000000000000000000000000000000000000000000000000000000000000000000000000000000000000000000000000000000000000000000000000000000000000000000000000000000000000000000000000000000000000000000000000000000000000000000000000
310
00000000000000000000000000000000000000000000000000000000000000000000000000000000000000000000000000000000000000000000000000000000000000000000000000000000000000000000000000000000000000000000000000000000000000000000000000000000000000000000000000000000000700
310
001E07001E00000000000000000000000000000000000000000000000000000000000000000000000000000000000000000000000000000000000000000000001E0007000000000000000000000000000000000000000000000000000000000000000000000000000000000000000000000000000000000000000000000000
310
00000000000000000000000000000000000000001E00000000000000000000001E0000001E070707070707070707070707070707070707070707070707070707071E1E0000000000000000001E1E07001E000000001E000000000000000000001E000000000000000000000000000000000000000000000000000000000000
310
00000000000000000000000000000000000000000000000000000000000000000000000000000000000000000000000000000000000000000000000000000000000000000000000000000000000000000000000000000000000000000000000000000000000000000000000000000000000000000000000000000000000000
310
00000000000000000000000000000000000000000000000000000000000000000000000000000000000000000000000000000000000000000000000000000000000000000000000000000000000000000000000000000000000000000000000000000000000000000000000000000000000000000000000000000000000000
310
00000700000707001E00000000000000000000000000000000000000000000000000000000000000000000000000000000000000000000000000000000000000000000001E00070000000000000000000000000000000000000000000000000000000000000000000000000000000000000000000000000000000000000000
310
0000000000000000000000000000000000000000000000001E00000000000000000000001E0000001E071E0000000000001E1E1E1E1E000000000000001E1E1E1E1E1E1E1E1E1E1E1E1E1E1E1E1E1E1E1E1E1E001E000000001E000000000000000000001E0000000000000000000000000000000000000000000000000000
310
00000000000000000000000000000000000000000000000000000000000000000000000000000000000000000000000000000000000000000000000000000000000000000000000000000000000000000000000000000000000000000000000000000000000000000000000000000000000000000000000000000000000000
310
00000000000000000000000000000000000000000000000000000000000000000000000000000000000000000000000000000000000000000000000000000000000000000000000000000000000000000000000000000000000000000000000000000000000000000000000000000000000000000000000000000000000000
310
0000000000000700000707001E00000000000000000000000000000000000000000000000000000000000000000000000000000000000000000000000000000000000000000000001E000700000000000000000000000000000000000000000000000000000000000000000000000000000000000000000000000000000000
310
000000000000000000000000000000000000000000000000000000001E00000000000000000000001E0000001E07000000000000001E0000001E000000000000001E0000001E00071E000000000000000000000000001E001E000000001E000000000000000000001E00000000000000000000000000000000000000000000
310
00000000000000000000000000000000000000000000000000000000000000000000000000000000000000000000000000000000000000000000000000000000000000000000000000000000000000000000000000000000000000000000000000000000000000000000000000000000000000000000000000000000000000
310
00000000000000000000000000000000000000000000000000000000000000000000000000000000000000000000000000000000000000000000000000000000000000000000000000000000000000000000000000000000000000000000000000000000000000000000000000000000000000000000000000000000000000
310
000000000000000000000700001E1E001E00000000000000000000000000000000000000000000000000000000000000000000000000000000000000000000000000000000000000000000001E0007000000000000000000000000000000000000000000000000000000000000000000000000000000000000000000000000
310
000000000000000000000000000000000000000000000000000000000000001E1E00000000000000000000001E1E00001E1E000000000000001E0000001E000000000000001E0000001E00071E000000000000000000000000001E1E1E0000001E1E000000000000000000001E1E0000000000000000000000000000000000
310
00000000000000000000000000000000000000000000000000000000000000000000000000000000000000000000000000000000000000000000000000000000000000000000000000000000000000000000000000000000000000000000000000000000000000000000000000000000000000000000000000000000000000
310
00000000000000000000000000000000000000000000000000000000000000000000000000000000000000000000000000000000000000000000000000000000000000000000000000000000000000000000000000000000000000000000000000000000000000000000000000000000000000000000000000000000000000
310
00000000000000000000000000000700001E1E001E00000000000000000000000000000000000000000000000000000000000000000000000000000000000000000000000000000000000000000000001E00070000000000000000000000000000000000000000000000000000000000000000000000000000000000000000
310
00000000000000000000000000000000000000000000000000000000000000000000001E000000000000000000000000001E0000001E000000000000001E0000001E000000000000001E0000001E00071E000000000000000000000000001E1E000000001E0000000000000000000000001E00000000000000000000000000
310
00000000000000000000000000000000000000000000000000000000000000000000000000000000000000000000000000000000000000000000000000000000000000000000000000000000000000000000000000000000000000000000000000000000000000000000000000000000000000000000000000000000000000
310
00000000000000000000000000000000000000000000000000000000000000000000000000000000000000000000000000000000000000000000000000000000000000000000000000000000000000000000000000000000000000000000000000000000000000000000000000000000000000000000000000000000000000
310
0000000000000000000000000000000000000700001E1E001E00000000000000000000000000000000000000000000000000000000000000000000000000000000000000000000000000000000000000000000001E000700000000000000000000000000000000000000000000000000000000000000000000000000000000
310
0000000000000000000000000000000000000000000000000000000000000000000000000000001E000000000000000000000000001E0000001E000000000000001E0000001E000000000000001E0000001E00071E000000000000000000000000001E1E000000001E0000000000000000000000001E000000000000000000
310
00000000000000000000000000000000000000000000000000000000000000000000000000000000000000000000000000000000000000000000000000000000000000000000000000000000000000000000000000000000000000000000000000000000000000000000000000000000000000000000000000000000000000
310
00000000000000000000000000000000000000000000000000000000000000000000000000000000000000000000000000000000000000000000000000000000000000000000000000000000000000000000000000000000000000000000000000000000000000000000000000000000000000000000000000000000000000
310
000000000000000000000000000000000000000000000700001E1E001E00000000000000000000000000000000000000000000000000000000000000000000000000000000000000000000000000000000000000000000001E0007000000000000000000000000000000000000000000000000000000000000000000000000
310
000000000000000000000000000000000000000000000000000000000000000000000000000000000000001E1E00000000000000000000001E1E00001E1E00001E1E1E1E1E1E1E1E1E1E1E1E1E1E1E00001E0707070707071E000000000000000000000000001E1E1E0000001E1E000000000000000000001E1E0000000000
310
00000000000000000000000000000000000000000000000000000000000000000000000000000000000000000000000000000000000000000000000000000000000000000000000000000000000000000000000000000000000000000000000000000000000000000000000000000000000000000000000000000000000000
310
00000000000000000000000000000000000000000000000000000000000000000000000000000000000000000000000000000000000000000000000000000000000000000000000000000000000000000000000000000000000000000000000000000000000000000000000000000000000000000000000000000000000000
310
00000000000000000000000000000000000000000000000000000700001E1E001E00000000000000000000000000000000000000000000000000000000000000000000000000000000000000000000000000000000000000000000001E00070000000000000000000000000000000000000000000000000000000000000000
310
0000000000000000000000000000000000000000000000000000000000000000000000000000000000000000000000001E00000000000000000000001E0000001E0700001E0000001E1E0000001E1E0000001E0000000707070707071E000000000000000000000000001E001E000000001E000000000000000000001E0000
310
00000000000000000000000000000000000000000000000000000000000000000000000000000000000000000000000000000000000000000000000000000000000000000000000000000000000000000000000000000000000000000000000000000000000000000000000000000000000000000000000000000000000000
310
00000000000000000000000000000000000000000000000000000000000000000000000000000000000000000000000000000000000000000000000000000000000000000000000000000000000000000000000000000000000000000000000000000000000000000000000000000000000000000000000000000000000000
310
0000000000000000000000000000000000000000000000000000000000000700001E1E1E1E00000000000000000000000000000000000000000000000000000000000000000000000000000000000000000000000000000000000000000000001E000700000000000000000000000000000000000000000000000000000000
310
000000000000000000000000000000000000000000000000000000000000000000000000000000000000000000000000000000001E00000000000000000000001E0000001E0700001E0000001E1E0000001E1E0000001E0007070707070707071E000000000000000000000000001E001E000000001E000000000000000000
310
001E0000000000000000000000000000000000000000000000000000000000000000000000000000000000000000000000000000000000000000000000000000000000000000000000000000000000000000000000000000000000000000000000000000000000000000000000000000000000000000000000000000000000
310
00000000000000000000000000000000000000000000000000000000000000000000000000000000000000000000000000000000000000000000000000000000000000000000000000000000000000000000000000000000000000000000000000000000000000000000000000000000000000000000000000000000000000
310
000000000000000000000000000000000000000000000000000000000000000000000700001E1E001E00000000000000000000000000000000000000000000000000000000000000000000000000000000000000000000000000000000000000000000001E0007000000000000000000000000000000000000000000000000
310
00000000000000000000000000000000000000000000000000000000000000000000000000000000000000000000000000000000000000001E00000000000000000000001E0000001E0700001E0000001E1E0000001E1E0000001E0007070707070707071E000000000000000000000000001E001E000000001E0000000000
310
00000000001E00000000000000000000000000000000000000000000000000000000000000000000000000000000000000000000000000000000000000000000000000000000000000000000000000000000000000000000000000000000000000000000000000000000000000000000000000000000000000000000000000
310
00000000000000000000000000000000000000000000000000000000000000000000000000000000000000000000000000000000000000000000000000000000000000000000000000000000000000000000000000000000000000000000000000000000000000000000000000000000000000000000000000000000000000
310
00000000000000000000000000000000000000000000000000000000000000000000000000000700001E1E001E00000000000000000000000000000000000000000000000000000000000000000000000000000000000000000000000000000000000000000000001E00070000000000000000000000000000000000000000
310
0000000000000000000000000000000000000000000000000000000000000000000000000000000000000000000000000000000000000000000000001E00000000000000000000001E0000001E0700001E1E1E1E1E1E1E1E1E1E1E1E1E1E1E0000070000000000071E000000000000000000000000001E001E000000001E00
310
0000000000000000001E000000000000000000000000000000000000000000000000000000000000000000000000000000000000000000000000000000000000000000000000000000000000000000000000000000000000000000000000000000000000000000000000000000000000000000000000000000000000000000
310
00000000000000000000000000000000000000000000000000000000000000000000000000000000000000000000000000000000000000000000000000000000000000000000000000000000000000000000000000000000000000000000000000000000000000000000000000000000000000000000000000000000000000
310
0000000000000000000000000000000000000000000000000000000000000000000000000000000000000700001E1E001E00000000000000000000000000000000000000000000000000000000000000000000000000000000000000000000000000000000000000000000001E000700000000000000000000000000000000
310
000000000000000000000000000000000000000000000000000000000000000000000000000000000000000000000000000000000000000000000000000000001E00000000000000000000001E0000001E07000000000000001E1E1E1E1E00000000000000000000000000071E000000000000000000000000001E001E0000
310
00001E000000000000000000001E0000000000000000000000000000000000000000000000000000000000000000000000000000000000000000000000000000000000000000000000000000000000000000000000000000000000000000000000000000000000000000000000000000000000000000000000000000000000
310
00000000000000000000000000000000000000000000000000000000000000000000000000000000000000000000000000000000000000000000000000000000000000000000000000000000000000000000000000000000000000000000000000000000000000000000000000000000000000000000000000000000000000
310
000000000000000000000000000000000000000000000000000000000000000000000000000000000000000000000700001E1E001E00000000000000000000000000000000000000000000000000000000000000000000000000000000000000000000000000000000000000000000001E0007000000000000000000000000
310
00000000000000000000000000000000000000000000000000000000000000000000000000000000000000000000000000000000000000000000000000000000000000001E00000000000000000000001E0000001E07000000000000001E0000001E0000000000000000001E000000071E000000000000000000000000001E
310
001E000000001E000000000000000000001E00000000000000000000000000000000000000000000000000000000000000000000000000000000000000000000000000000000000000000000000000000000000000000000000000000000000000000000000000000000000000000000000000000000000000000000000000
310
00000000000000000000000000000000000000000000000000000000000000000000000000000000000000000000000000000000000000000000000000000000000000000000000000000000000000000000000000000000000000000000000000000000000000000000000000000000000000000000000000000000000000
310
00000000000000000000000000000000000000000000000000000000000000000000000000000000000000000000000000000700000707001E00000000000000000000000000000000000000000000000000000000000000000000000000000000000000000000000000000000000000000000001E00070000000000000000
310
0000000000000000000000000000000000000000000000000000000000000000000000000000000000000000000000000000000000000000000000000000000000000000000000001E00000000000000000000001E0000001E07000000000000001E0000001E00000000000000001E1E000000071E00000000000000000000
310
0000001E001E000000001E000000000000000000001E000000000000000000000000000000000000000000000000000000000000000000000000000000000000000000000000000000000000000000000000000000000000000000000000000000000000000000000000000000000000000000000000000000000000000000
310
00000000000000000000000000000000000000000000000000000000000000000000000000000000000000000000000000000000000000000000000000000000000000000000000000000000000000000000000000000000000000000000000000000000000000000000000000000000000000000000000000000000000000
310
0000000000000000000000000000000000000000000000000000000000000000000000000000000000000000000000000000000000000700000707001E00000000000000000000000000000000000000000000000000000000000000000000000000000000000000000000000000000000000000000000001E000700000000
310
0000000000000000000000000000000000000000000000000000000000000000000000000000000000000000000000000000000000000000000000000000000000000000000000000000001E1E00000000000000000000001E1E00001E1E000000000000001E0000001E00000000000000001E1E000000071E000000000000
310
000000000000001E1E1E0000001E1E000000000000000000001E1E00000000000000000000000000000000000000000000000000000000000000000000000000000000000000000000000000000000000000000000000000000000000000000000000000000000000000000000000000000000000000000000000000000000
310
00000000000000000000000000000000000000000000000000000000000000000000000000000000000000000000000000000000000000000000000000000000000000000000000000000000000000000000000000000000000000000000000000000000000000000000000000000000000000000000000000000000000000
310
000000000000000000000000000000000000000000000000000000000000000000000000000000000000000000000000000000000000000000000700000707001E00000000000000000000000000000000000000000000000000000000000000000000000000000000000000000000000000000000000000000000001E0007
310
000000000000000000000000000000000000000000000000000000000000000000000000000000000000000000000000000000000000000000000000000000000000000000000000000000000000001E000000000000000000000000001E0000001E000000000000001E1E1E1E1E00000000000000000000000000071E0000
310
00000000000000000000001E1E000000001E0000000000000000000000001E000000000000000000000000000000000000000000000000000000000000000000000000000000000000000000000000000000000000000000000000000000000000000000000000000000000000000000000000000000000000000000000000
310
00000000000000000000000000000000000000000000000000000000000000000000000000000000000000000000000000000000000000000000000000000000000000000000000000000000000000000000000000000000000000000000000000000000000000000000000000000000000000000000000000000000000000
310
00000000000000000000000000000000000000000000000000000000000000000000000000000000000000000000000000000000000000000000000000000700000707001E00000000000000000000000000000000000000000000000000000000000000000000000000000000000000000000000000000000000000000000
310
001E0007000000000000000000000000000000000000000000000000000000000000000000000000000000000000000000000000000000000000000000000000000000000000000000000000000000000000001E000000000000000000000000001E0000001E00000000000000000000000000000000000000000000000000
310
071E000000000000000000000000001E1E000000001E0000000000000000000000001E0000000000000000000000000000000000000000000000000000000000000000000000000000000000000000000000000000000000000000000000000000000000000000000000000000000000000000000000000000000000000000
310
00000000000000000000000000000000000000000000000000000000000000000000000000000000000000000000000000000000000000000000000000000000000000000000000000000000000000000000000000000000000000000000000000000000000000000000000000000000000000000000000000000000000000
310
0000000000000000000000000000000000000000000000000000000000000000000000000000000000000000000000000000000000000000000000000000000000000700001E1E001E000000000000000000000000000000000000000000000000000000000000000000000000000000000000000000000000000000000000
310
00000000001E0007000000000000000000000000000000000000000000000000000000000000000000000000000000000000000000000000000000000000000000000000000000000000000000000000000000000000001E1E00000000000000000000001E1E00001E1E000000000000000000000000000000000000000000
310
00000000071E000000000000000000000000001E1E1E0000001E1E000000000000000000001E1E00000000000000000000000000000000000000000000000000000000000000000000000000000000000000000000000000000000000000000000000000000000000000000000000000000000000000000000000000000000
310
00000000000000000000000000000000000000000000000000000000000000000000000000000000000000000000000000000000000000000000000000000000000000000000000000000000000000000000000000000000000000000000000000000000000000000000000000000000000000000000000000000000000000
310
000000000000000000000000000000000000000000000000000000000000000000000000000000000000000000000000000000000000000000000000000000000000000000000700000707001E0000000000000000000000000000000000000000000000000000000000000000000000000000000000000000000000000000
310
0000000000000000001E000700000000000000000000000000000000000000000000000000000000000000000000000000000000000000000000000000000000000000000000000000000000000000000000000000000000000000001E00000000000000000000001E0000001E070000000000000000000000000000000000
310
0000000000000000071E000000000000000000000000001E001E000000001E000000000000000000001E00000000000000000000000000000000000000000000000000000000000000000000000000000000000000000000000000000000000000000000000000000000000000000000000000000000000000000000000000
310
00000000000000000000000000000000000000000000000000000000000000000000000000000000000000000000000000000000000000000000000000000000000000000000000000000000000000000000000000000000000000000000000000000000000000000000000000000000000000000000000000000000000000
310
00000000000000000000000000000000000000000000000000000000000000000000000000000000000000000000000000000000000000000000000000000000000000000000000000000700000707001E00000000000000000000000000000000000000000000000000000000000000000000000000000000000000000000
310
000000000000000000000000001E000700000000000000000000000000000000000000000000000000000000000000000000000000000000000000000000000000000000000000000000000000000000000000000000000000000000000000001E00000000000000000000001E0000001E071E000000000000000000000000
310
00000000000000000000001E1E1E1E1E1E1E1E1E1E1E1E1E1E1E1E1E001E000000001E000000000000000000001E000000000000000000000000000000000000000000000000000000000000000000000000000000000000000000000000000000000000000000000000000000000000000000000000000000000000000000
310
00000000000000000000000000000000000000000000000000000000000000000000000000000000000000000000000000000000000000000000000000000000000000000000000000000000000000000000000000000000000000000000000000000000000000000000000000000000000000000000000000000000000000
310
0000000000000000000000000000000000000000000000000000000000000000000000000000000000000000000000000000000000000000000000000000000000000000000000000000000000000700000707001E000000000000000000000000000000000000000000000000000000000000000000000000000000000000
310
00000000000000000000000000000000001E000700000000000000000000000000000000000000000000000000000000000000000000000000000000000000000000000000000000000000000000000000000000000000000000000000000000000000001E00000000000000000000001E0000001E07070707070707070707
310
0707070707070707070707070707070707071E1E0000000000000000001E1E07001E000000001E000000000000000000001E0000000000000000000000000000000000000000000000000000000000000000000000000000000000000000000000000000000000000000000000000000000000000000000000000000000000
310
00000000000000000000000000000000000000000000000000000000000000000000000000000000000000000000000000000000000000000000000000000000000000000000000000000000000000000000000000000000000000000000000000000000000000000000000000000000000000000000000000000000000000
310
000000000000000000000000000000000000000000000000000000000000000000000000000000000000000000000000000000000000000000000000000000000000000000000000000000000000000000000700000707001E0000000000000000000000000000000000000000000000000000000000000000000000000000
310
0000000000000000000000000000000000000000001E000700000000000000000000000000000000000000000000000000000000000000000000000000000000000000000000000000000000000000000000000000000000000000000000000000000000000000001E00000000000000000000001E0000001E000000000000
310
000000000000000000000000000000000000000000071E1E0707070707070707071E1E07001E000000001E000000000000000000001E00000000000000000000000000000000000000000000000000000000000000000000000000000000000000000000000000000000000000000000000000000000000000000000000000
310
00000000000000000000000000000000000000000000000000000000000000000000000000000000000000000000000000000000000000000000000000000000000000000000000000000000000000000000000000000000000000000000000000000000000000000000000000000000000000000000000000000000000000
310
00000000000000000000000000000000000000000000000000000000000000000000000000000000000000000000000000000000000000000000000000000000000000000000000000000000000000000000000000000700000707001E1E1E1E1E1E1E1E1E1E1E1E1E1E1E1E1E1E1E1E1E1E1E1E0000000000000000000000
310
000000000000000000000000000000000000000000000000001E000700000000000000000000000000000000000000000000000000000000000000000000000000000000000000000000000000000000000000000000000000000000000000000000000000000000000000001E1E1E000000000000001E1E1E0000001E1E1E
310
1E1E0000001E1E1E1E00001E1E1E1E00001E1E1E1E1E00001E1E1E1E00001E1E1E1E1E00001E1E1E1E1E000000001E1E00000000000000001E1E000000000000000000000000000000000000000000000000000000000000000000000000000000000000000000000000000000000000000000000000000000000000000000
310
00000000000000000000000000000000000000000000000000000000000000000000000000000000000000000000000000000000000000000000000000000000000000000000000000000000000000000000000000000000000000000000000000000000000000000000000000000000000000000000000000000000000000
310
0000000000000000000000000000000000000000000000000000000000000000000000000000000000000000000000000000000000000000000000000000000000000000000000000000000000000000000000000000000000000700000707001E000000000000000000000000000000000000000000001E00000000000000
310
00000000000000000000000000000000000000000000000000000000001E0007000000000000000000000000000000000000000000000000000000000000000000000000000000000000000000000000000000000000000000000000000000000000000000000000000000000000000000001E1E1E1E1E1E1E1E1E00000000
310
00000000001E1E1E1E1E00001E1E1E1E00001E1E1E1E0000001E1E1E1E00001E1E1E1E0000001E1E1E1E0000000000000000001E1E1E1E1E1E1E1E1E1E000000000000000000000000000000000000000000000000000000000000000000000000000000000000000000000000000000000000000000000000000000000000
310
00000000000000000000000000000000000000000000000000000000000000000000000000000000000000000000000000000000000000000000000000000000000000000000000000000000000000000000000000000000000000000000000000000000000000000000000000000000000000000000000000000000000000
310
000000000000000000000000000000000000000000000000000000000000000000000000000000000000000000000000000000000000000000000000000000000000000000000000000000000000000000000000000000000000000000000700001E1E001E000000000000000000000000000000000000000000001E000000
310
0000000000000000000000000000000000000000000000000000000000000000001E000700000000000000000000000000000000000000000000000000000000000000000000000000000000000000000000000000000000000000000000000000000000000000000000000000000000000000000000000000000000000000
310
00000000000000000000000000000000000000000000000000000000000000000000000000000000000000000000000000000000000000000000000000000000000000000000000000000000000000000000000000000000000000000000000000000000000000000000000000000000000000000000000000000000000000
310
00000000000000000000000000000000000000000000000000000000000000000000000000000000000000000000000000000000000000000000000000000000000000000000000000000000000000000000000000000000000000000000000000000000000000000000000000000000000000000000000000000000000000
310
00000000000000000000000000000000000000000000000000000000000000000000000000000000000000000000000000000000000000000000000000000000000000000000000000000000000000000000000000000000000000000000000000000700001E07001E00000000000000000000000000000000000000000000
310
1E0000000000000000000000000000000000000000000000000000000000000000000000001E0007000000000000000000000000000000000000000000000000000000000000000000000000000000000000000000000000000000000000000000000000000000000000000000000000000000000000000000000000000000
310
00000000000000000000000000000000000000000000000000000000000000000000000000000000000000000000000000000000000000000000000000000000000000000000000000000000000000000000000000000000000000000000000000000000000000000000000000000000000000000000000000000000000000
310
00000000000000000000000000000000000000000000000000000000000000000000000000000000000000000000000000000000000000000000000000000000000000000000000000000000000000000000000000000000000000000000000000000000000000000000000000000000000000000000000000000000000000
310
0000000000000000000000000000000000000000000000000000000000000000000000000000000000000000000000000000000000000000000000000000000000000000000000000000000000000000000000000000000000000000000000000000000000000700001E1E001E000000000000000000000000000000000000
310
000000001E0000000000000000000000000000000000000000000000000000000000000000000000001E00070000000000000000000000000000000000000000000000000000000000000000000000000000000000000000000000000000000000000000000000000000000000000000000000000000000000000000000000
310
00000000000000000000000000000000000000000000000000000000000000000000000000000000000000000000000000000000000000000000000000000000000000000000000000000000000000000000000000000000000000000000000000000000000000000000000000000000000000000000000000000000000000
310
00000000000000000000000000000000000000000000000000000000000000000000000000000000000000000000000000000000000000000000000000000000000000000000000000000000000000000000000000000000000000000000000000000000000000000000000000000000000000000000000000000000000000
310
000000000000000000000000000000000000000000000000000000000000000000000000000000000000000000000000000000000000000000000000000000000000000000000000000000000000000000000000000000000000000000000000000000000000000000000700001E1E1E1E1E1E1E1E1E1E1E1E1E1E1E1E1E1E
310
1E1E1E1E1E1E1E1E1E1E1E1E1E1E1E1E1E1E1E1E1E1E1E1E1E1E1E1E1E1E1E1E1E1E1E1E1E1E1E1E1E1E1E1E1E1E000700000000000000000000000000000000000000000000000000000000000000000000000000000000000000000000000000000000000000000000000000000000000000000000000000000000000000
310
00000000000000000000000000000000000000000000000000000000000000000000000000000000000000000000000000000000000000000000000000000000000000000000000000000000000000000000000000000000000000000000000000000000000000000000000000000000000000000000000000000000000000
310
00000000000000000000000000000000000000000000000000000000000000000000000000000000000000000000000000000000000000000000000000000000000000000000000000000000000000000000000000000000000000000000000000000000000000000000000000000000000000000000000000000000000000
310
00000000000000000000000000000000000000000000000000000000000000000000000000000000000000000000000000000000000000000000000000000000000000000000000000000000000000000000000000000000000000000000000000000000000000000000000000000700000000000000000000000000000000
310
00000000000000000000000000000000000000000000000000000000000000000000000000000000000000000000000000000007000000000000000000000000000000000000000000000000000000000000000000000000000000000000000000000000000000000000000000000000000000000000000000000000000000
310
00000000000000000000000000000000000000000000000000000000000000000000000000000000000000000000000000000000000000000000000000000000000000000000000000000000000000000000000000000000000000000000000000000000000000000000000000000000000000000000000000000000000000
310
00000000000000000000000000000000000000000000000000000000000000000000000000000000000000000000000000000000000000000000000000000000000000000000000000000000000000000000000000000000000000000000000000000000000000000000000000000000000000000000000000000000000000
310
00000000000000000000000000000000000000000000000000000000000000000000000000000000000000000000000000000000000000000000000000000000000000000000000000000000000000000000000000000000000000000000000000000000000000000000000000000000000007070707070707070707070707
310
07070707070707070707070707070707070707070707070707070707070707070707070707070707070707070707070707070707070707070000000000000000000000000000000000000000000000000000000000000000000000000000000000000000000000000000000000000000000000000000000000000000000000
310
000000000000000000000000000000000000000000000000001E1E1E1E1E0000001E1E1E1E00001E1E1E1E00001E1E1E1E1E00001E1E1E1E00001E1E1E1E1E00001E1E1E1E1E000000000000000000000000000000000000000000000000000000000000000000000000000000000000000000000000000000000000000000
310
00000000000000000000000000000000000000000000000000000000000000000000000000000000000000000000000000000000000000000000000000000000000000000000000000000000000000000000000000000000000000000000000000000000000000000000000000000000000000000000000000000000000000
310
00000000000000000000000000000000000000000000000000000000000000000000000000000000000000000000000000000000000000000000000000000000000000000000000000000000000000000000000000000000000000000000000000000000000000000000000000000000000000000000000000000000000000
310
00000000000000000000000000000000000000000000000000000000000000000000000000000000000000000000000000000000000000000000000000000000000000000000000000000000000000000000000000000000000000000000000000000000000000000000000000000000000000000000000000000000000000
310
00000000000000000000000000000000000000000000000000000000001E0000001E1E1E1E1E00001E1E1E1E00001E1E1E1E0000001E1E1E1E00001E1E1E1E0000001E1E1E1E0000001E0000000000000000000000000000000000000000000000000000000000000000000000000000000000000000000000000000000000
310
00000000000000000000000000000000000000000000000000000000000000000000000000000000000000000000000000000000000000000000000000000000000000000000000000000000000000000000000000000000000000000000000000000000000000000000000000000000000000000000000000000000000000
310
00000000000000000000000000000000000000000000000000000000000000000000000000000000000000000000000000000000000000000000000000000000000000000000000000000000000000000000000000000000000000000000000000000000000000000000000000000000000000000000000000000000000000
310
00000000000000000000000000000000000000000000000000000000000000000000000000000000000000000000000000000000000000000000000000000000000000000000000000000000000000000000000000000000000000000000000000000000000000000000000000000000000000000000000000000000000000
310
0000000000000000000000000000000000000000000000000000000000000000001E1E00000000000000000000000000000000000000000000000000000000000000000000000000000000001E1E00000000000000000000000000000000000000000000000000000000000000000000000000000000000000000000000000
310
00000000000000000000000000000000000000000000000000000000000000000000000000000000000000000000000000000000000000000000000000000000000000000000000000000000000000000000000000000000000000000000000000000000000000000000000000000000000000000000000000000000000000
310
00000000000000000000000000000000000000000000000000000000000000000000000000000000000000000000000000000000000000000000000000000000000000000000000000000000000000000000000000000000000000000000000000000000000000000000000000000000000000000000000000000000000000
310
00000000000000000000000000000000000000000000000000000000000000000000000000000000000000000000000000000000000000000000000000000000000000000000000000000000000000000000000000000000000000000000000000000000000000000000000000000000000000000000000000000000000000
310
00000000000000000000000000000000000000000000000000000000000000000000000000001E00000000000000000000000000000000000000000000000000000000000000000000000000000000001E00000000000000000000000000000000000000000000000000000000000000000000000000000000000000000000
310
00000000000000000000000000000000000000000000000000000000000000000000000000000000000000000000000000000000000000000000000000000000000000000000000000000000000000000000000000000000000000000000000000000000000000000000000000000000000000000000000000000000000000
310
00000000000000000000000000000000000000000000000000000000000000000000000000000000000000000000000000000000000000000000000000000000000000000000000000000000000000000000000000000000000000000000000000000000000000000000000000000000000000000000000000000000000000
310
00000000000000000000000000000000000000000000000000000000000000000000000000000000000000000000000000000000000000000000000000000000000000000000000000000000000000000000000000000000000000000000000000000000000000000000000000000000000000000000000000000000000000
310
0000000000000000000000000000000000000000000000000000000000000000000000000000000000001E00000000000000000000000000000000000000000000000000000000000000000000000000000000001E000000000000000000000000000000000000000000000000000000000000000000000000000000000000
310
00000000000000000000000000000000000000000000000000000000000000000000000000000000000000000000000000000000000000000000000000000000000000000000000000000000000000000000000000000000000000000000000000000000000000000000000000000000000000000000000000000000000000
310
00000000000000000000000000000000000000000000000000000000000000000000000000000000000000000000000000000000000000000000000000000000000000000000000000000000000000000000000000000000000000000000000000000000000000000000000000000000000000000000000000000000000000
310
00000000000000000000000000000000000000000000000000000000000000000000000000000000000000000000000000000000000000000000000000000000000000000000000000000000000000000000000000000000000000000000000000000000000000000000000000000000000000000000000000000000000000
310
000000000000000000000000000000000000000000000000000000000000000000000000000000000000000000001E00000000000000000000000000000000000000000000000000000000000000000000000000000000001E0000000000000000000000000000000000000000000000000000000000000000000000000000
310
00000000000000000000000000000000000000000000000000000000000000000000000000000000000000000000000000000000000000000000000000000000000000000000000000000000000000000000000000000000000000000000000000000000000000000000000000000000000000000000000000000000000000
310
00000000000000000000000000000000000000000000000000000000000000000000000000000000000000000000000000000000000000000000000000000000000000000000000000000000000000000000000000000000000000000000000000000000000000000000000000000000000000000000000000000000000000
310
00000000000000000000000000000000000000000000000000000000000000000000000000000000000000000000000000000000000000000000000000000000000000000000000000000000000000000000000000000000000000000000000000000000000000000000000000000000000000000000000000000000000000
310
00000000000000000000000000000000000000000000000000000000000000000000000000000000000000000000000000001E0000001E1E0000000000000000000000000000001E1E00000000000000000000000000001E1E0000001E00000000000000000000000000000000000000000000000000000000000000000000
310
00000000000000000000000000000000000000000000000000000000000000000000000000000000000000000000000000000000000000000000000000000000000000000000000000000000000000000000000000000000000000000000000000000000000000000000000000000000000000000000000000000000000000
310
00000000000000000000000000000000000000000000000000000000000000000000000000000000000000000000000000000000000000000000000000000000000000000000000000000000000000000000000000000000000000000000000000000000000000000000000000000000000000000000000000000000000000
310
00000000000000000000000000000000000000000000000000000000000000000000000000000000000000000000000000000000000000000000000000000000000000000000000000000000000000000000000000000000000000000000000000000000000000000000000000000000000000000000000000000000000000
310
0000000000000000000000000000000000000000000000000000000000000000000000000000000000000000000000000000000000001E000000001E0000000000000000000000000000001E0000000000000000000000000000001E1E0000001E000000000000000000000000000000000000000000000000000000000000
310
00000000000000000000000000000000000000000000000000000000000000000000000000000000000000000000000000000000000000000000000000000000000000000000000000000000000000000000000000000000000000000000000000000000000000000000000000000000000000000000000000000000000000
310
00000000000000000000000000000000000000000000000000000000000000000000000000000000000000000000000000000000000000000000000000000000000000000000000000000000000000000000000000000000000000000000000000000000000000000000000000000000000000000000000000000000000000
310
00000000000000000000000000000000000000000000000000000000000000000000000000000000000000000000000000000000000000000000000000000000000000000000000000000000000000000000000000000000000000000000000000000000000000000000000000000000000000000000000000000000000000
310
000000000000000000000000000000000000000000000000000000000000000000000000000000000000000000000000000000000000000000001E00000000000000000000000000000000000000000000000000000000000000000000000000000000001E0000000000000000000000000000000000000000000000000000
310
00000000000000000000000000000000000000000000000000000000000000000000000000000000000000000000000000000000000000000000000000000000000000000000000000000000000000000000000000000000000000000000000000000000000000000000000000000000000000000000000000000000000000
310
00000000000000000000000000000000000000000000000000000000000000000000000000000000000000000000000000000000000000000000000000000000000000000000000000000000000000000000000000000000000000000000000000000000000000000000000000000000000000000000000000000000000000
310
00000000000000000000000000000000000000000000000000000000000000000000000000000000000000000000000000000000000000000000000000000000000000000000000000000000000000000000000000000000000000000000000000000000000000000000000000000000000000000000000000000000000000
310
00000000000000000000000000000000000000000000000000000000000000000000000000000000000000000000000000000000000000000000000000001E00000000000000000000000000000000000000000000000000000000000000000000000000000000001E00000000000000000000000000000000000000000000
310
00000000000000000000000000000000000000000000000000000000000000000000000000000000000000000000000000000000000000000000000000000000000000000000000000000000000000000000000000000000000000000000000000000000000000000000000000000000000000000000000000000000000000
310
00000000000000000000000000000000000000000000000000000000000000000000000000000000000000000000000000000000000000000000000000000000000000000000000000000000000000000000000000000000000000000000000000000000000000000000000000000000000000000000000000000000000000
310
00000000000000000000000000000000000000000000000000000000000000000000000000000000000000000000000000000000000000000000000000000000000000000000000000000000000000000000000000000000000000000000000000000000000000000000000000000000000000000000000000000000000000
310
00000000000000000000000000000000000000000000000000000000000000000000000000000000000000000000000000000000000000000000000000000000001E1E00000000000000000000000000000000000000000000000000000000000000000000000000000000001E1E0000000000000000000000000000000000
310
00000000000000000000000000000000000000000000000000000000000000000000000000000000000000000000000000000000000000000000000000000000000000000000000000000000000000000000000000000000000000000000000000000000000000000000000000000000000000000000000000000000000000
310
00000000000000000000000000000000000000000000000000000000000000000000000000000000000000000000000000000000000000000000000000000000000000000000000000000000000000000000000000000000000000000000000000000000000000000000000000000000000000000000000000000000000000
310
00000000000000000000000000000000000000000000000000000000000000000000000000000000000000000000000000000000000000000000000000000000000000000000000000000000000000000000000000000000000000000000000000000000000000000000000000000000000000000000000000000000000000
310
0000000000000000000000000000000000000000000000000000000000000000000000000000000000000000000000000000000000000000000000000000000000000000001E000000000000000000000000000000000000000000000000000000000000000000000000000000000000001E00000000000000000000000000
310
00000000000000000000000000000000000000000000000000000000000000000000000000000000000000000000000000000000000000000000000000000000000000000000000000000000000000000000000000000000000000000000000000000000000000000000000000000000000000000000000000000000000000
310
00000000000000000000000000000000000000000000000000000000000000000000000000000000000000000000000000000000000000000000000000000000000000000000000000000000000000000000000000000000000000000000000000000000000000000000000000000000000000000000000000000000000000
310
00000000000000000000000000000000000000000000000000000000000000000000000000000000000000000000000000000000000000000000000000000000000000000000000000000000000000000000000000000000000000000000000000000000000000000000000000000000000000000000000000000000000000
310
000000000000000000000000000000000000000000000000000000000000000000000000000000000000000000000000000000000000000000000000000000000000000000000000001E0000001E1E1E1E1E00001E1E1E1E00001E1E1E1E0000001E1E1E1E00001E1E1E1E0000001E1E1E1E0000001E000000000000000000
310
00000000000000000000000000000000000000000000000000000000000000000000000000000000000000000000000000000000000000000000000000000000000000000000000000000000000000000000000000000000000000000000000000000000000000000000000000000000000000000000000000000000000000
310
00000000000000000000000000000000000000000000000000000000000000000000000000000000000000000000000000000000000000000000000000000000000000000000000000000000000000000000000000000000000000000000000000000000000000000000000000000000000000000000000000000000000000
310
00000000000000000000000000000000000000000000000000000000000000000000000000000000000000000000000000000000000000000000000000000000000000000000000000000000000000000000000000000000000000000000000000000000000000000000000000000000000000000000000000000000000000
310
00000000000000000000000000000000000000000000000000000000000000000000000000000000000000000000000000000000000000000000000000000000000000000000000000000000001E1E1E1E1E0000001E1E1E1E00001E1E1E1E00001E1E1E1E1E00001E1E1E1E00001E1E1E1E1E00001E1E1E1E1E0000000000
310
00000000000000000000000000000000000000000000000000000000000000000000000000000000000000000000000000000000000000000000000000000000000000000000000000000000000000000000000000000000000000000000000000000000000000000000000000000000000000000000000000000000000000
310
00000000000000000000000000000000000000000000000000000000000000000000000000000000000000000000000000000000000000000000000000000000000000000000000000000000000000000000000000000000000000000000000000000000000000000000000000000000000000000000000000000000000000
310
00000000000000000000000000000000000000000000000000000000000000000000000000000000000000000000000000000000000000000000000000000000000000000000000000000000000000000000000000000000000000000000000000000000000000000000000000000000000000000000000000000000000000
310
00000000000000000000000000000000000000000000000000000000000000000000000000000000000000000000000000000000000000000000000000000000000000000000000000000000000000000000000000000000000000000000000000000000000000000000000000000000000000000000000000000000000000
310
00000000000000000000000000000000000000000000000000000000000000000000000000000000000000000000000000000000000000000000000000000000000000000000000000000000000000000000000000000000000000000000000000000000000000000000000000000000000000000000000000000000000000
310
00000000000000000000000000000000000000000000000000000000000000000000000000000000000000000000000000000000000000000000000000000000000000000000000000000000000000000000000000000000000000000000000000000000000000000000000000000000000000000000000000000000000000
310
00000000000000000000000000000000000000000000000000000000000000000000000000000000000000000000000000000000000000000000000000000000000000000000000000000000000000000000000000000000000000000000000000000000000000000000000000000000000000000000000000000000000000
310
00000000000000000000000000000000000000000000000000000000000000000000000000000000000000000000000000000000000000000000000000000000000000000000000000000000000000000000000000000000000000000000000000000000000000000000000000000000000000000000000000000000000000
310
00000000000000000000000000000000000000000000000000000000000000000000000000000000000000000000000000000000000000000000000000000000000000000000000000000000000000000000000000000000000000000000000000000000000000000000000000000000000000000000000000000000000000
310
00000000000000000000000000000000000000000000000000000000000000000000000000000000000000000000000000000000000000000000000000000000000000000000000000000000000000000000000000000000000000000000000000000000000000000000000000000000000000000000000000000000000000
310
00000000000000000000000000000000000000000000000000000000000000000000000000000000000000000000000000000000000000000000000000000000000000000000000000000000000000000000000000000000000000000000000000000000000000000000000000000000000000000000000000000000000000
310
00000000000000000000000000000000000000000000000000000000000000000000000000000000000000000000000000000000000000000000000000000000000000000000000000000000000000000000000000000000000000000000000000000000000000000000000000000000000000000000000000000000000000
310
00000000000000000000000000000000000000000000000000000000000000000000000000000000000000000000000000000000000000000000000000000000000000000000000000000000000000000000000000000000000000000000000000000000000000000000000000000000000000000000000000000000000000
310
00000000000000000000000000000000000000000000000000000000000000000000000000000000000000000000000000000000000000000000000000000000000000000000000000000000000000000000000000000000000000000000000000000000000000000000000000000000000000000000000000000000000000
310
00000000000000000000000000000000000000000000000000000000000000000000000000000000000000000000000000000000000000000000000000000000000000000000000000000000000000000000000000000000000000000000000000000000000000000000000000000000000000000000000000000000000000
310
00000000000000000000000000000000000000000000000000000000000000000000000000000000000000000000000000000000000000000000000000000000000000000000000000000000000000000000000000000000000000000000000000000000000000000000000000000000000000000000000000000000000000
310
00000000000000000000000000000000000000000000000000000000000000000000000000000000000000000000000000000000000000000000000000000000000000000000000000000000000000000000000000000000000000000000000000000000000000000000000000000000000000000000000000000000000000
310
00000000000000000000000000000000000000000000000000000000000000000000000000000000000000000000000000000000000000000000000000000000000000000000000000000000000000000000000000000000000000000000000000000000000000000000000000000000000000000000000000000000000000
310
00000000000000000000000000000000000000000000000000000000000000000000000000000000000000000000000000000000000000000000000000000000000000000000000000000000000000000000000000000000000000000000000000000000000000000000000000000000000000000000000000000000000000
310
00000000000000000000000000000000000000000000000000000000000000000000000000000000000000000000000000000000000000000000000000000000000000000000000000000000000000000000000000000000000000000000000000000000000000000000000000000000000000000000000000000000000000
310
00000000000000000000000000000000000000000000000000000000000000000000000000000000000000000000000000000000000000000000000000000000000000000000000000000000000000000000000000000000000000000000000000000000000000000000000000000000000000000000000000000000000000
310
00000000000000000000000000000000000000000000000000000000000000000000000000000000000000000000000000000000000000000000000000000000000000000000000000000000000000000000000000000000000000000000000000000000000000000000000000000000000000000000000000000000000000
310
00000000000000000000000000000000000000000000000000000000000000000000000000000000000000000000000000000000000000000000000000000000000000000000000000000000000000000000000000000000000000000000000000000000000000000000000000000000000000000000000000000000000000
310
00000000000000000000000000000000000000000000000000000000000000000000000000000000000000000000000000000000000000000000000000000000000000000000000000000000000000000000000000000000000000000000000000000000000000000000000000000000000000000000000000000000000000
310
00000000000000000000000000000000000000000000000000000000000000000000000000000000000000000000000000000000000000000000000000000000000000000000000000000000000000000000000000000000000000000000000000000000000000000000000000000000000000000000000000000000000000
310
00000000000000000000000000000000000000000000000000000000000000000000000000000000000000000000000000000000000000000000000000000000000000000000000000000000000000000000000000000000000000000000000000000000000000000000000000000000000000000000000000000000000000
310
00000000000000000000000000000000000000000000000000000000000000000000000000000000000000000000000000000000000000000000000000000000000000000000000000000000000000000000000000000000000000000000000000000000000000000000000000000000000000000000000000000000000000
310
00000000000000000000000000000000000000000000000000000000000000000000000000000000000000000000000000000000000000000000000000000000000000000000000000000000000000000000000000000000000000000000000000000000000000000000000000000000000000000000000000000000000000
310
00000000000000000000000000000000000000000000000000000000000000000000000000000000000000000000000000000000000000000000000000000000000000000000000000000000000000000000000000000000000000000000000000000000000000000000000000000000000000000000000000000000000000
310
00000000000000000000000000000000000000000000000000000000000000000000000000000000000000000000000000000000000000000000000000000000000000000000000000000000000000000000000000000000000000000000000000000000000000000000000000000000000000000000000000000000000000
310
00000000000000000000000000000000000000000000000000000000000000000000000000000000000000000000000000000000000000000000000000000000000000000000000000000000000000000000000000000000000000000000000000000000000000000000000000000000000000000000000000000000000000
310
00000000000000000000000000000000000000000000000000000000000000000000000000000000000000000000000000000000000000000000000000000000000000000000000000000000000000000000000000000000000000000000000000000000000000000000000000000000000000000000000000000000000000
310
00000000000000000000000000000000000000000000000000000000000000000000000000000000000000000000000000000000000000000000000000000000000000000000000000000000000000000000000000000000000000000000000000000000000000000000000000000000000000000000000000000000000000
310
00000000000000000000000000000000000000000000000000000000000000000000000000000000000000000000000000000000000000000000000000000000000000000000000000000000000000000000000000000000000000000000000000000000000000000000000000000000000000000000000000000000000000
310
00000000000000000000000000000000000000000000000000000000000000000000000000000000000000000000000000000000000000000000000000000000000000000000000000000000000000000000000000000000000000000000000000000000000000000000000000000000000000000000000000000000000000
310
00000000000000000000000000000000000000000000000000000000000000000000000000000000000000000000000000000000000000000000000000000000000000000000000000000000000000000000000000000000000000000000000000000000000000000000000000000000000000000000000000000000000000
310
00000000000000000000000000000000000000000000000000000000000000000000000000000000000000000000000000000000000000000000000000000000000000000000000000000000000000000000000000000000000000000000000000000000000000000000000000000000000000000000000000000000000000
310
00000000000000000000000000000000000000000000000000000000000000000000000000000000000000000000000000000000000000000000000000000000000000000000000000000000000000000000000000000000000000000000000000000000000000000000000000000000000000000000000000000000000000
310
00000000000000000000000000000000000000000000000000000000000000000000000000000000000000000000000000000000000000000000000000000000000000000000000000000000000000000000000000000000000000000000000000000000000000000000000000000000000000000000000000000000000000
310
00000000000000000000000000000000000000000000000000000000000000000000000000000000000000000000000000000000000000000000000000000000000000000000000000000000000000000000000000000000000000000000000000000000000000000000000000000000000000000000000000000000000000
310
00000000000000000000000000000000000000000000000000000000000000000000000000000000000000000000000000000000000000000000000000000000000000000000000000000000000000000000000000000000000000000000000000000000000000000000000000000000000000000000000000000000000000
310
00000000000000000000000000000000000000000000000000000000000000000000000000000000000000000000000000000000000000000000000000000000000000000000000000000000000000000000000000000000000000000000000000000000000000000000000000000000000000000000000000000000000000
310
00000000000000000000000000000000000000000000000000000000000000000000000000000000000000000000000000000000000000000000000000000000000000000000000000000000000000000000000000000000000000000000000000000000000000000000000000000000000000000000000000000000000000
310
00000000000000000000000000000000000000000000000000000000000000000000000000000000000000000000000000000000000000000000000000000000000000000000000000000000000000000000000000000000000000000000000000000000000000000000000000000000000000000000000000000000000000
310
00000000000000000000000000000000000000000000000000000000000000000000000000000000000000000000000000000000000000000000000000000000000000000000000000000000000000000000000000000000000000000000000000000000000000000000000000000000000000000000000000000000000000
310
00000000000000000000000000000000000000000000000000000000000000000000000000000000000000000000000000000000000000000000000000000000000000000000000000000000000000000000000000000000000000000000000000000000000000000000000000000000000000000000000000000000000000
310
00000000000000000000000000000000000000000000000000000000000000000000000000000000000000000000000000000000000000000000000000000000000000000000000000000000000000000000000000000000000000000000000000000000000000000000000000000000000000000000000000000000000000
310
00000000000000000000000000000000000000000000000000000000000000000000000000000000000000000000000000000000000000000000000000000000000000000000000000000000000000000000000000000000000000000000000000000000000000000000000000000000000000000000000000000000000000
310
00000000000000000000000000000000000000000000000000000000000000000000000000000000000000000000000000000000000000000000000000000000000000000000000000000000000000000000000000000000000000000000000000000000000000000000000000000000000000000000000000000000000000
310
00000000000000000000000000000000000000000000000000000000000000000000000000000000000000000000000000000000000000000000000000000000000000000000000000000000000000000000000000000000000000000000000000000000000000000000000000000000000000000000000000000000000000
310
00000000000000000000000000000000000000000000000000000000000000000000000000000000000000000000000000000000000000000000000000000000000000000000000000000000000000000000000000000000000000000000000000000000000000000000000000000000000000000000000000000000000000
310
00000000000000000000000000000000000000000000000000000000000000000000000000000000000000000000000000000000000000000000000000000000000000000000000000000000000000000000000000000000000000000000000000000000000000000000000000000000000000000000000000000000000000
310
00000000000000000000000000000000000000000000000000000000000000000000000000000000000000000000000000000000000000000000000000000000000000000000000000000000000000000000000000000000000000000000000000000000000000000000000000000000000000000000000000000000000000
310
00000000000000000000000000000000000000000000000000000000000000000000000000000000000000000000000000000000000000000000000000000000000000000000000000000000000000000000000000000000000000000000000000000000000000000000000000000000000000000000000000000000000000
310
00000000000000000000000000000000000000000000000000000000000000000000000000000000000000000000000000000000000000000000000000000000000000000000000000000000000000000000000000000000000000000000000000000000000000000000000000000000000000000000000000000000000000
310
00000000000000000000000000000000000000000000000000000000000000000000000000000000000000000000000000000000000000000000000000000000000000000000000000000000000000000000000000000000000000000000000000000000000000000000000000000000000000000000000000000000000000
310
00000000000000000000000000000000000000000000000000000000000000000000000000000000000000000000000000000000000000000000000000000000000000000000000000000000000000000000000000000000000000000000000000000000000000000000000000000000000000000000000000000000000000
310
00000000000000000000000000000000000000000000000000000000000000000000000000000000000000000000000000000000000000000000000000000000000000000000000000000000000000000000000000000000000000000000000000000000000000000000000000000000000000000000000000000000000000
310
00000000000000000000000000000000000000000000000000000000000000000000000000000000000000000000000000000000000000000000000000000000000000000000000000000000000000000000000000000000000000000000000000000000000000000000000000000000000000000000000000000000000000
310
00000000000000000000000000000000000000000000000000000000000000000000000000000000000000000000000000000000000000000000000000000000000000000000000000000000000000000000000000000000000000000000000000000000000000000000000000000000000000000000000000000000000000
310
00000000000000000000000000000000000000000000000000000000000000000000000000000000000000000000000000000000000000000000000000000000000000000000000000000000000000000000000000000000000000000000000000000000000000000000000000000000000000000000000000000000000000
310
00000000000000000000000000000000000000000000000000000000000000000000000000000000000000000000000000000000000000000000000000000000000000000000000000000000000000000000000000000000000000000000000000000000000000000000000000000000000000000000000000000000000000
310
00000000000000000000000000000000000000000000000000000000000000000000000000000000000000000000000000000000000000000000000000000000000000000000000000000000000000000000000000000000000000000000000000000000000000000000000000000000000000000000000000000000000000
310
00000000000000000000000000000000000000000000000000000000000000000000000000000000000000000000000000000000000000000000000000000000000000000000000000000000000000000000000000000000000000000000000000000000000000000000000000000000000000000000000000000000000000
310
00000000000000000000000000000000000000000000000000000000000000000000000000000000000000000000000000000000000000000000000000000000000000000000000000000000000000000000000000000000000000000000000000000000000000000000000000000000000000000000000000000000000000
310
00000000000000000000000000000000000000000000000000000000000000000000000000000000000000000000000000000000000000000000000000000000000000000000000000000000000000000000000000000000000000000000000000000000000000000000000000000000000000000000000000000000000000
310
00000000000000000000000000000000000000000000000000000000000000000000000000000000000000000000000000000000000000000000000000000000000000000000000000000000000000000000000000000000000000000000000000000000000000000000000000000000000000000000000000000000000000
310
00000000000000000000000000000000000000000000000000000000000000000000000000000000000000000000000000000000000000000000000000000000000000000000000000000000000000000000000000000000000000000000000000000000000000000000000000000000000000000000000000000000000000
310
00000000000000000000000000000000000000000000000000000000000000000000000000000000000000000000000000000000000000000000000000000000000000000000000000000000000000000000000000000000000000000000000000000000000000000000000000000000000000000000000000000000000000
310
00000000000000000000000000000000000000000000000000000000000000000000000000000000000000000000000000000000000000000000000000000000000000000000000000000000000000000000000000000000000000000000000000000000000000000000000000000000000000000000000000000000000000
310
00000000000000000000000000000000000000000000000000000000000000000000000000000000000000000000000000000000000000000000000000000000000000000000000000000000000000000000000000000000000000000000000000000000000000000000000000000000000000000000000000000000000000
310
00000000000000000000000000000000000000000000000000000000000000000000000000000000000000000000000000000000000000000000000000000000000000000000000000000000000000000000000000000000000000000000000000000000000000000000000000000000000000000000000000000000000000
310
00000000000000000000000000000000000000000000000000000000000000000000000000000000000000000000000000000000000000000000000000000000000000000000000000000000000000000000000000000000000000000000000000000000000000000000000000000000000000000000000000000000000000
310
00000000000000000000000000000000000000000000000000000000000000000000000000000000000000000000000000000000000000000000000000000000000000000000000000000000000000000000000000000000000000000000000000000000000000000000000000000000000000000000000000000000000000
310
00000000000000000000000000000000000000000000000000000000000000000000000000000000000000000000000000000000000000000000000000000000000000000000000000000000000000000000000000000000000000000000000000000000000000000000000000000000000000000000000000000000000000
310
00000000000000000000000000000000000000000000000000000000000000000000000000000000000000000000000000000000000000000000000000000000000000000000000000000000000000000000000000000000000000000000000000000000000000000000000000000000000000000000000000000000000000
310
00000000000000000000000000000000000000000000000000000000000000000000000000000000000000000000000000000000000000000000000000000000000000000000000000000000000000000000000000000000000000000000000000000000000000000000000000000000000000000000000000000000000000
310
00000000000000000000000000000000000000000000000000000000000000000000000000000000000000000000000000000000000000000000000000000000000000000000000000000000000000000000000000000000000000000000000000000000000000000000000000000000000000000000000000000000000000
310
00000000000000000000000000000000000000000000000000000000000000000000000000000000000000000000000000000000000000000000000000000000000000000000000000000000000000000000000000000000000000000000000000000000000000000000000000000000000000000000000000000000000000
310
00000000000000000000000000000000000000000000000000000000000000000000000000000000000000000000000000000000000000000000000000000000000000000000000000000000000000000000000000000000000000000000000000000000000000000000000000000000000000000000000000000000000000
310
00000000000000000000000000000000000000000000000000000000000000000000000000000000000000000000000000000000000000000000000000000000000000000000000000000000000000000000000000000000000000000000000000000000000000000000000000000000000000000000000000000000000000
310
00000000000000000000000000000000000000000000000000000000000000000000000000000000000000000000000000000000000000000000000000000000000000000000000000000000000000000000000000000000000000000000000000000000000000000000000000000000000000000000000000000000000000
310
00000000000000000000000000000000000000000000000000000000000000000000000000000000000000000000000000000000000000000000000000000000000000000000000000000000000000000000000000000000000000000000000000000000000000000000000000000000000000000000000000000000000000
310
00000000000000000000000000000000000000000000000000000000000000000000000000000000000000000000000000000000000000000000000000000000000000000000000000000000000000000000000000000000000000000000000000000000000000000000000000000000000000000000000000000000000000
310
00000000000000000000000000000000000000000000000000000000000000000000000000000000000000000000000000000000000000000000000000000000000000000000000000000000000000000000000000000000000000000000000000000000000000000000000000000000000000000000000000000000000000
310
00000000000000000000000000000000000000000000000000000000000000000000000000000000000000000000000000000000000000000000000000000000000000000000000000000000000000000000000000000000000000000000000000000000000000000000000000000000000000000000000000000000000000
310
00000000000000000000000000000000000000000000000000000000000000000000000000000000000000000000000000000000000000000000000000000000000000000000000000000000000000000000000000000000000000000000000000000000000000000000000000000000000000000000000000000000000000
310
00000000000000000000000000000000000000000000000000000000000000000000000000000000000000000000000000000000000000000000000000000000000000000000000000000000000000000000000000000000000000000000000000000000000000000000000000000000000000000000000000000000000000
310
00000000000000000000000000000000000000000000000000000000000000000000000000000000000000000000000000000000000000000000000000000000000000000000000000000000000000000000000000000000000000000000000000000000000000000000000000000000000000000000000000000000000000
310
00000000000000000000000000000000000000000000000000000000000000000000000000000000000000000000000000000000000000000000000000000000000000000000000000000000000000000000000000000000000000000000000000000000000000000000000000000000000000000000000000000000000000
310
00000000000000000000000000000000000000000000000000000000000000000000000000000000000000000000000000000000000000000000000000000000000000000000000000000000000000000000000000000000000000000000000000000000000000000000000000000000000000000000000000000000000000
310
00000000000000000000000000000000000000000000000000000000000000000000000000000000000000000000000000000000000000000000000000000000000000000000000000000000000000000000000000000000000000000000000000000000000000000000000000000000000000000000000000000000000000
310
00000000000000000000000000000000000000000000000000000000000000000000000000000000000000000000000000000000000000000000000000000000000000000000000000000000000000000000000000000000000000000000000000000000000000000000000000000000000000000000000000000000000000
310
00000000000000000000000000000000000000000000000000000000000000000000000000000000000000000000000000000000000000000000000000000000000000000000000000000000000000000000000000000000000000000000000000000000000000000000000000000000000000000000000000000000000000
310
00000000000000000000000000000000000000000000000000000000000000000000000000000000000000000000000000000000000000000000000000000000000000000000000000000000000000000000000000000000000000000000000000000000000000000000000000000000000000000000000000000000000000
310
00000000000000000000000000000000000000000000000000000000000000000000000000000000000000000000000000000000000000000000000000000000000000000000000000000000000000000000000000000000000000000000000000000000000000000000000000000000000000000000000000000000000000
310
00000000000000000000000000000000000000000000000000000000000000000000000000000000000000000000000000000000000000000000000000000000000000000000000000000000000000000000000000000000000000000000000000000000000000000000000000000000000000000000000000000000000000
310
00000000000000000000000000000000000000000000000000000000000000000000000000000000000000000000000000000000000000000000000000000000000000000000000000000000000000000000000000000000000000000000000000000000000000000000000000000000000000000000000000000000000000
310
00000000000000000000000000000000000000000000000000000000000000000000000000000000000000000000000000000000000000000000000000000000000000000000000000000000000000000000000000000000000000000000000000000000000000000000000000000000000000000000000000000000000000
310
00000000000000000000000000000000000000000000000000000000000000000000000000000000000000000000000000000000000000000000000000000000000000000000000000000000000000000000000000000000000000000000000000000000000000000000000000000000000000000000000000000000000000
310
00000000000000000000000000000000000000000000000000000000000000000000000000000000000000000000000000000000000000000000000000000000000000000000000000000000000000000000000000000000000000000000000000000000000000000000000000000000000000000000000000000000000000
310
00000000000000000000000000000000000000000000000000000000000000000000000000000000000000000000000000000000000000000000000000000000000000000000000000000000000000000000000000000000000000000000000000000000000000000000000000000000000000000000000000000000000000
310
00000000000000000000000000000000000000000000000000000000000000000000000000000000000000000000000000000000000000000000000000000000000000000000000000000000000000000000000000000000000000000000000000000000000000000000000000000000000000000000000000000000000000
310
00000000000000000000000000000000000000000000000000000000000000000000000000000000000000000000000000000000000000000000000000000000000000000000000000000000000000000000000000000000000000000000000000000000000000000000000000000000000000000000000000000000000000
310
00000000000000000000000000000000000000000000000000000000000000000000000000000000000000000000000000000000000000000000000000000000000000000000000000000000000000000000000000000000000000000000000000000000000000000000000000000000000000000000000000000000000000
310
00000000000000000000000000000000000000000000000000000000000000000000000000000000000000000000000000000000000000000000000000000000000000000000000000000000000000000000000000000000000000000000000000000000000000000000000000000000000000000000000000000000000000
310
00000000000000000000000000000000000000000000000000000000000000000000000000000000000000000000000000000000000000000000000000000000000000000000000000000000000000000000000000000000000000000000000000000000000000000000000000000000000000000000000000000000000000
310
00000000000000000000000000000000000000000000000000000000000000000000000000000000000000000000000000000000000000000000000000000000000000000000000000000000000000000000000000000000000000000000000000000000000000000000000000000000000000000000000000000000000000
310
00000000000000000000000000000000000000000000000000000000000000000000000000000000000000000000000000000000000000000000000000000000000000000000000000000000000000000000000000000000000000000000000000000000000000000000000000000000000000000000000000000000000000
310
00000000000000000000000000000000000000000000000000000000000000000000000000000000000000000000000000000000000000000000000000000000000000000000000000000000000000000000000000000000000000000000000000000000000000000000000000000000000000000000000000000000000000
310
00000000000000000000000000000000000000000000000000000000000000000000000000000000000000000000000000000000000000000000000000000000000000000000000000000000000000000000000000000000000000000000000000000000000000000000000000000000000000000000000000000000000000
310
00000000000000000000000000000000000000000000000000000000000000000000000000000000000000000000000000000000000000000000000000000000000000000000000000000000000000000000000000000000000000000000000000000000000000000000000000000000000000000000000000000000000000
310
00000000000000000000000000000000000000000000000000000000000000000000000000000000000000000000000000000000000000000000000000000000000000000000000000000000000000000000000000000000000000000000000000000000000000000000000000000000000000000000000000000000000000
310
00000000000000000000000000000000000000000000000000000000000000000000000000000000000000000000000000000000000000000000000000000000000000000000000000000000000000000000000000000000000000000000000000000000000000000000000000000000000000000000000000000000000000
310
00000000000000000000000000000000000000000000000000000000000000000000000000000000000000000000000000000000000000000000000000000000000000000000000000000000000000000000000000000000000000000000000000000000000000000000000000000000000000000000000000000000000000
310
00000000000000000000000000000000000000000000000000000000000000000000000000000000000000000000000000000000000000000000000000000000000000000000000000000000000000000000000000000000000000000000000000000000000000000000000000000000000000000000000000000000000000
310
00000000000000000000000000000000000000000000000000000000000000000000000000000000000000000000000000000000000000000000000000000000000000000000000000000000000000000000000000000000000000000000000000000000000000000000000000000000000000000000000000000000000000
310
00000000000000000000000000000000000000000000000000000000000000000000000000000000000000000000000000000000000000000000000000000000000000000000000000000000000000000000000000000000000000000000000000000000000000000000000000000000000000000000000000000000000000
310
00000000000000000000000000000000000000000000000000000000000000000000000000000000000000000000000000000000000000000000000000000000000000000000000000000000000000000000000000000000000000000000000000000000000000000000000000000000000000000000000000000000000000
310
00000000000000000000000000000000000000000000000000000000000000000000000000000000000000000000000000000000000000000000000000000000000000000000000000000000000000000000000000000000000000000000000000000000000000000000000000000000000000000000000000000000000000
310
00000000000000000000000000000000000000000000000000000000000000000000000000000000000000000000000000000000000000000000000000000000000000000000000000000000000000000000000000000000000000000000000000000000000000000000000000000000000000000000000000000000000000
310
00000000000000000000000000000000000000000000000000000000000000000000000000000000000000000000000000000000000000000000000000000000000000000000000000000000000000000000000000000000000000000000000000000000000000000000000000000000000000000000000000000000000000
310
00000000000000000000000000000000000000000000000000000000000000000000000000000000000000000000000000000000000000000000000000000000000000000000000000000000000000000000000000000000000000000000000000000000000000000000000000000000000000000000000000000000000000
310
00000000000000000000000000000000000000000000000000000000000000000000000000000000000000000000000000000000000000000000000000000000000000000000000000000000000000000000000000000000000000000000000000000000000000000000000000000000000000000000000000000000000000
310
00000000000000000000000000000000000000000000000000000000000000000000000000000000000000000000000000000000000000000000000000000000000000000000000000000000000000000000000000000000000000000000000000000000000000000000000000000000000000000000000000000000000000
310
00000000000000000000000000000000000000000000000000000000000000000000000000000000000000000000000000000000000000000000000000000000000000000000000000000000000000000000000000000000000000000000000000000000000000000000000000000000000000000000000000000000000000
310
00000000000000000000000000000000000000000000000000000000000000000000000000000000000000000000000000000000000000000000000000000000000000000000000000000000000000000000000000000000000000000000000000000000000000000000000000000000000000000000000000000000000000
310
00000000000000000000000000000000000000000000000000000000000000000000000000000000000000000000000000000000000000000000000000000000000000000000000000000000000000000000000000000000000000000000000000000000000000000000000000000000000000000000000000000000000000
310
00000000000000000000000000000000000000000000000000000000000000000000000000000000000000000000000000000000000000000000000000000000000000000000000000000000000000000000000000000000000000000000000000000000000000000000000000000000000000000000000000000000000000
310
00000000000000000000000000000000000000000000000000000000000000000000000000000000000000000000000000000000000000000000000000000000000000000000000000000000000000000000000000000000000000000000000000000000000000000000000000000000000000000000000000000000000000
310
00000000000000000000000000000000000000000000000000000000000000000000000000000000000000000000000000000000000000000000000000000000000000000000000000000000000000000000000000000000000000000000000000000000000000000000000000000000000000000000000000000000000000
310
00000000000000000000000000000000000000000000000000000000000000000000000000000000000000000000000000000000000000000000000000000000000000000000000000000000000000000000000000000000000000000000000000000000000000000000000000000000000000000000000000000000000000
310
00000000000000000000000000000000000000000000000000000000000000000000000000000000000000000000000000000000000000000000000000000000000000000000000000000000000000000000000000000000000000000000000000000000000000000000000000000000000000000000000000000000000000
310
00000000000000000000000000000000000000000000000000000000000000000000000000000000000000000000000000000000000000000000000000000000000000000000000000000000000000000000000000000000000000000000000000000000000000000000000000000000000000000000000000000000000000
310
00000000000000000000000000000000000000000000000000000000000000000000000000000000000000000000000000000000000000000000000000000000000000000000000000000000000000000000000000000000000000000000000000000000000000000000000000000000000000000000000000000000000000
310
00000000000000000000000000000000000000000000000000000000000000000000000000000000000000000000000000000000000000000000000000000000000000000000000000000000000000000000000000000000000000000000000000000000000000000000000000000000000000000000000000000000000000
310
00000000000000000000000000000000000000000000000000000000000000000000000000000000000000000000000000000000000000000000000000000000000000000000000000000000000000000000000000000000000000000000000000000000000000000000000000000000000000000000000000000000000000
310
00000000000000000000000000000000000000000000000000000000000000000000000000000000000000000000000000000000000000000000000000000000000000000000000000000000000000000000000000000000000000000000000000000000000000000000000000000000000000000000000000000000000000
310
00000000000000000000000000000000000000000000000000000000000000000000000000000000000000000000000000000000000000000000000000000000000000000000000000000000000000000000000000000000000000000000000000000000000000000000000000000000000000000000000000000000000000
310
00000000000000000000000000000000000000000000000000000000000000000000000000000000000000000000000000000000000000000000000000000000000000000000000000000000000000000000000000000000000000000000000000000000000000000000000000000000000000000000000000000000000000
310
00000000000000000000000000000000000000000000000000000000000000000000000000000000000000000000000000000000000000000000000000000000000000000000000000000000000000000000000000000000000000000000000000000000000000000000000000000000000000000000000000000000000000
310
00000000000000000000000000000000000000000000000000000000000000000000000000000000000000000000000000000000000000000000000000000000000000000000000000000000000000000000000000000000000000000000000000000000000000000000000000000000000000000000000000000000000000
310
00000000000000000000000000000000000000000000000000000000000000000000000000000000000000000000000000000000000000000000000000000000000000000000000000000000000000000000000000000000000000000000000000000000000000000000000000000000000000000000000000000000000000
310
00000000000000000000000000000000000000000000000000000000000000000000000000000000000000000000000000000000000000000000000000000000000000000000000000000000000000000000000000000000000000000000000000000000000000000000000000000000000000000000000000000000000000
310
00000000000000000000000000000000000000000000000000000000000000000000000000000000000000000000000000000000000000000000000000000000000000000000000000000000000000000000000000000000000000000000000000000000000000000000000000000000000000000000000000000000000000
310
00000000000000000000000000000000000000000000000000000000000000000000000000000000000000000000000000000000000000000000000000000000000000000000000000000000000000000000000000000000000000000000000000000000000000000000000000000000000000000000000000000000000000
310
00000000000000000000000000000000000000000000000000000000000000000000000000000000000000000000000000000000000000000000000000000000000000000000000000000000000000000000000000000000000000000000000000000000000000000000000000000000000000000000000000000000000000
310
00000000000000000000000000000000000000000000000000000000000000000000000000000000000000000000000000000000000000000000000000000000000000000000000000000000000000000000000000000000000000000000000000000000000000000000000000000000000000000000000000000000000000
310
00000000000000000000000000000000000000000000000000000000000000000000000000000000000000000000000000000000000000000000000000000000000000000000000000000000000000000000000000000000000000000000000000000000000000000000000000000000000000000000000000000000000000
310
00000000000000000000000000000000000000000000000000000000000000000000000000000000000000000000000000000000000000000000000000000000000000000000000000000000000000000000000000000000000000000000000000000000000000000000000000000000000000000000000000000000000000
310
00000000000000000000000000000000000000000000000000000000000000000000000000000000000000000000000000000000000000000000000000000000000000000000000000000000000000000000000000000000000000000000000000000000000000000000000000000000000000000000000000000000000000
310
00000000000000000000000000000000000000000000000000000000000000000000000000000000000000000000000000000000000000000000000000000000000000000000000000000000000000000000000000000000000000000000000000000000000000000000000000000000000000000000000000000000000000
310
00000000000000000000000000000000000000000000000000000000000000000000000000000000000000000000000000000000000000000000000000000000000000000000000000000000000000000000000000000000000000000000000000000000000000000000000000000000000000000000000000000000000000
310
00000000000000000000000000000000000000000000000000000000000000000000000000000000000000000000000000000000000000000000000000000000000000000000000000000000000000000000000000000000000000000000000000000000000000000000000000000000000000000000000000000000000000
310
00000000000000000000000000000000000000000000000000000000000000000000000000000000000000000000000000000000000000000000000000000000000000000000000000000000000000000000000000000000000000000000000000000000000000000000000000000000000000000000000000000000000000
310
00000000000000000000000000000000000000000000000000000000000000000000000000000000000000000000000000000000000000000000000000000000000000000000000000000000000000000000000000000000000000000000000000000000000000000000000000000000000000000000000000000000000000
310
00000000000000000000000000000000000000000000000000000000000000000000000000000000000000000000000000000000000000000000000000000000000000000000000000000000000000000000000000000000000000000000000000000000000000000000000000000000000000000000000000000000000000
310
00000000000000000000000000000000000000000000000000000000000000000000000000000000000000000000000000000000000000000000000000000000000000000000000000000000000000000000000000000000000000000000000000000000000000000000000000000000000000000000000000000000000000
310
00000000000000000000000000000000000000000000000000000000000000000000000000000000000000000000000000000000000000000000000000000000000000000000000000000000000000000000000000000000000000000000000000000000000000000000000000000000000000000000000000000000000000
310
00000000000000000000000000000000000000000000000000000000000000000000000000000000000000000000000000000000000000000000000000000000000000000000000000000000000000000000000000000000000000000000000000000000000000000000000000000000000000000000000000000000000000
310
00000000000000000000000000000000000000000000000000000000000000000000000000000000000000000000000000000000000000000000000000000000000000000000000000000000000000000000000000000000000000000000000000000000000000000000000000000000000000000000000000000000000000
310
00000000000000000000000000000000000000000000000000000000000000000000000000000000000000000000000000000000000000000000000000000000000000000000000000000000000000000000000000000000000000000000000000000000000000000000000000000000000000000000000000000000000000
310
00000000000000000000000000000000000000000000000000000000000000000000000000000000000000000000000000000000000000000000000000000000000000000000000000000000000000000000000000000000000000000000000000000000000000000000000000000000000000000000000000000000000000
310
00000000000000000000000000000000000000000000000000000000000000000000000000000000000000000000000000000000000000000000000000000000000000000000000000000000000000000000000000000000000000000000000000000000000000000000000000000000000000000000000000000000000000
310
00000000000000000000000000000000000000000000000000000000000000000000000000000000000000000000000000000000000000000000000000000000000000000000000000000000000000000000000000000000000000000000000000000000000000000000000000000000000000000000000000000000000000
310
00000000000000000000000000000000000000000000000000000000000000000000000000000000000000000000000000000000000000000000000000000000000000000000000000000000000000000000000000000000000000000000000000000000000000000000000000000000000000000000000000000000000000
310
00000000000000000000000000000000000000000000000000000000000000000000000000000000000000000000000000000000000000000000000000000000000000000000000000000000000000000000000000000000000000000000000000000000000000000000000000000000000000000000000000000000000000
310
00000000000000000000000000000000000000000000000000000000000000000000000000000000000000000000000000000000000000000000000000000000000000000000000000000000000000000000000000000000000000000000000000000000000000000000000000000000000000000000000000000000000000
310
00000000000000000000000000000000000000000000000000000000000000000000000000000000000000000000000000000000000000000000000000000000000000000000000000000000000000000000000000000000000000000000000000000000000000000000000000000000000000000000000000000000000000
310
00000000000000000000000000000000000000000000000000000000000000000000000000000000000000000000000000000000000000000000000000000000000000000000000000000000000000000000000000000000000000000000000000000000000000000000000000000000000000000000000000000000000000
310
00000000000000000000000000000000000000000000000000000000000000000000000000000000000000000000000000000000000000000000000000000000000000000000000000000000000000000000000000000000000000000000000000000000000000000000000000000000000000000000000000000000000000
310
00000000000000000000000000000000000000000000000000000000000000000000000000000000000000000000000000000000000000000000000000000000000000000000000000000000000000000000000000000000000000000000000000000000000000000000000000000000000000000000000000000000000000
310
00000000000000000000000000000000000000000000000000000000000000000000000000000000000000000000000000000000000000000000000000000000000000000000000000000000000000000000000000000000000000000000000000000000000000000000000000000000000000000000000000000000000000
310
00000000000000000000000000000000000000000000000000000000000000000000000000000000000000000000000000000000000000000000000000000000000000000000000000000000000000000000000000000000000000000000000000000000000000000000000000000000000000000000000000000000000000
310
00000000000000000000000000000000000000000000000000000000000000000000000000000000000000000000000000000000000000000000000000000000000000000000000000000000000000000000000000000000000000000000000000000000000000000000000000000000000000000000000000000000000000
310
00000000000000000000000000000000000000000000000000000000000000000000000000000000000000000000000000000000000000000000000000000000000000000000000000000000000000000000000000000000000000000000000000000000000000000000000000000000000000000000000000000000000000
310
00000000000000000000000000000000000000000000000000000000000000000000000000000000000000000000000000000000000000000000000000000000000000000000000000000000000000000000000000000000000000000000000000000000000000000000000000000000000000000000000000000000000000
310
00000000000000000000000000000000000000000000000000000000000000000000000000000000000000000000000000000000000000000000000000000000000000000000000000000000000000000000000000000000000000000000000000000000000000000000000000000000000000000000000000000000000000
310
00000000000000000000000000000000000000000000000000000000000000000000000000000000000000000000000000000000000000000000000000000000000000000000000000000000000000000000000000000000000000000000000000000000000000000000000000000000000000000000000000000000000000
310
00000000000000000000000000000000000000000000000000000000000000000000000000000000000000000000000000000000000000000000000000000000000000000000000000000000000000000000000000000000000000000000000000000000000000000000000000000000000000000000000000000000000000
310
00000000000000000000000000000000000000000000000000000000000000000000000000000000000000000000000000000000000000000000000000000000000000000000000000000000000000000000000000000000000000000000000000000000000000000000000000000000000000000000000000000000000000
310
00000000000000000000000000000000000000000000000000000000000000000000000000000000000000000000000000000000000000000000000000000000000000000000000000000000000000000000000000000000000000000000000000000000000000000000000000000000000000000000000000000000000000
310
00000000000000000000000000000000000000000000000000000000000000000000000000000000000000000000000000000000000000000000000000000000000000000000000000000000000000000000000000000000000000000000000000000000000000000000000000000000000000000000000000000000000000
310
00000000000000000000000000000000000000000000000000000000000000000000000000000000000000000000000000000000000000000000000000000000000000000000000000000000000000000000000000000000000000000000000000000000000000000000000000000000000000000000000000000000000000
310
00000000000000000000000000000000000000000000000000000000000000000000000000000000000000000000000000000000000000000000000000000000000000000000000000000000000000000000000000000000000000000000000000000000000000000000000000000000000000000000000000000000000000
310
00000000000000000000000000000000000000000000000000000000000000000000000000000000000000000000000000000000000000000000000000000000000000000000000000000000000000000000000000000000000000000000000000000000000000000000000000000000000000000000000000000000000000
310
00000000000000000000000000000000000000000000000000000000000000000000000000000000000000000000000000000000000000000000000000000000000000000000000000000000000000000000000000000000000000000000000000000000000000000000000000000000000000000000000000000000000000
310
00000000000000000000000000000000000000000000000000000000000000000000000000000000000000000000000000000000000000000000000000000000000000000000000000000000000000000000000000000000000000000000000000000000000000000000000000000000000000000000000000000000000000
310
00000000000000000000000000000000000000000000000000000000000000000000000000000000000000000000000000000000000000000000000000000000000000000000000000000000000000000000000000000000000000000000000000000000000000000000000000000000000000000000000000000000000000
310
00000000000000000000000000000000000000000000000000000000000000000000000000000000000000000000000000000000000000000000000000000000000000000000000000000000000000000000000000000000000000000000000000000000000000000000000000000000000000000000000000000000000000
310
00000000000000000000000000000000000000000000000000000000000000000000000000000000000000000000000000000000000000000000000000000000000000000000000000000000000000000000000000000000000000000000000000000000000000000000000000000000000000000000000000000000000000
310
00000000000000000000000000000000000000000000000000000000000000000000000000000000000000000000000000000000000000000000000000000000000000000000000000000000000000000000000000000000000000000000000000000000000000000000000000000000000000000000000000000000000000
310
00000000000000000000000000000000000000000000000000000000000000000000000000000000000000000000000000000000000000000000000000000000000000000000000000000000000000000000000000000000000000000000000000000000000000000000000000000000000000000000000000000000000000
310
00000000000000000000000000000000000000000000000000000000000000000000000000000000000000000000000000000000000000000000000000000000000000000000000000000000000000000000000000000000000000000000000000000000000000000000000000000000000000000000000000000000000000
310
00000000000000000000000000000000000000000000000000000000000000000000000000000000000000000000000000000000000000000000000000000000000000000000000000000000000000000000000000000000000000000000000000000000000000000000000000000000000000000000000000000000000000
310
00000000000000000000000000000000000000000000000000000000000000000000000000000000000000000000000000000000000000000000000000000000000000000000000000000000000000000000000000000000000000000000000000000000000000000000000000000000000000000000000000000000000000
310
00000000000000000000000000000000000000000000000000000000000000000000000000000000000000000000000000000000000000000000000000000000000000000000000000000000000000000000000000000000000000000000000000000000000000000000000000000000000000000000000000000000000000
310
00000000000000000000000000000000000000000000000000000000000000000000000000000000000000000000000000000000000000000000000000000000000000000000000000000000000000000000000000000000000000000000000000000000000000000000000000000000000000000000000000000000000000
310
00000000000000000000000000000000000000000000000000000000000000000000000000000000000000000000000000000000000000000000000000000000000000000000000000000000000000000000000000000000000000000000000000000000000000000000000000000000000000000000000000000000000000
310
00000000000000000000000000000000000000000000000000000000000000000000000000000000000000000000000000000000000000000000000000000000000000000000000000000000000000000000000000000000000000000000000000000000000000000000000000000000000000000000000000000000000000
310
00000000000000000000000000000000000000000000000000000000000000000000000000000000000000000000000000000000000000000000000000000000000000000000000000000000000000000000000000000000000000000000000000000000000000000000000000000000000000000000000000000000000000
310
00000000000000000000000000000000000000000000000000000000000000000000000000000000000000000000000000000000000000000000000000000000000000000000000000000000000000000000000000000000000000000000000000000000000000000000000000000000000000000000000000000000000000
310
00000000000000000000000000000000000000000000000000000000000000000000000000000000000000000000000000000000000000000000000000000000000000000000000000000000000000000000000000000000000000000000000000000000000000000000000000000000000000000000000000000000000000
310
00000000000000000000000000000000000000000000000000000000000000000000000000000000000000000000000000000000000000000000000000000000000000000000000000000000000000000000000000000000000000000000000000000000000000000000000000000000000000000000000000000000000000
310
00000000000000000000000000000000000000000000000000000000000000000000000000000000000000000000000000000000000000000000000000000000000000000000000000000000000000000000000000000000000000000000000000000000000000000000000000000000000000000000000000000000000000
310
00000000000000000000000000000000000000000000000000000000000000000000000000000000000000000000000000000000000000000000000000000000000000000000000000000000000000000000000000000000000000000000000000000000000000000000000000000000000000000000000000000000000000
310
00000000000000000000000000000000000000000000000000000000000000000000000000000000000000000000000000000000000000000000000000000000000000000000000000000000000000000000000000000000000000000000000000000000000000000000000000000000000000000000000000000000000000
310
00000000000000000000000000000000000000000000000000000000000000000000000000000000000000000000000000000000000000000000000000000000000000000000000000000000000000000000000000000000000000000000000000000000000000000000000000000000000000000000000000000000000000
310
00000000000000000000000000000000000000000000000000000000000000000000000000000000000000000000000000000000000000000000000000000000000000000000000000000000000000000000000000000000000000000000000000000000000000000000000000000000000000000000000000000000000000
310
00000000000000000000000000000000000000000000000000000000000000000000000000000000000000000000000000000000000000000000000000000000000000000000000000000000000000000000000000000000000000000000000000000000000000000000000000000000000000000000000000000000000000
310
00000000000000000000000000000000000000000000000000000000000000000000000000000000000000000000000000000000000000000000000000000000000000000000000000000000000000000000000000000000000000000000000000000000000000000000000000000000000000000000000000000000000000
310
00000000000000000000000000000000000000000000000000000000000000000000000000000000000000000000000000000000000000000000000000000000000000000000000000000000000000000000000000000000000000000000000000000000000000000000000000000000000000000000000000000000000000
310
00000000000000000000000000000000000000000000000000000000000000000000000000000000000000000000000000000000000000000000000000000000000000000000000000000000000000000000000000000000000000000000000000000000000000000000000000000000000000000000000000000000000000
310
00000000000000000000000000000000000000000000000000000000000000000000000000000000000000000000000000000000000000000000000000000000000000000000000000000000000000000000000000000000000000000000000000000000000000000000000000000000000000000000000000000000000000
310
00000000000000000000000000000000000000000000000000000000000000000000000000000000000000000000000000000000000000000000000000000000000000000000000000000000000000000000000000000000000000000000000000000000000000000000000000000000000000000000000000000000000000
310
00000000000000000000000000000000000000000000000000000000000000000000000000000000000000000000000000000000000000000000000000000000000000000000000000000000000000000000000000000000000000000000000000000000000000000000000000000000000000000000000000000000000000
310
00000000000000000000000000000000000000000000000000000000000000000000000000000000000000000000000000000000000000000000000000000000000000000000000000000000000000000000000000000000000000000000000000000000000000000000000000000000000000000000000000000000000000
310
00000000000000000000000000000000000000000000000000000000000000000000000000000000000000000000000000000000000000000000000000000000000000000000000000000000000000000000000000000000000000000000000000000000000000000000000000000000000000000000000000000000000000
310
00000000000000000000000000000000000000000000000000000000000000000000000000000000000000000000000000000000000000000000000000000000000000000000000000000000000000000000000000000000000000000000000000000000000000000000000000000000000000000000000000000000000000
310
00000000000000000000000000000000000000000000000000000000000000000000000000000000000000000000000000000000000000000000000000000000000000000000000000000000000000000000000000000000000000000000000000000000000000000000000000000000000000000000000000000000000000
310
00000000000000000000000000000000000000000000000000000000000000000000000000000000000000000000000000000000000000000000000000000000000000000000000000000000000000000000000000000000000000000000000000000000000000000000000000000000000000000000000000000000000000
310
00000000000000000000000000000000000000000000000000000000000000000000000000000000000000000000000000000000000000000000000000000000000000000000000000000000000000000000000000000000000000000000000000000000000000000000000000000000000000000000000000000000000000
310
00000000000000000000000000000000000000000000000000000000000000000000000000000000000000000000000000000000000000000000000000000000000000000000000000000000000000000000000000000000000000000000000000000000000000000000000000000000000000000000000000000000000000
310
00000000000000000000000000000000000000000000000000000000000000000000000000000000000000000000000000000000000000000000000000000000000000000000000000000000000000000000000000000000000000000000000000000000000000000000000000000000000000000000000000000000000000
310
00000000000000000000000000000000000000000000000000000000000000000000000000000000000000000000000000000000000000000000000000000000000000000000000000000000000000000000000000000000000000000000000000000000000000000000000000000000000000000000000000000000000000
310
00000000000000000000000000000000000000000000000000000000000000000000000000000000000000000000000000000000000000000000000000000000000000000000000000000000000000000000000000000000000000000000000000000000000000000000000000000000000000000000000000000000000000
310
00000000000000000000000000000000000000000000000000000000000000000000000000000000000000000000000000000000000000000000000000000000000000000000000000000000000000000000000000000000000000000000000000000000000000000000000000000000000000000000000000000000000000
310
00000000000000000000000000000000000000000000000000000000000000000000000000000000000000000000000000000000000000000000000000000000000000000000000000000000000000000000000000000000000000000000000000000000000000000000000000000000000000000000000000000000000000
310
00000000000000000000000000000000000000000000000000000000000000000000000000000000000000000000000000000000000000000000000000000000000000000000000000000000000000000000000000000000000000000000000000000000000000000000000000000000000000000000000000000000000000
310
00000000000000000000000000000000000000000000000000000000000000000000000000000000000000000000000000000000000000000000000000000000000000000000000000000000000000000000000000000000000000000000000000000000000000000000000000000000000000000000000000000000000000
310
00000000000000000000000000000000000000000000000000000000000000000000000000000000000000000000000000000000000000000000000000000000000000000000000000000000000000000000000000000000000000000000000000000000000000000000000000000000000000000000000000000000000000
310
00000000000000000000000000000000000000000000000000000000000000000000000000000000000000000000000000000000000000000000000000000000000000000000000000000000000000000000000000000000000000000000000000000000000000000000000000000000000000000000000000000000000000
310
00000000000000000000000000000000000000000000000000000000000000000000000000000000000000000000000000000000000000000000000000000000000000000000000000000000000000000000000000000000000000000000000000000000000000000000000000000000000000000000000000000000000000
310
00000000000000000000000000000000000000000000000000000000000000000000000000000000000000000000000000000000000000000000000000000000000000000000000000000000000000000000000000000000000000000000000000000000000000000000000000000000000000000000000000000000000000
310
00000000000000000000000000000000000000000000000000000000000000000000000000000000000000000000000000000000000000000000000000000000000000000000000000000000000000000000000000000000000000000000000000000000000000000000000000000000000000000000000000000000000000
310
00000000000000000000000000000000000000000000000000000000000000000000000000000000000000000000000000000000000000000000000000000000000000000000000000000000000000000000000000000000000000000000000000000000000000000000000000000000000000000000000000000000000000
310
00000000000000000000000000000000000000000000000000000000000000000000000000000000000000000000000000000000000000000000000000000000000000000000000000000000000000000000000000000000000000000000000000000000000000000000000000000000000000000000000000000000000000
310
00000000000000000000000000000000000000000000000000000000000000000000000000000000000000000000000000000000000000000000000000000000000000000000000000000000000000000000000000000000000000000000000000000000000000000000000000000000000000000000000000000000000000
310
00000000000000000000000000000000000000000000000000000000000000000000000000000000000000000000000000000000000000000000000000000000000000000000000000000000000000000000000000000000000000000000000000000000000000000000000000000000000000000000000000000000000000
310
00000000000000000000000000000000000000000000000000000000000000000000000000000000000000000000000000000000000000000000000000000000000000000000000000000000000000000000000000000000000000000000000000000000000000000000000000000000000000000000000000000000000000
310
00000000000000000000000000000000000000000000000000000000000000000000000000000000000000000000000000000000000000000000000000000000000000000000000000000000000000000000000000000000000000000000000000000000000000000000000000000000000000000000000000000000000000
310
00000000000000000000000000000000000000000000000000000000000000000000000000000000000000000000000000000000000000000000000000000000000000000000000000000000000000000000000000000000000000000000000000000000000000000000000000000000000000000000000000000000000000
310
00000000000000000000000000000000000000000000000000000000000000000000000000000000000000000000000000000000000000000000000000000000000000000000000000000000000000000000000000000000000000000000000000000000000000000000000000000000000000000000000000000000000000
310
00000000000000000000000000000000000000000000000000000000000000000000000000000000000000000000000000000000000000000000000000000000000000000000000000000000000000000000000000000000000000000000000000000000000000000000000000000000000000000000000000000000000000
310
00000000000000000000000000000000000000000000000000000000000000000000000000000000000000000000000000000000000000000000000000000000000000000000000000000000000000000000000000000000000000000000000000000000000000000000000000000000000000000000000000000000000000
310
00000000000000000000000000000000000000000000000000000000000000000000000000000000000000000000000000000000000000000000000000000000000000000000000000000000000000000000000000000000000000000000000000000000000000000000000000000000000000000000000000000000000000
310
00000000000000000000000000000000000000000000000000000000000000000000000000000000000000000000000000000000000000000000000000000000000000000000000000000000000000000000000000000000000000000000000000000000000000000000000000000000000000000000000000000000000000
310
00000000000000000000000000000000000000000000000000000000000000000000000000000000000000000000000000000000000000000000000000000000000000000000000000000000000000000000000000000000000000000000000000000000000000000000000000000000000000000000000000000000000000
310
00000000000000000000000000000000000000000000000000000000000000000000000000000000000000000000000000000000000000000000000000000000000000000000000000000000000000000000000000000000000000000000000000000000000000000000000000000000000000000000000000000000000000
310
00000000000000000000000000000000000000000000000000000000000000000000000000000000000000000000000000000000000000000000000000000000000000000000000000000000000000000000000000000000000000000000000000000000000000000000000000000000000000000000000000000000000000
310
00000000000000000000000000000000000000000000000000000000000000000000000000000000000000000000000000000000000000000000000000000000000000000000000000000000000000000000000000000000000000000000000000000000000000000000000000000000000000000000000000000000000000
310
00000000000000000000000000000000000000000000000000000000000000000000000000000000000000000000000000000000000000000000000000000000000000000000000000000000000000000000000000000000000000000000000000000000000000000000000000000000000000000000000000000000000000
310
00000000000000000000000000000000000000000000000000000000000000000000000000000000000000000000000000000000000000000000000000000000000000000000000000000000000000000000000000000000000000000000000000000000000000000000000000000000000000000000000000000000000000
310
00000000000000000000000000000000000000000000000000000000000000000000000000000000000000000000000000000000000000000000000000000000000000000000000000000000000000000000000000000000000000000000000000000000000000000000000000000000000000000000000000000000000000
310
00000000000000000000000000000000000000000000000000000000000000000000000000000000000000000000000000000000000000000000000000000000000000000000000000000000000000000000000000000000000000000000000000000000000000000000000000000000000000000000000000000000000000
310
00000000000000000000000000000000000000000000000000000000000000000000000000000000000000000000000000000000000000000000000000000000000000000000000000000000000000000000000000000000000000000000000000000000000000000000000000000000000000000000000000000000000000
310
00000000000000000000000000000000000000000000000000000000000000000000000000000000000000000000000000000000000000000000000000000000000000000000000000000000000000000000000000000000000000000000000000000000000000000000000000000000000000000000000000000000000000
310
00000000000000000000000000000000000000000000000000000000000000000000000000000000000000000000000000000000000000000000000000000000000000000000000000000000000000000000000000000000000000000000000000000000000000000000000000000000000000000000000000000000000000
310
00000000000000000000000000000000000000000000000000000000000000000000000000000000000000000000000000000000000000000000000000000000000000000000000000000000000000000000000000000000000000000000000000000000000000000000000000000000000000000000000000000000000000
310
00000000000000000000000000000000000000000000000000000000000000000000000000000000000000000000000000000000000000000000000000000000000000000000000000000000000000000000000000000000000000000000000000000000000000000000000000000000000000000000000000000000000000
310
00000000000000000000000000000000000000000000000000000000000000000000000000000000000000000000000000000000000000000000000000000000000000000000000000000000000000000000000000000000000000000000000000000000000000000000000000000000000000000000000000000000000000
310
00000000000000000000000000000000000000000000000000000000000000000000000000000000000000000000000000000000000000000000000000000000000000000000000000000000000000000000000000000000000000000000000000000000000000000000000000000000000000000000000000000000000000
310
00000000000000000000000000000000000000000000000000000000000000000000000000000000000000000000000000000000000000000000000000000000000000000000000000000000000000000000000000000000000000000000000000000000000000000000000000000000000000000000000000000000000000
310
00000000000000000000000000000000000000000000000000000000000000000000000000000000000000000000000000000000000000000000000000000000000000000000000000000000000000000000000000000000000000000000000000000000000000000000000000000000000000000000000000000000000000
310
00000000000000000000000000000000000000000000000000000000000000000000000000000000000000000000000000000000000000000000000000000000000000000000000000000000000000000000000000000000000000000000000000000000000000000000000000000000000000000000000000000000000000
310
00000000000000000000000000000000000000000000000000000000000000000000000000000000000000000000000000000000000000000000000000000000000000000000000000000000000000000000000000000000000000000000000000000000000000000000000000000000000000000000000000000000000000
310
00000000000000000000000000000000000000000000000000000000000000000000000000000000000000000000000000000000000000000000000000000000000000000000000000000000000000000000000000000000000000000000000000000000000000000000000000000000000000000000000000000000000000
310
00000000000000000000000000000000000000000000000000000000000000000000000000000000000000000000000000000000000000000000000000000000000000000000000000000000000000000000000000000000000000000000000000000000000000000000000000000000000000000000000000000000000000
310
00000000000000000000000000000000000000000000000000000000000000000000000000000000000000000000000000000000000000000000000000000000000000000000000000000000000000000000000000000000000000000000000000000000000000000000000000000000000000000000000000000000000000
310
00000000000000000000000000000000000000000000000000000000000000000000000000000000000000000000000000000000000000000000000000000000000000000000000000000000000000000000000000000000000000000000000000000000000000000000000000000000000000000000000000000000000000
310
00000000000000000000000000000000000000000000000000000000000000000000000000000000000000000000000000000000000000000000000000000000000000000000000000000000000000000000000000000000000000000000000000000000000000000000000000000000000000000000000000000000000000
310
00000000000000000000000000000000000000000000000000000000000000000000000000000000000000000000000000000000000000000000000000000000000000000000000000000000000000000000000000000000000000000000000000000000000000000000000000000000000000000000000000000000000000
310
00000000000000000000000000000000000000000000000000000000000000000000000000000000000000000000000000000000000000000000000000000000000000000000000000000000000000000000000000000000000000000000000000000000000000000000000000000000000000000000000000000000000000
310
00000000000000000000000000000000000000000000000000000000000000000000000000000000000000000000000000000000000000000000000000000000000000000000000000000000000000000000000000000000000000000000000000000000000000000000000000000000000000000000000000000000000000
310
00000000000000000000000000000000000000000000000000000000000000000000000000000000000000000000000000000000000000000000000000000000000000000000000000000000000000000000000000000000000000000000000000000000000000000000000000000000000000000000000000000000000000
310
00000000000000000000000000000000000000000000000000000000000000000000000000000000000000000000000000000000000000000000000000000000000000000000000000000000000000000000000000000000000000000000000000000000000000000000000000000000000000000000000000000000000000
310
00000000000000000000000000000000000000000000000000000000000000000000000000000000000000000000000000000000000000000000000000000000000000000000000000000000000000000000000000000000000000000000000000000000000000000000000000000000000000000000000000000000000000
310
00000000000000000000000000000000000000000000000000000000000000000000000000000000000000000000000000000000000000000000000000000000000000000000000000000000000000000000000000000000000000000000000000000000000000000000000000000000000000000000000000000000000000
310
00000000000000000000000000000000000000000000000000000000000000000000000000000000000000000000000000000000000000000000000000000000000000000000000000000000000000000000000000000000000000000000000000000000000000000000000000000000000000000000000000000000000000
310
00000000000000000000000000000000000000000000000000000000000000000000000000000000000000000000000000000000000000000000000000000000000000000000000000000000000000000000000000000000000000000000000000000000000000000000000000000000000000000000000000000000000000
310
00000000000000000000000000000000000000000000000000000000000000000000000000000000000000000000000000000000000000000000000000000000000000000000000000000000000000000000000000000000000000000000000000000000000000000000000000000000000000000000000000000000000000
310
00000000000000000000000000000000000000000000000000000000000000000000000000000000000000000000000000000000000000000000000000000000000000000000000000000000000000000000000000000000000000000000000000000000000000000000000000000000000000000000000000000000000000
310
00000000000000000000000000000000000000000000000000000000000000000000000000000000000000000000000000000000000000000000000000000000000000000000000000000000000000000000000000000000000000000000000000000000000000000000000000000000000000000000000000000000000000
310
00000000000000000000000000000000000000000000000000000000000000000000000000000000000000000000000000000000000000000000000000000000000000000000000000000000000000000000000000000000000000000000000000000000000000000000000000000000000000000000000000000000000000
310
00000000000000000000000000000000000000000000000000000000000000000000000000000000000000000000000000000000000000000000000000000000
  0
ENDSEC
  0
EOF
